#    L    TT             EE             BB             TE             PP             TP             EP          
     2   0.101616E+04   0.308803E-01   0.000000E+00   0.262115E+01   0.501364E-07   0.298742E-02  -0.122364E-04
     3   0.962787E+03   0.396865E-01   0.000000E+00   0.293985E+01   0.609959E-07   0.298650E-02  -0.131247E-04
     4   0.911426E+03   0.344905E-01   0.000000E+00   0.275836E+01   0.702610E-07   0.291149E-02  -0.111104E-04
     5   0.873146E+03   0.230856E-01   0.000000E+00   0.235028E+01   0.782940E-07   0.280979E-02  -0.757236E-05
     6   0.847087E+03   0.129389E-01   0.000000E+00   0.189413E+01   0.853041E-07   0.270151E-02  -0.368102E-05
     7   0.830608E+03   0.698343E-02   0.000000E+00   0.148886E+01   0.914756E-07   0.259620E-02  -0.330323E-06
     8   0.820793E+03   0.447957E-02   0.000000E+00   0.117791E+01   0.969364E-07   0.249403E-02   0.191032E-05
     9   0.816290E+03   0.357586E-02   0.000000E+00   0.966728E+00   0.101796E-06   0.239369E-02   0.283595E-05
    10   0.815662E+03   0.304119E-02   0.000000E+00   0.847346E+00   0.106125E-06   0.229711E-02   0.262370E-05
    11   0.817529E+03   0.255578E-02   0.000000E+00   0.802398E+00   0.110016E-06   0.220860E-02   0.171662E-05
    12   0.822624E+03   0.223083E-02   0.000000E+00   0.812916E+00   0.113472E-06   0.212721E-02   0.583535E-06
    13   0.829048E+03   0.214009E-02   0.000000E+00   0.855288E+00   0.116597E-06   0.205553E-02  -0.445346E-06
    14   0.836635E+03   0.222317E-02   0.000000E+00   0.908446E+00   0.119379E-06   0.198629E-02  -0.117805E-05
    15   0.844338E+03   0.239875E-02   0.000000E+00   0.964856E+00   0.121892E-06   0.191996E-02  -0.148939E-05
    16   0.853938E+03   0.264690E-02   0.000000E+00   0.102604E+01   0.124141E-06   0.185387E-02  -0.131647E-05
    17   0.865282E+03   0.301021E-02   0.000000E+00   0.108948E+01   0.126151E-06   0.178967E-02  -0.827971E-06
    18   0.877226E+03   0.353235E-02   0.000000E+00   0.115391E+01   0.127959E-06   0.172988E-02  -0.252762E-06
    19   0.890531E+03   0.421690E-02   0.000000E+00   0.122253E+01   0.129573E-06   0.167434E-02   0.158216E-06
    20   0.903583E+03   0.504136E-02   0.000000E+00   0.129029E+01   0.131003E-06   0.162225E-02   0.223056E-06
    21   0.917082E+03   0.599926E-02   0.000000E+00   0.136179E+01   0.132268E-06   0.157300E-02   0.482712E-07
    22   0.931054E+03   0.710154E-02   0.000000E+00   0.143737E+01   0.133391E-06   0.152610E-02  -0.206406E-06
    23   0.945115E+03   0.834037E-02   0.000000E+00   0.151436E+01   0.134382E-06   0.148138E-02  -0.447879E-06
    24   0.959584E+03   0.971284E-02   0.000000E+00   0.158937E+01   0.135245E-06   0.143878E-02  -0.618998E-06
    25   0.974596E+03   0.112236E-01   0.000000E+00   0.165459E+01   0.135993E-06   0.139820E-02  -0.738223E-06
    26   0.989660E+03   0.128849E-01   0.000000E+00   0.171370E+01   0.136637E-06   0.135952E-02  -0.824853E-06
    27   0.100518E+04   0.147077E-01   0.000000E+00   0.176748E+01   0.137187E-06   0.132238E-02  -0.827564E-06
    28   0.102100E+04   0.166859E-01   0.000000E+00   0.181120E+01   0.137649E-06   0.128654E-02  -0.699606E-06
    29   0.103702E+04   0.188459E-01   0.000000E+00   0.184988E+01   0.138022E-06   0.125218E-02  -0.481485E-06
    30   0.105345E+04   0.212160E-01   0.000000E+00   0.187688E+01   0.138309E-06   0.121955E-02  -0.245087E-06
    31   0.106968E+04   0.237928E-01   0.000000E+00   0.190299E+01   0.138520E-06   0.118853E-02  -0.101854E-06
    32   0.108651E+04   0.265921E-01   0.000000E+00   0.192315E+01   0.138667E-06   0.115892E-02  -0.140598E-06
    33   0.110342E+04   0.295737E-01   0.000000E+00   0.193583E+01   0.138755E-06   0.113053E-02  -0.321984E-06
    34   0.112039E+04   0.327629E-01   0.000000E+00   0.194208E+01   0.138784E-06   0.110319E-02  -0.565682E-06
    35   0.113800E+04   0.361665E-01   0.000000E+00   0.193274E+01   0.138760E-06   0.107666E-02  -0.754275E-06
    36   0.115533E+04   0.398132E-01   0.000000E+00   0.191805E+01   0.138686E-06   0.105083E-02  -0.790034E-06
    37   0.117293E+04   0.437285E-01   0.000000E+00   0.189219E+01   0.138566E-06   0.102608E-02  -0.689501E-06
    38   0.119089E+04   0.479004E-01   0.000000E+00   0.185717E+01   0.138404E-06   0.100279E-02  -0.502106E-06
    39   0.120912E+04   0.523185E-01   0.000000E+00   0.181277E+01   0.138202E-06   0.980743E-03  -0.295335E-06
    40   0.122754E+04   0.569753E-01   0.000000E+00   0.175723E+01   0.137960E-06   0.959580E-03  -0.140963E-06
    41   0.124606E+04   0.618675E-01   0.000000E+00   0.168931E+01   0.137683E-06   0.939008E-03  -0.922815E-07
    42   0.126468E+04   0.670081E-01   0.000000E+00   0.161003E+01   0.137371E-06   0.918975E-03  -0.129572E-06
    43   0.128342E+04   0.724139E-01   0.000000E+00   0.152051E+01   0.137028E-06   0.899491E-03  -0.215008E-06
    44   0.130233E+04   0.780997E-01   0.000000E+00   0.142030E+01   0.136655E-06   0.880565E-03  -0.310901E-06
    45   0.132147E+04   0.840773E-01   0.000000E+00   0.130865E+01   0.136255E-06   0.862211E-03  -0.379682E-06
    46   0.134081E+04   0.903538E-01   0.000000E+00   0.118519E+01   0.135831E-06   0.844430E-03  -0.394835E-06
    47   0.136032E+04   0.969297E-01   0.000000E+00   0.104938E+01   0.135384E-06   0.827204E-03  -0.373648E-06
    48   0.137999E+04   0.103797E+00   0.000000E+00   0.900615E+00   0.134916E-06   0.810505E-03  -0.344284E-06
    49   0.139981E+04   0.110945E+00   0.000000E+00   0.738349E+00   0.134429E-06   0.794305E-03  -0.334830E-06
    50   0.141982E+04   0.118378E+00   0.000000E+00   0.562182E+00   0.133923E-06   0.778579E-03  -0.373304E-06
    51   0.144009E+04   0.126099E+00   0.000000E+00   0.372024E+00   0.133401E-06   0.763309E-03  -0.477242E-06
    52   0.146056E+04   0.134112E+00   0.000000E+00   0.168827E+00   0.132864E-06   0.748505E-03  -0.622482E-06
    53   0.148116E+04   0.142418E+00   0.000000E+00  -0.464082E-01   0.132312E-06   0.734188E-03  -0.774513E-06
    54   0.150188E+04   0.151021E+00   0.000000E+00  -0.273539E+00   0.131747E-06   0.720379E-03  -0.898897E-06
    55   0.152270E+04   0.159924E+00   0.000000E+00  -0.512794E+00   0.131170E-06   0.707097E-03  -0.961267E-06
    56   0.154375E+04   0.169124E+00   0.000000E+00  -0.765042E+00   0.130582E-06   0.694350E-03  -0.937867E-06
    57   0.156511E+04   0.178618E+00   0.000000E+00  -0.103116E+01   0.129982E-06   0.682094E-03  -0.847157E-06
    58   0.158676E+04   0.188404E+00   0.000000E+00  -0.131136E+01   0.129373E-06   0.670272E-03  -0.718096E-06
    59   0.160859E+04   0.198483E+00   0.000000E+00  -0.160555E+01   0.128754E-06   0.658828E-03  -0.579587E-06
    60   0.163059E+04   0.208845E+00   0.000000E+00  -0.191324E+01   0.128126E-06   0.647705E-03  -0.460484E-06
    61   0.165278E+04   0.219485E+00   0.000000E+00  -0.223394E+01   0.127489E-06   0.636852E-03  -0.384379E-06
    62   0.167514E+04   0.230398E+00   0.000000E+00  -0.256767E+01   0.126845E-06   0.626240E-03  -0.353995E-06
    63   0.169771E+04   0.241583E+00   0.000000E+00  -0.291456E+01   0.126194E-06   0.615844E-03  -0.366846E-06
    64   0.172049E+04   0.253037E+00   0.000000E+00  -0.327475E+01   0.125538E-06   0.605640E-03  -0.420453E-06
    65   0.174349E+04   0.264759E+00   0.000000E+00  -0.364841E+01   0.124877E-06   0.595604E-03  -0.512343E-06
    66   0.176677E+04   0.276742E+00   0.000000E+00  -0.403578E+01   0.124213E-06   0.585721E-03  -0.637241E-06
    67   0.179030E+04   0.288980E+00   0.000000E+00  -0.443630E+01   0.123546E-06   0.576027E-03  -0.778648E-06
    68   0.181404E+04   0.301463E+00   0.000000E+00  -0.484927E+01   0.122876E-06   0.566563E-03  -0.917281E-06
    69   0.183795E+04   0.314183E+00   0.000000E+00  -0.527399E+01   0.122204E-06   0.557376E-03  -0.103388E-05
    70   0.186200E+04   0.327134E+00   0.000000E+00  -0.570996E+01   0.121531E-06   0.548509E-03  -0.110922E-05
    71   0.188616E+04   0.340312E+00   0.000000E+00  -0.615700E+01   0.120856E-06   0.539992E-03  -0.112947E-05
    72   0.191055E+04   0.353712E+00   0.000000E+00  -0.661602E+01   0.120180E-06   0.531806E-03  -0.110242E-05
    73   0.193529E+04   0.367330E+00   0.000000E+00  -0.708798E+01   0.119502E-06   0.523916E-03  -0.104124E-05
    74   0.196038E+04   0.381153E+00   0.000000E+00  -0.757278E+01   0.118824E-06   0.516290E-03  -0.959078E-06
    75   0.198583E+04   0.395171E+00   0.000000E+00  -0.806999E+01   0.118144E-06   0.508893E-03  -0.869061E-06
    76   0.201158E+04   0.409369E+00   0.000000E+00  -0.857906E+01   0.117463E-06   0.501693E-03  -0.783029E-06
    77   0.203753E+04   0.423736E+00   0.000000E+00  -0.909854E+01   0.116782E-06   0.494665E-03  -0.707666E-06
    78   0.206364E+04   0.438261E+00   0.000000E+00  -0.962798E+01   0.116100E-06   0.487785E-03  -0.648368E-06
    79   0.208996E+04   0.452931E+00   0.000000E+00  -0.101672E+02   0.115418E-06   0.481029E-03  -0.610527E-06
    80   0.211652E+04   0.467736E+00   0.000000E+00  -0.107162E+02   0.114737E-06   0.474374E-03  -0.599530E-06
    81   0.214333E+04   0.482664E+00   0.000000E+00  -0.112748E+02   0.114057E-06   0.467801E-03  -0.618587E-06
    82   0.217041E+04   0.497705E+00   0.000000E+00  -0.118425E+02   0.113377E-06   0.461318E-03  -0.662221E-06
    83   0.219774E+04   0.512847E+00   0.000000E+00  -0.124190E+02   0.112700E-06   0.454937E-03  -0.722791E-06
    84   0.222532E+04   0.528081E+00   0.000000E+00  -0.130039E+02   0.112024E-06   0.448674E-03  -0.792662E-06
    85   0.225313E+04   0.543394E+00   0.000000E+00  -0.135969E+02   0.111350E-06   0.442540E-03  -0.864206E-06
    86   0.228118E+04   0.558778E+00   0.000000E+00  -0.141974E+02   0.110678E-06   0.436546E-03  -0.930976E-06
    87   0.230943E+04   0.574218E+00   0.000000E+00  -0.148050E+02   0.110009E-06   0.430693E-03  -0.991221E-06
    88   0.233787E+04   0.589702E+00   0.000000E+00  -0.154191E+02   0.109342E-06   0.424980E-03  -0.104437E-05
    89   0.236650E+04   0.605216E+00   0.000000E+00  -0.160392E+02   0.108678E-06   0.419403E-03  -0.108984E-05
    90   0.239533E+04   0.620745E+00   0.000000E+00  -0.166652E+02   0.108016E-06   0.413962E-03  -0.112705E-05
    91   0.242437E+04   0.636274E+00   0.000000E+00  -0.172964E+02   0.107358E-06   0.408653E-03  -0.115566E-05
    92   0.245361E+04   0.651788E+00   0.000000E+00  -0.179328E+02   0.106702E-06   0.403473E-03  -0.117611E-05
    93   0.248307E+04   0.667273E+00   0.000000E+00  -0.185736E+02   0.106050E-06   0.398418E-03  -0.118908E-05
    94   0.251275E+04   0.682716E+00   0.000000E+00  -0.192189E+02   0.105401E-06   0.393483E-03  -0.119526E-05
    95   0.254266E+04   0.698102E+00   0.000000E+00  -0.198679E+02   0.104755E-06   0.388663E-03  -0.119530E-05
    96   0.257279E+04   0.713417E+00   0.000000E+00  -0.205203E+02   0.104112E-06   0.383954E-03  -0.118989E-05
    97   0.260315E+04   0.728647E+00   0.000000E+00  -0.211757E+02   0.103472E-06   0.379352E-03  -0.117970E-05
    98   0.263374E+04   0.743775E+00   0.000000E+00  -0.218336E+02   0.102836E-06   0.374853E-03  -0.116539E-05
    99   0.266453E+04   0.758789E+00   0.000000E+00  -0.224935E+02   0.102203E-06   0.370451E-03  -0.114765E-05
   100   0.269556E+04   0.773676E+00   0.000000E+00  -0.231550E+02   0.101573E-06   0.366143E-03  -0.112713E-05
   101   0.272680E+04   0.788422E+00   0.000000E+00  -0.238174E+02   0.100947E-06   0.361925E-03  -0.110452E-05
   102   0.275825E+04   0.803005E+00   0.000000E+00  -0.244804E+02   0.100325E-06   0.357791E-03  -0.108048E-05
   103   0.278991E+04   0.817425E+00   0.000000E+00  -0.251434E+02   0.997058E-07   0.353738E-03  -0.105567E-05
   104   0.282178E+04   0.831652E+00   0.000000E+00  -0.258059E+02   0.990906E-07   0.349761E-03  -0.103078E-05
   105   0.285384E+04   0.845679E+00   0.000000E+00  -0.264674E+02   0.984791E-07   0.345856E-03  -0.100646E-05
   106   0.288609E+04   0.859492E+00   0.000000E+00  -0.271271E+02   0.978714E-07   0.342019E-03  -0.983394E-06
   107   0.291852E+04   0.873083E+00   0.000000E+00  -0.277846E+02   0.972675E-07   0.338245E-03  -0.962239E-06
   108   0.295112E+04   0.886430E+00   0.000000E+00  -0.284395E+02   0.966675E-07   0.334531E-03  -0.943667E-06
   109   0.298389E+04   0.899527E+00   0.000000E+00  -0.290909E+02   0.960715E-07   0.330870E-03  -0.928344E-06
   110   0.301683E+04   0.912350E+00   0.000000E+00  -0.297384E+02   0.954796E-07   0.327260E-03  -0.916938E-06
   111   0.304992E+04   0.924893E+00   0.000000E+00  -0.303816E+02   0.948917E-07   0.323697E-03  -0.909947E-06
   112   0.308316E+04   0.937149E+00   0.000000E+00  -0.310197E+02   0.943080E-07   0.320181E-03  -0.907192E-06
   113   0.311655E+04   0.949094E+00   0.000000E+00  -0.316523E+02   0.937283E-07   0.316710E-03  -0.908328E-06
   114   0.315008E+04   0.960713E+00   0.000000E+00  -0.322788E+02   0.931527E-07   0.313287E-03  -0.913007E-06
   115   0.318373E+04   0.972007E+00   0.000000E+00  -0.328985E+02   0.925812E-07   0.309909E-03  -0.920884E-06
   116   0.321751E+04   0.982960E+00   0.000000E+00  -0.335110E+02   0.920138E-07   0.306579E-03  -0.931612E-06
   117   0.325142E+04   0.993550E+00   0.000000E+00  -0.341157E+02   0.914504E-07   0.303297E-03  -0.944846E-06
   118   0.328542E+04   0.100378E+01   0.000000E+00  -0.347119E+02   0.908911E-07   0.300061E-03  -0.960239E-06
   119   0.331954E+04   0.101362E+01   0.000000E+00  -0.352992E+02   0.903359E-07   0.296873E-03  -0.977446E-06
   120   0.335374E+04   0.102309E+01   0.000000E+00  -0.358770E+02   0.897848E-07   0.293732E-03  -0.996122E-06
   121   0.338804E+04   0.103215E+01   0.000000E+00  -0.364447E+02   0.892377E-07   0.290639E-03  -0.101592E-05
   122   0.342240E+04   0.104080E+01   0.000000E+00  -0.370018E+02   0.886948E-07   0.287595E-03  -0.103650E-05
   123   0.345684E+04   0.104904E+01   0.000000E+00  -0.375477E+02   0.881558E-07   0.284598E-03  -0.105751E-05
   124   0.349134E+04   0.105684E+01   0.000000E+00  -0.380819E+02   0.876210E-07   0.281650E-03  -0.107861E-05
   125   0.352589E+04   0.106421E+01   0.000000E+00  -0.386038E+02   0.870902E-07   0.278751E-03  -0.109945E-05
   126   0.356049E+04   0.107114E+01   0.000000E+00  -0.391129E+02   0.865635E-07   0.275900E-03  -0.111970E-05
   127   0.359512E+04   0.107762E+01   0.000000E+00  -0.396086E+02   0.860408E-07   0.273098E-03  -0.113900E-05
   128   0.362977E+04   0.108363E+01   0.000000E+00  -0.400906E+02   0.855223E-07   0.270346E-03  -0.115701E-05
   129   0.366445E+04   0.108919E+01   0.000000E+00  -0.405581E+02   0.850078E-07   0.267643E-03  -0.117338E-05
   130   0.369913E+04   0.109426E+01   0.000000E+00  -0.410107E+02   0.844973E-07   0.264989E-03  -0.118778E-05
   131   0.373381E+04   0.109886E+01   0.000000E+00  -0.414478E+02   0.839910E-07   0.262385E-03  -0.119993E-05
   132   0.376848E+04   0.110299E+01   0.000000E+00  -0.418690E+02   0.834887E-07   0.259829E-03  -0.120986E-05
   133   0.380314E+04   0.110662E+01   0.000000E+00  -0.422738E+02   0.829904E-07   0.257320E-03  -0.121767E-05
   134   0.383777E+04   0.110977E+01   0.000000E+00  -0.426617E+02   0.824960E-07   0.254856E-03  -0.122345E-05
   135   0.387237E+04   0.111242E+01   0.000000E+00  -0.430323E+02   0.820057E-07   0.252435E-03  -0.122731E-05
   136   0.390693E+04   0.111459E+01   0.000000E+00  -0.433850E+02   0.815193E-07   0.250057E-03  -0.122934E-05
   137   0.394145E+04   0.111625E+01   0.000000E+00  -0.437194E+02   0.810368E-07   0.247720E-03  -0.122965E-05
   138   0.397591E+04   0.111742E+01   0.000000E+00  -0.440351E+02   0.805581E-07   0.245422E-03  -0.122833E-05
   139   0.401030E+04   0.111810E+01   0.000000E+00  -0.443316E+02   0.800833E-07   0.243161E-03  -0.122548E-05
   140   0.404463E+04   0.111827E+01   0.000000E+00  -0.446086E+02   0.796123E-07   0.240937E-03  -0.122120E-05
   141   0.407888E+04   0.111797E+01   0.000000E+00  -0.448657E+02   0.791451E-07   0.238747E-03  -0.121559E-05
   142   0.411304E+04   0.111716E+01   0.000000E+00  -0.451023E+02   0.786817E-07   0.236590E-03  -0.120875E-05
   143   0.414711E+04   0.111586E+01   0.000000E+00  -0.453182E+02   0.782220E-07   0.234465E-03  -0.120078E-05
   144   0.418107E+04   0.111409E+01   0.000000E+00  -0.455129E+02   0.777660E-07   0.232371E-03  -0.119177E-05
   145   0.421492E+04   0.111182E+01   0.000000E+00  -0.456860E+02   0.773137E-07   0.230305E-03  -0.118183E-05
   146   0.424864E+04   0.110907E+01   0.000000E+00  -0.458372E+02   0.768651E-07   0.228266E-03  -0.117105E-05
   147   0.428221E+04   0.110586E+01   0.000000E+00  -0.459659E+02   0.764201E-07   0.226253E-03  -0.115954E-05
   148   0.431562E+04   0.110218E+01   0.000000E+00  -0.460719E+02   0.759787E-07   0.224264E-03  -0.114738E-05
   149   0.434885E+04   0.109804E+01   0.000000E+00  -0.461547E+02   0.755408E-07   0.222297E-03  -0.113469E-05
   150   0.438191E+04   0.109345E+01   0.000000E+00  -0.462139E+02   0.751066E-07   0.220352E-03  -0.112155E-05
   151   0.441475E+04   0.108842E+01   0.000000E+00  -0.462492E+02   0.746758E-07   0.218427E-03  -0.110806E-05
   152   0.444739E+04   0.108295E+01   0.000000E+00  -0.462602E+02   0.742485E-07   0.216522E-03  -0.109425E-05
   153   0.447981E+04   0.107705E+01   0.000000E+00  -0.462468E+02   0.738247E-07   0.214635E-03  -0.108013E-05
   154   0.451201E+04   0.107075E+01   0.000000E+00  -0.462087E+02   0.734044E-07   0.212769E-03  -0.106575E-05
   155   0.454399E+04   0.106404E+01   0.000000E+00  -0.461456E+02   0.729875E-07   0.210921E-03  -0.105110E-05
   156   0.457576E+04   0.105694E+01   0.000000E+00  -0.460572E+02   0.725740E-07   0.209093E-03  -0.103622E-05
   157   0.460728E+04   0.104946E+01   0.000000E+00  -0.459434E+02   0.721639E-07   0.207284E-03  -0.102114E-05
   158   0.463856E+04   0.104163E+01   0.000000E+00  -0.458038E+02   0.717572E-07   0.205494E-03  -0.100586E-05
   159   0.466960E+04   0.103343E+01   0.000000E+00  -0.456383E+02   0.713537E-07   0.203722E-03  -0.990417E-06
   160   0.470038E+04   0.102491E+01   0.000000E+00  -0.454467E+02   0.709536E-07   0.201969E-03  -0.974829E-06
   161   0.473088E+04   0.101606E+01   0.000000E+00  -0.452287E+02   0.705568E-07   0.200235E-03  -0.959118E-06
   162   0.476109E+04   0.100691E+01   0.000000E+00  -0.449842E+02   0.701633E-07   0.198519E-03  -0.943306E-06
   163   0.479100E+04   0.997488E+00   0.000000E+00  -0.447128E+02   0.697730E-07   0.196822E-03  -0.927416E-06
   164   0.482060E+04   0.987790E+00   0.000000E+00  -0.444146E+02   0.693859E-07   0.195143E-03  -0.911468E-06
   165   0.484987E+04   0.977839E+00   0.000000E+00  -0.440891E+02   0.690020E-07   0.193482E-03  -0.895486E-06
   166   0.487881E+04   0.967658E+00   0.000000E+00  -0.437365E+02   0.686213E-07   0.191839E-03  -0.879491E-06
   167   0.490741E+04   0.957269E+00   0.000000E+00  -0.433564E+02   0.682438E-07   0.190214E-03  -0.863506E-06
   168   0.493566E+04   0.946695E+00   0.000000E+00  -0.429490E+02   0.678694E-07   0.188607E-03  -0.847551E-06
   169   0.496355E+04   0.935957E+00   0.000000E+00  -0.425140E+02   0.674981E-07   0.187018E-03  -0.831650E-06
   170   0.499108E+04   0.925071E+00   0.000000E+00  -0.420516E+02   0.671299E-07   0.185446E-03  -0.815823E-06
   171   0.501822E+04   0.914066E+00   0.000000E+00  -0.415614E+02   0.667647E-07   0.183892E-03  -0.800094E-06
   172   0.504499E+04   0.902964E+00   0.000000E+00  -0.410436E+02   0.664026E-07   0.182356E-03  -0.784484E-06
   173   0.507136E+04   0.891787E+00   0.000000E+00  -0.404981E+02   0.660435E-07   0.180836E-03  -0.769014E-06
   174   0.509732E+04   0.880558E+00   0.000000E+00  -0.399248E+02   0.656874E-07   0.179334E-03  -0.753708E-06
   175   0.512288E+04   0.869314E+00   0.000000E+00  -0.393239E+02   0.653344E-07   0.177849E-03  -0.738587E-06
   176   0.514802E+04   0.858070E+00   0.000000E+00  -0.386954E+02   0.649842E-07   0.176381E-03  -0.723667E-06
   177   0.517273E+04   0.846862E+00   0.000000E+00  -0.380391E+02   0.646370E-07   0.174929E-03  -0.708942E-06
   178   0.519700E+04   0.835713E+00   0.000000E+00  -0.373553E+02   0.642927E-07   0.173494E-03  -0.694401E-06
   179   0.522082E+04   0.824646E+00   0.000000E+00  -0.366438E+02   0.639512E-07   0.172075E-03  -0.680032E-06
   180   0.524420E+04   0.813697E+00   0.000000E+00  -0.359050E+02   0.636126E-07   0.170671E-03  -0.665824E-06
   181   0.526711E+04   0.802896E+00   0.000000E+00  -0.351388E+02   0.632768E-07   0.169283E-03  -0.651765E-06
   182   0.528955E+04   0.792274E+00   0.000000E+00  -0.343454E+02   0.629438E-07   0.167909E-03  -0.637844E-06
   183   0.531153E+04   0.781852E+00   0.000000E+00  -0.335249E+02   0.626136E-07   0.166550E-03  -0.624049E-06
   184   0.533302E+04   0.771667E+00   0.000000E+00  -0.326776E+02   0.622860E-07   0.165206E-03  -0.610369E-06
   185   0.535403E+04   0.761756E+00   0.000000E+00  -0.318034E+02   0.619612E-07   0.163875E-03  -0.596791E-06
   186   0.537453E+04   0.752143E+00   0.000000E+00  -0.309026E+02   0.616391E-07   0.162558E-03  -0.583306E-06
   187   0.539454E+04   0.742857E+00   0.000000E+00  -0.299754E+02   0.613196E-07   0.161254E-03  -0.569900E-06
   188   0.541404E+04   0.733939E+00   0.000000E+00  -0.290220E+02   0.610027E-07   0.159963E-03  -0.556563E-06
   189   0.543302E+04   0.725419E+00   0.000000E+00  -0.280426E+02   0.606884E-07   0.158684E-03  -0.543283E-06
   190   0.545148E+04   0.717333E+00   0.000000E+00  -0.270375E+02   0.603767E-07   0.157418E-03  -0.530049E-06
   191   0.546941E+04   0.709711E+00   0.000000E+00  -0.260070E+02   0.600676E-07   0.156164E-03  -0.516849E-06
   192   0.548680E+04   0.702589E+00   0.000000E+00  -0.249511E+02   0.597609E-07   0.154921E-03  -0.503671E-06
   193   0.550364E+04   0.696000E+00   0.000000E+00  -0.238702E+02   0.594567E-07   0.153689E-03  -0.490505E-06
   194   0.551994E+04   0.689981E+00   0.000000E+00  -0.227648E+02   0.591549E-07   0.152468E-03  -0.477338E-06
   195   0.553568E+04   0.684566E+00   0.000000E+00  -0.216349E+02   0.588556E-07   0.151257E-03  -0.464159E-06
   196   0.555086E+04   0.679791E+00   0.000000E+00  -0.204812E+02   0.585587E-07   0.150057E-03  -0.450957E-06
   197   0.556549E+04   0.675694E+00   0.000000E+00  -0.193038E+02   0.582641E-07   0.148866E-03  -0.437720E-06
   198   0.557957E+04   0.672310E+00   0.000000E+00  -0.181032E+02   0.579719E-07   0.147685E-03  -0.424436E-06
   199   0.559307E+04   0.669675E+00   0.000000E+00  -0.168796E+02   0.576820E-07   0.146513E-03  -0.411095E-06
   200   0.560600E+04   0.667825E+00   0.000000E+00  -0.156337E+02   0.573944E-07   0.145350E-03  -0.397685E-06
   201   0.561836E+04   0.666796E+00   0.000000E+00  -0.143655E+02   0.571091E-07   0.144196E-03  -0.384196E-06
   202   0.563014E+04   0.666626E+00   0.000000E+00  -0.130757E+02   0.568260E-07   0.143049E-03  -0.370629E-06
   203   0.564131E+04   0.667352E+00   0.000000E+00  -0.117646E+02   0.565451E-07   0.141911E-03  -0.356988E-06
   204   0.565188E+04   0.669008E+00   0.000000E+00  -0.104326E+02   0.562664E-07   0.140782E-03  -0.343276E-06
   205   0.566182E+04   0.671634E+00   0.000000E+00  -0.908023E+01   0.559899E-07   0.139660E-03  -0.329495E-06
   206   0.567114E+04   0.675264E+00   0.000000E+00  -0.770779E+01   0.557156E-07   0.138547E-03  -0.315649E-06
   207   0.567982E+04   0.679936E+00   0.000000E+00  -0.631569E+01   0.554434E-07   0.137442E-03  -0.301741E-06
   208   0.568786E+04   0.685687E+00   0.000000E+00  -0.490453E+01   0.551733E-07   0.136345E-03  -0.287774E-06
   209   0.569528E+04   0.692552E+00   0.000000E+00  -0.347485E+01   0.549054E-07   0.135256E-03  -0.273751E-06
   210   0.570208E+04   0.700569E+00   0.000000E+00  -0.202719E+01   0.546396E-07   0.134175E-03  -0.259676E-06
   211   0.570825E+04   0.709776E+00   0.000000E+00  -0.562119E+00   0.543758E-07   0.133102E-03  -0.245551E-06
   212   0.571382E+04   0.720207E+00   0.000000E+00   0.919814E+00   0.541141E-07   0.132036E-03  -0.231379E-06
   213   0.571878E+04   0.731900E+00   0.000000E+00   0.241805E+01   0.538544E-07   0.130979E-03  -0.217164E-06
   214   0.572314E+04   0.744893E+00   0.000000E+00   0.393204E+01   0.535967E-07   0.129929E-03  -0.202909E-06
   215   0.572690E+04   0.759214E+00   0.000000E+00   0.546119E+01   0.533410E-07   0.128887E-03  -0.188617E-06
   216   0.573004E+04   0.774909E+00   0.000000E+00   0.700491E+01   0.530873E-07   0.127853E-03  -0.174291E-06
   217   0.573257E+04   0.792009E+00   0.000000E+00   0.856259E+01   0.528356E-07   0.126827E-03  -0.159934E-06
   218   0.573449E+04   0.810542E+00   0.000000E+00   0.101337E+02   0.525858E-07   0.125807E-03  -0.145549E-06
   219   0.573578E+04   0.830554E+00   0.000000E+00   0.117176E+02   0.523380E-07   0.124796E-03  -0.131140E-06
   220   0.573644E+04   0.852073E+00   0.000000E+00   0.133137E+02   0.520920E-07   0.123792E-03  -0.116709E-06
   221   0.573648E+04   0.875130E+00   0.000000E+00   0.149213E+02   0.518480E-07   0.122795E-03  -0.102259E-06
   222   0.573589E+04   0.899769E+00   0.000000E+00   0.165400E+02   0.516058E-07   0.121806E-03  -0.877948E-07
   223   0.573466E+04   0.926013E+00   0.000000E+00   0.181690E+02   0.513655E-07   0.120824E-03  -0.733181E-07
   224   0.573281E+04   0.953899E+00   0.000000E+00   0.198076E+02   0.511269E-07   0.119849E-03  -0.588323E-07
   225   0.573033E+04   0.983448E+00   0.000000E+00   0.214552E+02   0.508903E-07   0.118881E-03  -0.443406E-07
   226   0.572723E+04   0.101471E+01   0.000000E+00   0.231111E+02   0.506554E-07   0.117921E-03  -0.298460E-07
   227   0.572350E+04   0.104770E+01   0.000000E+00   0.247747E+02   0.504222E-07   0.116968E-03  -0.153518E-07
   228   0.571915E+04   0.108246E+01   0.000000E+00   0.264452E+02   0.501909E-07   0.116021E-03  -0.860975E-09
   229   0.571419E+04   0.111901E+01   0.000000E+00   0.281221E+02   0.499613E-07   0.115082E-03   0.136233E-07
   230   0.570860E+04   0.115739E+01   0.000000E+00   0.298046E+02   0.497334E-07   0.114150E-03   0.280979E-07
   231   0.570239E+04   0.119762E+01   0.000000E+00   0.314920E+02   0.495072E-07   0.113225E-03   0.425598E-07
   232   0.569558E+04   0.123972E+01   0.000000E+00   0.331836E+02   0.492827E-07   0.112306E-03   0.570058E-07
   233   0.568815E+04   0.128373E+01   0.000000E+00   0.348787E+02   0.490599E-07   0.111394E-03   0.714328E-07
   234   0.568010E+04   0.132968E+01   0.000000E+00   0.365765E+02   0.488387E-07   0.110489E-03   0.858377E-07
   235   0.567145E+04   0.137758E+01   0.000000E+00   0.382765E+02   0.486192E-07   0.109591E-03   0.100217E-06
   236   0.566219E+04   0.142747E+01   0.000000E+00   0.399779E+02   0.484013E-07   0.108699E-03   0.114569E-06
   237   0.565233E+04   0.147937E+01   0.000000E+00   0.416798E+02   0.481849E-07   0.107814E-03   0.128889E-06
   238   0.564187E+04   0.153329E+01   0.000000E+00   0.433816E+02   0.479702E-07   0.106936E-03   0.143174E-06
   239   0.563082E+04   0.158925E+01   0.000000E+00   0.450826E+02   0.477570E-07   0.106064E-03   0.157421E-06
   240   0.561917E+04   0.164729E+01   0.000000E+00   0.467819E+02   0.475454E-07   0.105198E-03   0.171628E-06
   241   0.560692E+04   0.170743E+01   0.000000E+00   0.484790E+02   0.473353E-07   0.104339E-03   0.185791E-06
   242   0.559410E+04   0.176968E+01   0.000000E+00   0.501729E+02   0.471266E-07   0.103486E-03   0.199907E-06
   243   0.558070E+04   0.183406E+01   0.000000E+00   0.518630E+02   0.469195E-07   0.102639E-03   0.213973E-06
   244   0.556672E+04   0.190058E+01   0.000000E+00   0.535486E+02   0.467139E-07   0.101799E-03   0.227985E-06
   245   0.555217E+04   0.196928E+01   0.000000E+00   0.552289E+02   0.465097E-07   0.100965E-03   0.241941E-06
   246   0.553706E+04   0.204014E+01   0.000000E+00   0.569033E+02   0.463069E-07   0.100137E-03   0.255838E-06
   247   0.552139E+04   0.211320E+01   0.000000E+00   0.585710E+02   0.461056E-07   0.993151E-04   0.269672E-06
   248   0.550518E+04   0.218848E+01   0.000000E+00   0.602312E+02   0.459056E-07   0.984992E-04   0.283440E-06
   249   0.548842E+04   0.226597E+01   0.000000E+00   0.618833E+02   0.457070E-07   0.976894E-04   0.297140E-06
   250   0.547112E+04   0.234570E+01   0.000000E+00   0.635265E+02   0.455098E-07   0.968855E-04   0.310768E-06
   251   0.545327E+04   0.242766E+01   0.000000E+00   0.651599E+02   0.453140E-07   0.960874E-04   0.324321E-06
   252   0.543490E+04   0.251187E+01   0.000000E+00   0.667828E+02   0.451194E-07   0.952952E-04   0.337799E-06
   253   0.541598E+04   0.259834E+01   0.000000E+00   0.683944E+02   0.449262E-07   0.945088E-04   0.351204E-06
   254   0.539655E+04   0.268706E+01   0.000000E+00   0.699938E+02   0.447343E-07   0.937282E-04   0.364534E-06
   255   0.537658E+04   0.277805E+01   0.000000E+00   0.715804E+02   0.445437E-07   0.929532E-04   0.377792E-06
   256   0.535608E+04   0.287131E+01   0.000000E+00   0.731533E+02   0.443544E-07   0.921839E-04   0.390976E-06
   257   0.533508E+04   0.296684E+01   0.000000E+00   0.747120E+02   0.441664E-07   0.914202E-04   0.404088E-06
   258   0.531358E+04   0.306463E+01   0.000000E+00   0.762554E+02   0.439797E-07   0.906621E-04   0.417129E-06
   259   0.529158E+04   0.316471E+01   0.000000E+00   0.777839E+02   0.437942E-07   0.899094E-04   0.430097E-06
   260   0.526912E+04   0.326706E+01   0.000000E+00   0.792953E+02   0.436100E-07   0.891622E-04   0.442995E-06
   261   0.524619E+04   0.337169E+01   0.000000E+00   0.807904E+02   0.434270E-07   0.884205E-04   0.455822E-06
   262   0.522281E+04   0.347858E+01   0.000000E+00   0.822677E+02   0.432452E-07   0.876841E-04   0.468579E-06
   263   0.519899E+04   0.358775E+01   0.000000E+00   0.837271E+02   0.430647E-07   0.869530E-04   0.481266E-06
   264   0.517474E+04   0.369918E+01   0.000000E+00   0.851672E+02   0.428853E-07   0.862271E-04   0.493884E-06
   265   0.515006E+04   0.381287E+01   0.000000E+00   0.865888E+02   0.427072E-07   0.855065E-04   0.506433E-06
   266   0.512496E+04   0.392880E+01   0.000000E+00   0.879896E+02   0.425302E-07   0.847911E-04   0.518914E-06
   267   0.509945E+04   0.404696E+01   0.000000E+00   0.893689E+02   0.423545E-07   0.840808E-04   0.531326E-06
   268   0.507353E+04   0.416733E+01   0.000000E+00   0.907273E+02   0.421799E-07   0.833756E-04   0.543671E-06
   269   0.504719E+04   0.428993E+01   0.000000E+00   0.920628E+02   0.420064E-07   0.826754E-04   0.555949E-06
   270   0.502046E+04   0.441471E+01   0.000000E+00   0.933759E+02   0.418341E-07   0.819801E-04   0.568161E-06
   271   0.499335E+04   0.454168E+01   0.000000E+00   0.946646E+02   0.416629E-07   0.812899E-04   0.580306E-06
   272   0.496585E+04   0.467081E+01   0.000000E+00   0.959295E+02   0.414929E-07   0.806045E-04   0.592385E-06
   273   0.493800E+04   0.480208E+01   0.000000E+00   0.971692E+02   0.413240E-07   0.799239E-04   0.604399E-06
   274   0.490978E+04   0.493548E+01   0.000000E+00   0.983843E+02   0.411561E-07   0.792482E-04   0.616348E-06
   275   0.488121E+04   0.507098E+01   0.000000E+00   0.995728E+02   0.409894E-07   0.785771E-04   0.628233E-06
   276   0.485231E+04   0.520857E+01   0.000000E+00   0.100735E+03   0.408238E-07   0.779108E-04   0.640054E-06
   277   0.482309E+04   0.534823E+01   0.000000E+00   0.101870E+03   0.406592E-07   0.772492E-04   0.651811E-06
   278   0.479355E+04   0.548992E+01   0.000000E+00   0.102977E+03   0.404957E-07   0.765921E-04   0.663505E-06
   279   0.476370E+04   0.563363E+01   0.000000E+00   0.104056E+03   0.403333E-07   0.759396E-04   0.675136E-06
   280   0.473356E+04   0.577931E+01   0.000000E+00   0.105107E+03   0.401719E-07   0.752916E-04   0.686705E-06
   281   0.470314E+04   0.592695E+01   0.000000E+00   0.106128E+03   0.400115E-07   0.746480E-04   0.698212E-06
   282   0.467244E+04   0.607650E+01   0.000000E+00   0.107120E+03   0.398521E-07   0.740089E-04   0.709658E-06
   283   0.464147E+04   0.622796E+01   0.000000E+00   0.108081E+03   0.396938E-07   0.733741E-04   0.721043E-06
   284   0.461025E+04   0.638127E+01   0.000000E+00   0.109011E+03   0.395365E-07   0.727437E-04   0.732367E-06
   285   0.457878E+04   0.653642E+01   0.000000E+00   0.109910E+03   0.393801E-07   0.721175E-04   0.743631E-06
   286   0.454708E+04   0.669336E+01   0.000000E+00   0.110778E+03   0.392248E-07   0.714956E-04   0.754836E-06
   287   0.451516E+04   0.685204E+01   0.000000E+00   0.111613E+03   0.390704E-07   0.708778E-04   0.765982E-06
   288   0.448302E+04   0.701246E+01   0.000000E+00   0.112416E+03   0.389170E-07   0.702641E-04   0.777068E-06
   289   0.445068E+04   0.717455E+01   0.000000E+00   0.113186E+03   0.387645E-07   0.696546E-04   0.788097E-06
   290   0.441815E+04   0.733828E+01   0.000000E+00   0.113923E+03   0.386129E-07   0.690490E-04   0.799067E-06
   291   0.438545E+04   0.750363E+01   0.000000E+00   0.114626E+03   0.384623E-07   0.684475E-04   0.809980E-06
   292   0.435256E+04   0.767046E+01   0.000000E+00   0.115294E+03   0.383127E-07   0.678499E-04   0.820836E-06
   293   0.431951E+04   0.783886E+01   0.000000E+00   0.115929E+03   0.381639E-07   0.672562E-04   0.831636E-06
   294   0.428632E+04   0.800874E+01   0.000000E+00   0.116528E+03   0.380160E-07   0.666663E-04   0.842379E-06
   295   0.425297E+04   0.817997E+01   0.000000E+00   0.117092E+03   0.378690E-07   0.660802E-04   0.853067E-06
   296   0.421949E+04   0.835260E+01   0.000000E+00   0.117621E+03   0.377229E-07   0.654979E-04   0.863699E-06
   297   0.418588E+04   0.852649E+01   0.000000E+00   0.118112E+03   0.375777E-07   0.649193E-04   0.874276E-06
   298   0.415216E+04   0.870165E+01   0.000000E+00   0.118567E+03   0.374333E-07   0.643443E-04   0.884800E-06
   299   0.411833E+04   0.887800E+01   0.000000E+00   0.118986E+03   0.372898E-07   0.637730E-04   0.895269E-06
   300   0.408441E+04   0.905546E+01   0.000000E+00   0.119367E+03   0.371471E-07   0.632052E-04   0.905685E-06
   301   0.405041E+04   0.923411E+01   0.000000E+00   0.119711E+03   0.370052E-07   0.626409E-04   0.916046E-06
   302   0.401634E+04   0.941372E+01   0.000000E+00   0.120019E+03   0.368642E-07   0.620802E-04   0.926350E-06
   303   0.398221E+04   0.959438E+01   0.000000E+00   0.120289E+03   0.367239E-07   0.615229E-04   0.936592E-06
   304   0.394804E+04   0.977600E+01   0.000000E+00   0.120522E+03   0.365845E-07   0.609693E-04   0.946766E-06
   305   0.391384E+04   0.995852E+01   0.000000E+00   0.120717E+03   0.364459E-07   0.604192E-04   0.956868E-06
   306   0.387960E+04   0.101419E+02   0.000000E+00   0.120874E+03   0.363081E-07   0.598726E-04   0.966894E-06
   307   0.384537E+04   0.103261E+02   0.000000E+00   0.120994E+03   0.361711E-07   0.593297E-04   0.976837E-06
   308   0.381113E+04   0.105110E+02   0.000000E+00   0.121076E+03   0.360349E-07   0.587903E-04   0.986695E-06
   309   0.377690E+04   0.106965E+02   0.000000E+00   0.121119E+03   0.358994E-07   0.582545E-04   0.996462E-06
   310   0.374267E+04   0.108826E+02   0.000000E+00   0.121125E+03   0.357647E-07   0.577224E-04   0.100613E-05
   311   0.370849E+04   0.110693E+02   0.000000E+00   0.121092E+03   0.356308E-07   0.571938E-04   0.101570E-05
   312   0.367433E+04   0.112564E+02   0.000000E+00   0.121020E+03   0.354977E-07   0.566689E-04   0.102517E-05
   313   0.364023E+04   0.114440E+02   0.000000E+00   0.120910E+03   0.353653E-07   0.561476E-04   0.103453E-05
   314   0.360619E+04   0.116318E+02   0.000000E+00   0.120762E+03   0.352337E-07   0.556300E-04   0.104377E-05
   315   0.357220E+04   0.118199E+02   0.000000E+00   0.120574E+03   0.351028E-07   0.551161E-04   0.105289E-05
   316   0.353830E+04   0.120083E+02   0.000000E+00   0.120348E+03   0.349726E-07   0.546058E-04   0.106189E-05
   317   0.350449E+04   0.121968E+02   0.000000E+00   0.120085E+03   0.348432E-07   0.540992E-04   0.107076E-05
   318   0.347078E+04   0.123853E+02   0.000000E+00   0.119782E+03   0.347145E-07   0.535962E-04   0.107949E-05
   319   0.343717E+04   0.125738E+02   0.000000E+00   0.119441E+03   0.345866E-07   0.530971E-04   0.108809E-05
   320   0.340368E+04   0.127624E+02   0.000000E+00   0.119062E+03   0.344593E-07   0.526016E-04   0.109654E-05
   321   0.337033E+04   0.129508E+02   0.000000E+00   0.118646E+03   0.343328E-07   0.521098E-04   0.110485E-05
   322   0.333710E+04   0.131389E+02   0.000000E+00   0.118190E+03   0.342070E-07   0.516218E-04   0.111300E-05
   323   0.330403E+04   0.133268E+02   0.000000E+00   0.117697E+03   0.340818E-07   0.511375E-04   0.112100E-05
   324   0.327111E+04   0.135143E+02   0.000000E+00   0.117167E+03   0.339574E-07   0.506570E-04   0.112884E-05
   325   0.323836E+04   0.137014E+02   0.000000E+00   0.116598E+03   0.338337E-07   0.501803E-04   0.113650E-05
   326   0.320579E+04   0.138881E+02   0.000000E+00   0.115993E+03   0.337106E-07   0.497073E-04   0.114400E-05
   327   0.317339E+04   0.140742E+02   0.000000E+00   0.115349E+03   0.335882E-07   0.492381E-04   0.115132E-05
   328   0.314119E+04   0.142596E+02   0.000000E+00   0.114669E+03   0.334665E-07   0.487727E-04   0.115846E-05
   329   0.310919E+04   0.144444E+02   0.000000E+00   0.113953E+03   0.333454E-07   0.483112E-04   0.116542E-05
   330   0.307741E+04   0.146283E+02   0.000000E+00   0.113199E+03   0.332251E-07   0.478534E-04   0.117218E-05
   331   0.304584E+04   0.148114E+02   0.000000E+00   0.112409E+03   0.331053E-07   0.473995E-04   0.117875E-05
   332   0.301450E+04   0.149937E+02   0.000000E+00   0.111583E+03   0.329862E-07   0.469495E-04   0.118512E-05
   333   0.298339E+04   0.151749E+02   0.000000E+00   0.110722E+03   0.328678E-07   0.465033E-04   0.119129E-05
   334   0.295253E+04   0.153550E+02   0.000000E+00   0.109825E+03   0.327499E-07   0.460609E-04   0.119725E-05
   335   0.292192E+04   0.155340E+02   0.000000E+00   0.108893E+03   0.326328E-07   0.456225E-04   0.120299E-05
   336   0.289158E+04   0.157117E+02   0.000000E+00   0.107927E+03   0.325162E-07   0.451879E-04   0.120851E-05
   337   0.286150E+04   0.158882E+02   0.000000E+00   0.106927E+03   0.324002E-07   0.447572E-04   0.121381E-05
   338   0.283170E+04   0.160634E+02   0.000000E+00   0.105892E+03   0.322849E-07   0.443304E-04   0.121889E-05
   339   0.280218E+04   0.162372E+02   0.000000E+00   0.104825E+03   0.321702E-07   0.439076E-04   0.122373E-05
   340   0.277297E+04   0.164095E+02   0.000000E+00   0.103725E+03   0.320561E-07   0.434887E-04   0.122833E-05
   341   0.274405E+04   0.165803E+02   0.000000E+00   0.102593E+03   0.319425E-07   0.430737E-04   0.123269E-05
   342   0.271543E+04   0.167493E+02   0.000000E+00   0.101427E+03   0.318296E-07   0.426626E-04   0.123680E-05
   343   0.268713E+04   0.169167E+02   0.000000E+00   0.100231E+03   0.317172E-07   0.422556E-04   0.124067E-05
   344   0.265914E+04   0.170822E+02   0.000000E+00   0.990025E+02   0.316054E-07   0.418525E-04   0.124427E-05
   345   0.263146E+04   0.172459E+02   0.000000E+00   0.977428E+02   0.314942E-07   0.414534E-04   0.124761E-05
   346   0.260412E+04   0.174076E+02   0.000000E+00   0.964518E+02   0.313836E-07   0.410582E-04   0.125069E-05
   347   0.257710E+04   0.175672E+02   0.000000E+00   0.951304E+02   0.312735E-07   0.406671E-04   0.125350E-05
   348   0.255041E+04   0.177247E+02   0.000000E+00   0.937784E+02   0.311640E-07   0.402800E-04   0.125603E-05
   349   0.252407E+04   0.178800E+02   0.000000E+00   0.923982E+02   0.310550E-07   0.398970E-04   0.125829E-05
   350   0.249808E+04   0.180331E+02   0.000000E+00   0.909889E+02   0.309466E-07   0.395179E-04   0.126025E-05
   351   0.247246E+04   0.181840E+02   0.000000E+00   0.895521E+02   0.308387E-07   0.391429E-04   0.126194E-05
   352   0.244720E+04   0.183326E+02   0.000000E+00   0.880885E+02   0.307313E-07   0.387719E-04   0.126334E-05
   353   0.242232E+04   0.184788E+02   0.000000E+00   0.865981E+02   0.306245E-07   0.384047E-04   0.126449E-05
   354   0.239781E+04   0.186227E+02   0.000000E+00   0.850832E+02   0.305182E-07   0.380412E-04   0.126540E-05
   355   0.237370E+04   0.187640E+02   0.000000E+00   0.835429E+02   0.304124E-07   0.376814E-04   0.126607E-05
   356   0.234998E+04   0.189028E+02   0.000000E+00   0.819781E+02   0.303071E-07   0.373251E-04   0.126653E-05
   357   0.232664E+04   0.190390E+02   0.000000E+00   0.803895E+02   0.302024E-07   0.369722E-04   0.126680E-05
   358   0.230371E+04   0.191725E+02   0.000000E+00   0.787779E+02   0.300981E-07   0.366227E-04   0.126688E-05
   359   0.228118E+04   0.193032E+02   0.000000E+00   0.771431E+02   0.299944E-07   0.362764E-04   0.126679E-05
   360   0.225905E+04   0.194310E+02   0.000000E+00   0.754868E+02   0.298912E-07   0.359333E-04   0.126655E-05
   361   0.223733E+04   0.195560E+02   0.000000E+00   0.738079E+02   0.297885E-07   0.355932E-04   0.126617E-05
   362   0.221601E+04   0.196780E+02   0.000000E+00   0.721082E+02   0.296863E-07   0.352561E-04   0.126567E-05
   363   0.219512E+04   0.197970E+02   0.000000E+00   0.703884E+02   0.295846E-07   0.349217E-04   0.126506E-05
   364   0.217464E+04   0.199129E+02   0.000000E+00   0.686490E+02   0.294834E-07   0.345901E-04   0.126436E-05
   365   0.215458E+04   0.200257E+02   0.000000E+00   0.668910E+02   0.293827E-07   0.342612E-04   0.126358E-05
   366   0.213496E+04   0.201353E+02   0.000000E+00   0.651152E+02   0.292825E-07   0.339347E-04   0.126274E-05
   367   0.211576E+04   0.202417E+02   0.000000E+00   0.633222E+02   0.291827E-07   0.336107E-04   0.126185E-05
   368   0.209699E+04   0.203447E+02   0.000000E+00   0.615129E+02   0.290835E-07   0.332890E-04   0.126094E-05
   369   0.207865E+04   0.204446E+02   0.000000E+00   0.596880E+02   0.289847E-07   0.329696E-04   0.126000E-05
   370   0.206076E+04   0.205410E+02   0.000000E+00   0.578483E+02   0.288864E-07   0.326522E-04   0.125906E-05
   371   0.204330E+04   0.206341E+02   0.000000E+00   0.559946E+02   0.287886E-07   0.323369E-04   0.125814E-05
   372   0.202628E+04   0.207236E+02   0.000000E+00   0.541277E+02   0.286912E-07   0.320236E-04   0.125725E-05
   373   0.200970E+04   0.208097E+02   0.000000E+00   0.522482E+02   0.285944E-07   0.317120E-04   0.125640E-05
   374   0.199357E+04   0.208923E+02   0.000000E+00   0.503570E+02   0.284979E-07   0.314022E-04   0.125561E-05
   375   0.197787E+04   0.209714E+02   0.000000E+00   0.484548E+02   0.284020E-07   0.310939E-04   0.125490E-05
   376   0.196263E+04   0.210468E+02   0.000000E+00   0.465424E+02   0.283065E-07   0.307872E-04   0.125427E-05
   377   0.194783E+04   0.211186E+02   0.000000E+00   0.446205E+02   0.282114E-07   0.304819E-04   0.125375E-05
   378   0.193347E+04   0.211867E+02   0.000000E+00   0.426899E+02   0.281168E-07   0.301780E-04   0.125335E-05
   379   0.191957E+04   0.212510E+02   0.000000E+00   0.407513E+02   0.280227E-07   0.298752E-04   0.125308E-05
   380   0.190611E+04   0.213115E+02   0.000000E+00   0.388055E+02   0.279290E-07   0.295736E-04   0.125297E-05
   381   0.189311E+04   0.213682E+02   0.000000E+00   0.368532E+02   0.278357E-07   0.292729E-04   0.125302E-05
   382   0.188056E+04   0.214208E+02   0.000000E+00   0.348951E+02   0.277429E-07   0.289732E-04   0.125325E-05
   383   0.186845E+04   0.214697E+02   0.000000E+00   0.329322E+02   0.276505E-07   0.286743E-04   0.125367E-05
   384   0.185680E+04   0.215147E+02   0.000000E+00   0.309653E+02   0.275586E-07   0.283761E-04   0.125431E-05
   385   0.184559E+04   0.215557E+02   0.000000E+00   0.289951E+02   0.274670E-07   0.280785E-04   0.125517E-05
   386   0.183484E+04   0.215929E+02   0.000000E+00   0.270227E+02   0.273760E-07   0.277814E-04   0.125628E-05
   387   0.182453E+04   0.216261E+02   0.000000E+00   0.250487E+02   0.272853E-07   0.274848E-04   0.125764E-05
   388   0.181467E+04   0.216555E+02   0.000000E+00   0.230741E+02   0.271950E-07   0.271884E-04   0.125927E-05
   389   0.180525E+04   0.216809E+02   0.000000E+00   0.210997E+02   0.271052E-07   0.268922E-04   0.126119E-05
   390   0.179628E+04   0.217024E+02   0.000000E+00   0.191262E+02   0.270158E-07   0.265962E-04   0.126341E-05
   391   0.178775E+04   0.217199E+02   0.000000E+00   0.171546E+02   0.269268E-07   0.263001E-04   0.126595E-05
   392   0.177965E+04   0.217334E+02   0.000000E+00   0.151856E+02   0.268382E-07   0.260039E-04   0.126882E-05
   393   0.177200E+04   0.217430E+02   0.000000E+00   0.132200E+02   0.267500E-07   0.257076E-04   0.127203E-05
   394   0.176478E+04   0.217486E+02   0.000000E+00   0.112585E+02   0.266622E-07   0.254109E-04   0.127561E-05
   395   0.175799E+04   0.217501E+02   0.000000E+00   0.930199E+01   0.265748E-07   0.251138E-04   0.127957E-05
   396   0.175164E+04   0.217477E+02   0.000000E+00   0.735127E+01   0.264878E-07   0.248163E-04   0.128392E-05
   397   0.174570E+04   0.217411E+02   0.000000E+00   0.540711E+01   0.264012E-07   0.245181E-04   0.128867E-05
   398   0.174020E+04   0.217306E+02   0.000000E+00   0.347025E+01   0.263150E-07   0.242192E-04   0.129385E-05
   399   0.173512E+04   0.217160E+02   0.000000E+00   0.154150E+01   0.262291E-07   0.239195E-04   0.129947E-05
   400   0.173046E+04   0.216974E+02   0.000000E+00  -0.378377E+00   0.261437E-07   0.236189E-04   0.130554E-05
   401   0.172623E+04   0.216747E+02   0.000000E+00  -0.228862E+01   0.260586E-07   0.233174E-04   0.131208E-05
   402   0.172241E+04   0.216481E+02   0.000000E+00  -0.418845E+01   0.259739E-07   0.230149E-04   0.131905E-05
   403   0.171901E+04   0.216174E+02   0.000000E+00  -0.607710E+01   0.258896E-07   0.227117E-04   0.132644E-05
   404   0.171603E+04   0.215828E+02   0.000000E+00  -0.795379E+01   0.258056E-07   0.224078E-04   0.133422E-05
   405   0.171344E+04   0.215442E+02   0.000000E+00  -0.981775E+01   0.257221E-07   0.221033E-04   0.134236E-05
   406   0.171126E+04   0.215017E+02   0.000000E+00  -0.116683E+02   0.256389E-07   0.217984E-04   0.135084E-05
   407   0.170948E+04   0.214552E+02   0.000000E+00  -0.135045E+02   0.255560E-07   0.214932E-04   0.135964E-05
   408   0.170810E+04   0.214048E+02   0.000000E+00  -0.153257E+02   0.254736E-07   0.211878E-04   0.136871E-05
   409   0.170709E+04   0.213506E+02   0.000000E+00  -0.171311E+02   0.253915E-07   0.208823E-04   0.137805E-05
   410   0.170647E+04   0.212925E+02   0.000000E+00  -0.189200E+02   0.253097E-07   0.205768E-04   0.138761E-05
   411   0.170622E+04   0.212305E+02   0.000000E+00  -0.206916E+02   0.252284E-07   0.202714E-04   0.139739E-05
   412   0.170635E+04   0.211647E+02   0.000000E+00  -0.224454E+02   0.251474E-07   0.199662E-04   0.140734E-05
   413   0.170685E+04   0.210952E+02   0.000000E+00  -0.241807E+02   0.250667E-07   0.196615E-04   0.141744E-05
   414   0.170772E+04   0.210219E+02   0.000000E+00  -0.258968E+02   0.249864E-07   0.193572E-04   0.142768E-05
   415   0.170893E+04   0.209450E+02   0.000000E+00  -0.275931E+02   0.249065E-07   0.190534E-04   0.143801E-05
   416   0.171051E+04   0.208644E+02   0.000000E+00  -0.292691E+02   0.248269E-07   0.187504E-04   0.144842E-05
   417   0.171243E+04   0.207802E+02   0.000000E+00  -0.309238E+02   0.247477E-07   0.184482E-04   0.145888E-05
   418   0.171470E+04   0.206925E+02   0.000000E+00  -0.325569E+02   0.246688E-07   0.181469E-04   0.146935E-05
   419   0.171731E+04   0.206011E+02   0.000000E+00  -0.341674E+02   0.245903E-07   0.178467E-04   0.147983E-05
   420   0.172025E+04   0.205063E+02   0.000000E+00  -0.357550E+02   0.245121E-07   0.175476E-04   0.149027E-05
   421   0.172353E+04   0.204080E+02   0.000000E+00  -0.373188E+02   0.244343E-07   0.172498E-04   0.150066E-05
   422   0.172712E+04   0.203062E+02   0.000000E+00  -0.388582E+02   0.243568E-07   0.169534E-04   0.151097E-05
   423   0.173104E+04   0.202009E+02   0.000000E+00  -0.403725E+02   0.242796E-07   0.166585E-04   0.152117E-05
   424   0.173527E+04   0.200923E+02   0.000000E+00  -0.418612E+02   0.242028E-07   0.163651E-04   0.153123E-05
   425   0.173981E+04   0.199803E+02   0.000000E+00  -0.433237E+02   0.241264E-07   0.160735E-04   0.154113E-05
   426   0.174465E+04   0.198651E+02   0.000000E+00  -0.447596E+02   0.240502E-07   0.157838E-04   0.155084E-05
   427   0.174977E+04   0.197467E+02   0.000000E+00  -0.461685E+02   0.239744E-07   0.154960E-04   0.156034E-05
   428   0.175519E+04   0.196253E+02   0.000000E+00  -0.475499E+02   0.238990E-07   0.152102E-04   0.156960E-05
   429   0.176088E+04   0.195008E+02   0.000000E+00  -0.489034E+02   0.238239E-07   0.149267E-04   0.157859E-05
   430   0.176683E+04   0.193734E+02   0.000000E+00  -0.502285E+02   0.237491E-07   0.146454E-04   0.158729E-05
   431   0.177306E+04   0.192432E+02   0.000000E+00  -0.515249E+02   0.236746E-07   0.143665E-04   0.159567E-05
   432   0.177953E+04   0.191102E+02   0.000000E+00  -0.527920E+02   0.236005E-07   0.140902E-04   0.160371E-05
   433   0.178627E+04   0.189745E+02   0.000000E+00  -0.540294E+02   0.235267E-07   0.138165E-04   0.161137E-05
   434   0.179324E+04   0.188362E+02   0.000000E+00  -0.552367E+02   0.234532E-07   0.135455E-04   0.161864E-05
   435   0.180046E+04   0.186951E+02   0.000000E+00  -0.564134E+02   0.233800E-07   0.132774E-04   0.162548E-05
   436   0.180792E+04   0.185516E+02   0.000000E+00  -0.575590E+02   0.233072E-07   0.130123E-04   0.163188E-05
   437   0.181561E+04   0.184055E+02   0.000000E+00  -0.586731E+02   0.232347E-07   0.127503E-04   0.163779E-05
   438   0.182352E+04   0.182571E+02   0.000000E+00  -0.597553E+02   0.231625E-07   0.124914E-04   0.164321E-05
   439   0.183165E+04   0.181063E+02   0.000000E+00  -0.608051E+02   0.230906E-07   0.122359E-04   0.164810E-05
   440   0.183999E+04   0.179531E+02   0.000000E+00  -0.618223E+02   0.230190E-07   0.119838E-04   0.165243E-05
   441   0.184854E+04   0.177979E+02   0.000000E+00  -0.628066E+02   0.229478E-07   0.117353E-04   0.165618E-05
   442   0.185726E+04   0.176404E+02   0.000000E+00  -0.637576E+02   0.228768E-07   0.114904E-04   0.165932E-05
   443   0.186618E+04   0.174810E+02   0.000000E+00  -0.646749E+02   0.228062E-07   0.112493E-04   0.166183E-05
   444   0.187526E+04   0.173196E+02   0.000000E+00  -0.655583E+02   0.227359E-07   0.110121E-04   0.166368E-05
   445   0.188451E+04   0.171563E+02   0.000000E+00  -0.664075E+02   0.226658E-07   0.107789E-04   0.166485E-05
   446   0.189392E+04   0.169913E+02   0.000000E+00  -0.672222E+02   0.225961E-07   0.105498E-04   0.166530E-05
   447   0.190347E+04   0.168246E+02   0.000000E+00  -0.680023E+02   0.225267E-07   0.103249E-04   0.166502E-05
   448   0.191318E+04   0.166563E+02   0.000000E+00  -0.687478E+02   0.224576E-07   0.101044E-04   0.166397E-05
   449   0.192303E+04   0.164866E+02   0.000000E+00  -0.694583E+02   0.223888E-07   0.988828E-05   0.166213E-05
   450   0.193301E+04   0.163153E+02   0.000000E+00  -0.701339E+02   0.223203E-07   0.967677E-05   0.165947E-05
   451   0.194313E+04   0.161428E+02   0.000000E+00  -0.707744E+02   0.222521E-07   0.946990E-05   0.165598E-05
   452   0.195338E+04   0.159691E+02   0.000000E+00  -0.713796E+02   0.221841E-07   0.926767E-05   0.165166E-05
   453   0.196375E+04   0.157942E+02   0.000000E+00  -0.719493E+02   0.221165E-07   0.906999E-05   0.164655E-05
   454   0.197422E+04   0.156183E+02   0.000000E+00  -0.724834E+02   0.220492E-07   0.887683E-05   0.164065E-05
   455   0.198479E+04   0.154414E+02   0.000000E+00  -0.729815E+02   0.219821E-07   0.868811E-05   0.163398E-05
   456   0.199546E+04   0.152636E+02   0.000000E+00  -0.734436E+02   0.219154E-07   0.850379E-05   0.162658E-05
   457   0.200620E+04   0.150850E+02   0.000000E+00  -0.738695E+02   0.218489E-07   0.832380E-05   0.161845E-05
   458   0.201701E+04   0.149058E+02   0.000000E+00  -0.742589E+02   0.217828E-07   0.814809E-05   0.160963E-05
   459   0.202787E+04   0.147259E+02   0.000000E+00  -0.746119E+02   0.217169E-07   0.797659E-05   0.160012E-05
   460   0.203880E+04   0.145456E+02   0.000000E+00  -0.749284E+02   0.216513E-07   0.780926E-05   0.158995E-05
   461   0.204976E+04   0.143647E+02   0.000000E+00  -0.752079E+02   0.215859E-07   0.764602E-05   0.157914E-05
   462   0.206079E+04   0.141837E+02   0.000000E+00  -0.754524E+02   0.215209E-07   0.748683E-05   0.156771E-05
   463   0.207185E+04   0.140025E+02   0.000000E+00  -0.756606E+02   0.214561E-07   0.733163E-05   0.155568E-05
   464   0.208295E+04   0.138213E+02   0.000000E+00  -0.758332E+02   0.213916E-07   0.718035E-05   0.154307E-05
   465   0.209408E+04   0.136401E+02   0.000000E+00  -0.759701E+02   0.213274E-07   0.703294E-05   0.152990E-05
   466   0.210525E+04   0.134590E+02   0.000000E+00  -0.760722E+02   0.212635E-07   0.688934E-05   0.151619E-05
   467   0.211644E+04   0.132783E+02   0.000000E+00  -0.761386E+02   0.211998E-07   0.674950E-05   0.150196E-05
   468   0.212763E+04   0.130979E+02   0.000000E+00  -0.761701E+02   0.211364E-07   0.661335E-05   0.148723E-05
   469   0.213884E+04   0.129180E+02   0.000000E+00  -0.761667E+02   0.210733E-07   0.648083E-05   0.147202E-05
   470   0.215004E+04   0.127386E+02   0.000000E+00  -0.761284E+02   0.210105E-07   0.635190E-05   0.145635E-05
   471   0.216121E+04   0.125599E+02   0.000000E+00  -0.760545E+02   0.209479E-07   0.622649E-05   0.144025E-05
   472   0.217236E+04   0.123820E+02   0.000000E+00  -0.759464E+02   0.208856E-07   0.610454E-05   0.142373E-05
   473   0.218348E+04   0.122049E+02   0.000000E+00  -0.758026E+02   0.208236E-07   0.598600E-05   0.140681E-05
   474   0.219456E+04   0.120287E+02   0.000000E+00  -0.756255E+02   0.207618E-07   0.587080E-05   0.138951E-05
   475   0.220559E+04   0.118536E+02   0.000000E+00  -0.754134E+02   0.207003E-07   0.575889E-05   0.137185E-05
   476   0.221658E+04   0.116797E+02   0.000000E+00  -0.751672E+02   0.206390E-07   0.565022E-05   0.135386E-05
   477   0.222751E+04   0.115070E+02   0.000000E+00  -0.748876E+02   0.205780E-07   0.554471E-05   0.133555E-05
   478   0.223838E+04   0.113357E+02   0.000000E+00  -0.745746E+02   0.205173E-07   0.544233E-05   0.131695E-05
   479   0.224921E+04   0.111659E+02   0.000000E+00  -0.742291E+02   0.204568E-07   0.534299E-05   0.129806E-05
   480   0.225996E+04   0.109977E+02   0.000000E+00  -0.738507E+02   0.203966E-07   0.524666E-05   0.127893E-05
   481   0.227065E+04   0.108311E+02   0.000000E+00  -0.734401E+02   0.203366E-07   0.515327E-05   0.125955E-05
   482   0.228125E+04   0.106663E+02   0.000000E+00  -0.729975E+02   0.202769E-07   0.506276E-05   0.123996E-05
   483   0.229178E+04   0.105034E+02   0.000000E+00  -0.725233E+02   0.202174E-07   0.497508E-05   0.122017E-05
   484   0.230220E+04   0.103425E+02   0.000000E+00  -0.720179E+02   0.201582E-07   0.489016E-05   0.120021E-05
   485   0.231251E+04   0.101837E+02   0.000000E+00  -0.714817E+02   0.200993E-07   0.480796E-05   0.118009E-05
   486   0.232272E+04   0.100270E+02   0.000000E+00  -0.709149E+02   0.200406E-07   0.472840E-05   0.115984E-05
   487   0.233281E+04   0.987261E+01   0.000000E+00  -0.703181E+02   0.199821E-07   0.465144E-05   0.113947E-05
   488   0.234277E+04   0.972063E+01   0.000000E+00  -0.696915E+02   0.199239E-07   0.457701E-05   0.111901E-05
   489   0.235262E+04   0.957103E+01   0.000000E+00  -0.690358E+02   0.198659E-07   0.450506E-05   0.109848E-05
   490   0.236233E+04   0.942402E+01   0.000000E+00  -0.683515E+02   0.198081E-07   0.443552E-05   0.107789E-05
   491   0.237191E+04   0.927969E+01   0.000000E+00  -0.676391E+02   0.197507E-07   0.436835E-05   0.105726E-05
   492   0.238135E+04   0.913803E+01   0.000000E+00  -0.668989E+02   0.196934E-07   0.430348E-05   0.103663E-05
   493   0.239066E+04   0.899920E+01   0.000000E+00  -0.661317E+02   0.196364E-07   0.424086E-05   0.101600E-05
   494   0.239983E+04   0.886334E+01   0.000000E+00  -0.653377E+02   0.195796E-07   0.418043E-05   0.995393E-06
   495   0.240885E+04   0.873052E+01   0.000000E+00  -0.645178E+02   0.195230E-07   0.412212E-05   0.974836E-06
   496   0.241772E+04   0.860075E+01   0.000000E+00  -0.636721E+02   0.194667E-07   0.406588E-05   0.954346E-06
   497   0.242643E+04   0.847417E+01   0.000000E+00  -0.628015E+02   0.194106E-07   0.401166E-05   0.933944E-06
   498   0.243497E+04   0.835086E+01   0.000000E+00  -0.619063E+02   0.193548E-07   0.395939E-05   0.913650E-06
   499   0.244334E+04   0.823090E+01   0.000000E+00  -0.609872E+02   0.192992E-07   0.390902E-05   0.893483E-06
   500   0.245154E+04   0.811442E+01   0.000000E+00  -0.600447E+02   0.192438E-07   0.386049E-05   0.873465E-06
   501   0.245955E+04   0.800144E+01   0.000000E+00  -0.590793E+02   0.191886E-07   0.381375E-05   0.853611E-06
   502   0.246737E+04   0.789209E+01   0.000000E+00  -0.580917E+02   0.191337E-07   0.376877E-05   0.833922E-06
   503   0.247500E+04   0.778639E+01   0.000000E+00  -0.570825E+02   0.190790E-07   0.372554E-05   0.814395E-06
   504   0.248243E+04   0.768455E+01   0.000000E+00  -0.560526E+02   0.190245E-07   0.368404E-05   0.795027E-06
   505   0.248969E+04   0.758649E+01   0.000000E+00  -0.550025E+02   0.189702E-07   0.364424E-05   0.775815E-06
   506   0.249674E+04   0.749238E+01   0.000000E+00  -0.539329E+02   0.189162E-07   0.360614E-05   0.756755E-06
   507   0.250359E+04   0.740228E+01   0.000000E+00  -0.528445E+02   0.188623E-07   0.356971E-05   0.737845E-06
   508   0.251025E+04   0.731629E+01   0.000000E+00  -0.517381E+02   0.188087E-07   0.353494E-05   0.719081E-06
   509   0.251670E+04   0.723446E+01   0.000000E+00  -0.506142E+02   0.187554E-07   0.350181E-05   0.700460E-06
   510   0.252295E+04   0.715686E+01   0.000000E+00  -0.494737E+02   0.187022E-07   0.347030E-05   0.681979E-06
   511   0.252899E+04   0.708354E+01   0.000000E+00  -0.483171E+02   0.186492E-07   0.344039E-05   0.663634E-06
   512   0.253483E+04   0.701457E+01   0.000000E+00  -0.471453E+02   0.185965E-07   0.341207E-05   0.645424E-06
   513   0.254045E+04   0.695001E+01   0.000000E+00  -0.459588E+02   0.185440E-07   0.338532E-05   0.627344E-06
   514   0.254586E+04   0.688994E+01   0.000000E+00  -0.447583E+02   0.184917E-07   0.336012E-05   0.609391E-06
   515   0.255105E+04   0.683440E+01   0.000000E+00  -0.435447E+02   0.184396E-07   0.333645E-05   0.591562E-06
   516   0.255603E+04   0.678345E+01   0.000000E+00  -0.423186E+02   0.183878E-07   0.331430E-05   0.573855E-06
   517   0.256078E+04   0.673715E+01   0.000000E+00  -0.410807E+02   0.183361E-07   0.329364E-05   0.556265E-06
   518   0.256531E+04   0.669556E+01   0.000000E+00  -0.398317E+02   0.182846E-07   0.327447E-05   0.538790E-06
   519   0.256961E+04   0.665872E+01   0.000000E+00  -0.385725E+02   0.182334E-07   0.325675E-05   0.521426E-06
   520   0.257367E+04   0.662669E+01   0.000000E+00  -0.373038E+02   0.181824E-07   0.324048E-05   0.504171E-06
   521   0.257750E+04   0.659952E+01   0.000000E+00  -0.360262E+02   0.181316E-07   0.322564E-05   0.487022E-06
   522   0.258110E+04   0.657727E+01   0.000000E+00  -0.347406E+02   0.180810E-07   0.321220E-05   0.469974E-06
   523   0.258445E+04   0.655996E+01   0.000000E+00  -0.334475E+02   0.180306E-07   0.320016E-05   0.453025E-06
   524   0.258757E+04   0.654765E+01   0.000000E+00  -0.321480E+02   0.179804E-07   0.318948E-05   0.436173E-06
   525   0.259044E+04   0.654035E+01   0.000000E+00  -0.308425E+02   0.179304E-07   0.318017E-05   0.419412E-06
   526   0.259308E+04   0.653811E+01   0.000000E+00  -0.295320E+02   0.178806E-07   0.317219E-05   0.402742E-06
   527   0.259549E+04   0.654095E+01   0.000000E+00  -0.282170E+02   0.178310E-07   0.316553E-05   0.386157E-06
   528   0.259766E+04   0.654892E+01   0.000000E+00  -0.268985E+02   0.177816E-07   0.316017E-05   0.369656E-06
   529   0.259959E+04   0.656204E+01   0.000000E+00  -0.255770E+02   0.177325E-07   0.315610E-05   0.353235E-06
   530   0.260129E+04   0.658033E+01   0.000000E+00  -0.242535E+02   0.176835E-07   0.315329E-05   0.336891E-06
   531   0.260274E+04   0.660382E+01   0.000000E+00  -0.229286E+02   0.176347E-07   0.315173E-05   0.320621E-06
   532   0.260397E+04   0.663253E+01   0.000000E+00  -0.216034E+02   0.175861E-07   0.315141E-05   0.304421E-06
   533   0.260496E+04   0.666648E+01   0.000000E+00  -0.202784E+02   0.175377E-07   0.315229E-05   0.288289E-06
   534   0.260570E+04   0.670569E+01   0.000000E+00  -0.189546E+02   0.174896E-07   0.315437E-05   0.272221E-06
   535   0.260621E+04   0.675018E+01   0.000000E+00  -0.176326E+02   0.174416E-07   0.315763E-05   0.256214E-06
   536   0.260648E+04   0.679997E+01   0.000000E+00  -0.163135E+02   0.173938E-07   0.316205E-05   0.240265E-06
   537   0.260651E+04   0.685507E+01   0.000000E+00  -0.149978E+02   0.173462E-07   0.316762E-05   0.224371E-06
   538   0.260631E+04   0.691549E+01   0.000000E+00  -0.136863E+02   0.172988E-07   0.317430E-05   0.208529E-06
   539   0.260588E+04   0.698121E+01   0.000000E+00  -0.123799E+02   0.172516E-07   0.318210E-05   0.192735E-06
   540   0.260520E+04   0.705226E+01   0.000000E+00  -0.110792E+02   0.172046E-07   0.319098E-05   0.176986E-06
   541   0.260430E+04   0.712864E+01   0.000000E+00  -0.978502E+01   0.171577E-07   0.320094E-05   0.161280E-06
   542   0.260317E+04   0.721034E+01   0.000000E+00  -0.849809E+01   0.171111E-07   0.321194E-05   0.145613E-06
   543   0.260180E+04   0.729737E+01   0.000000E+00  -0.721913E+01   0.170647E-07   0.322399E-05   0.129982E-06
   544   0.260021E+04   0.738973E+01   0.000000E+00  -0.594888E+01   0.170184E-07   0.323705E-05   0.114384E-06
   545   0.259840E+04   0.748739E+01   0.000000E+00  -0.468804E+01   0.169723E-07   0.325111E-05   0.988156E-07
   546   0.259635E+04   0.759035E+01   0.000000E+00  -0.343728E+01   0.169265E-07   0.326616E-05   0.832736E-07
   547   0.259409E+04   0.769858E+01   0.000000E+00  -0.219731E+01   0.168808E-07   0.328217E-05   0.677549E-07
   548   0.259160E+04   0.781201E+01   0.000000E+00  -0.968823E+00   0.168352E-07   0.329913E-05   0.522564E-07
   549   0.258888E+04   0.793080E+01   0.000000E+00   0.247480E+00   0.167899E-07   0.331702E-05   0.367750E-07
   550   0.258595E+04   0.805470E+01   0.000000E+00   0.145091E+01   0.167448E-07   0.333582E-05   0.213075E-07
   551   0.258280E+04   0.818389E+01   0.000000E+00   0.264075E+01   0.166998E-07   0.335551E-05   0.585161E-08
   552   0.257944E+04   0.831819E+01   0.000000E+00   0.381627E+01   0.166550E-07   0.337609E-05  -0.959128E-08
   553   0.257586E+04   0.845763E+01   0.000000E+00   0.497676E+01   0.166104E-07   0.339754E-05  -0.250190E-07
   554   0.257209E+04   0.860219E+01   0.000000E+00   0.612152E+01   0.165660E-07   0.341986E-05  -0.404293E-07
   555   0.256811E+04   0.875180E+01   0.000000E+00   0.724981E+01   0.165218E-07   0.344302E-05  -0.558201E-07
   556   0.256392E+04   0.890646E+01   0.000000E+00   0.836092E+01   0.164777E-07   0.346703E-05  -0.711890E-07
   557   0.255954E+04   0.906610E+01   0.000000E+00   0.945419E+01   0.164338E-07   0.349187E-05  -0.865339E-07
   558   0.255496E+04   0.923072E+01   0.000000E+00   0.105289E+02   0.163901E-07   0.351753E-05  -0.101853E-06
   559   0.255019E+04   0.940024E+01   0.000000E+00   0.115845E+02   0.163466E-07   0.354400E-05  -0.117143E-06
   560   0.254523E+04   0.957466E+01   0.000000E+00   0.126203E+02   0.163032E-07   0.357127E-05  -0.132403E-06
   561   0.254009E+04   0.975384E+01   0.000000E+00   0.136357E+02   0.162600E-07   0.359934E-05  -0.147629E-06
   562   0.253475E+04   0.993784E+01   0.000000E+00   0.146302E+02   0.162170E-07   0.362818E-05  -0.162821E-06
   563   0.252924E+04   0.101265E+02   0.000000E+00   0.156030E+02   0.161742E-07   0.365779E-05  -0.177976E-06
   564   0.252355E+04   0.103199E+02   0.000000E+00   0.165536E+02   0.161315E-07   0.368815E-05  -0.193091E-06
   565   0.251768E+04   0.105179E+02   0.000000E+00   0.174815E+02   0.160891E-07   0.371927E-05  -0.208164E-06
   566   0.251164E+04   0.107204E+02   0.000000E+00   0.183861E+02   0.160467E-07   0.375112E-05  -0.223193E-06
   567   0.250544E+04   0.109274E+02   0.000000E+00   0.192667E+02   0.160046E-07   0.378370E-05  -0.238177E-06
   568   0.249907E+04   0.111388E+02   0.000000E+00   0.201230E+02   0.159626E-07   0.381700E-05  -0.253112E-06
   569   0.249253E+04   0.113546E+02   0.000000E+00   0.209544E+02   0.159208E-07   0.385100E-05  -0.267996E-06
   570   0.248583E+04   0.115746E+02   0.000000E+00   0.217604E+02   0.158792E-07   0.388570E-05  -0.282828E-06
   571   0.247897E+04   0.117989E+02   0.000000E+00   0.225404E+02   0.158377E-07   0.392108E-05  -0.297605E-06
   572   0.247196E+04   0.120273E+02   0.000000E+00   0.232941E+02   0.157964E-07   0.395714E-05  -0.312325E-06
   573   0.246481E+04   0.122597E+02   0.000000E+00   0.240209E+02   0.157552E-07   0.399387E-05  -0.326985E-06
   574   0.245751E+04   0.124961E+02   0.000000E+00   0.247205E+02   0.157142E-07   0.403124E-05  -0.341584E-06
   575   0.245008E+04   0.127365E+02   0.000000E+00   0.253926E+02   0.156734E-07   0.406927E-05  -0.356119E-06
   576   0.244251E+04   0.129806E+02   0.000000E+00   0.260366E+02   0.156328E-07   0.410792E-05  -0.370588E-06
   577   0.243482E+04   0.132285E+02   0.000000E+00   0.266522E+02   0.155923E-07   0.414720E-05  -0.384989E-06
   578   0.242700E+04   0.134800E+02   0.000000E+00   0.272389E+02   0.155520E-07   0.418709E-05  -0.399320E-06
   579   0.241907E+04   0.137352E+02   0.000000E+00   0.277965E+02   0.155118E-07   0.422758E-05  -0.413578E-06
   580   0.241102E+04   0.139938E+02   0.000000E+00   0.283245E+02   0.154718E-07   0.426866E-05  -0.427761E-06
   581   0.240287E+04   0.142558E+02   0.000000E+00   0.288225E+02   0.154319E-07   0.431032E-05  -0.441867E-06
   582   0.239462E+04   0.145211E+02   0.000000E+00   0.292901E+02   0.153923E-07   0.435256E-05  -0.455894E-06
   583   0.238626E+04   0.147895E+02   0.000000E+00   0.297270E+02   0.153527E-07   0.439535E-05  -0.469839E-06
   584   0.237782E+04   0.150612E+02   0.000000E+00   0.301328E+02   0.153133E-07   0.443869E-05  -0.483701E-06
   585   0.236928E+04   0.153357E+02   0.000000E+00   0.305072E+02   0.152741E-07   0.448258E-05  -0.497477E-06
   586   0.236066E+04   0.156132E+02   0.000000E+00   0.308498E+02   0.152351E-07   0.452699E-05  -0.511165E-06
   587   0.235195E+04   0.158936E+02   0.000000E+00   0.311604E+02   0.151962E-07   0.457192E-05  -0.524763E-06
   588   0.234318E+04   0.161766E+02   0.000000E+00   0.314388E+02   0.151574E-07   0.461735E-05  -0.538268E-06
   589   0.233432E+04   0.164622E+02   0.000000E+00   0.316848E+02   0.151188E-07   0.466329E-05  -0.551679E-06
   590   0.232541E+04   0.167504E+02   0.000000E+00   0.318980E+02   0.150804E-07   0.470971E-05  -0.564993E-06
   591   0.231644E+04   0.170409E+02   0.000000E+00   0.320783E+02   0.150421E-07   0.475661E-05  -0.578208E-06
   592   0.230740E+04   0.173337E+02   0.000000E+00   0.322253E+02   0.150039E-07   0.480398E-05  -0.591321E-06
   593   0.229832E+04   0.176287E+02   0.000000E+00   0.323390E+02   0.149659E-07   0.485180E-05  -0.604331E-06
   594   0.228918E+04   0.179257E+02   0.000000E+00   0.324191E+02   0.149281E-07   0.490006E-05  -0.617235E-06
   595   0.228001E+04   0.182247E+02   0.000000E+00   0.324657E+02   0.148904E-07   0.494877E-05  -0.630031E-06
   596   0.227080E+04   0.185255E+02   0.000000E+00   0.324784E+02   0.148528E-07   0.499789E-05  -0.642717E-06
   597   0.226155E+04   0.188281E+02   0.000000E+00   0.324571E+02   0.148154E-07   0.504743E-05  -0.655291E-06
   598   0.225227E+04   0.191322E+02   0.000000E+00   0.324018E+02   0.147782E-07   0.509738E-05  -0.667751E-06
   599   0.224298E+04   0.194379E+02   0.000000E+00   0.323123E+02   0.147411E-07   0.514771E-05  -0.680093E-06
   600   0.223365E+04   0.197449E+02   0.000000E+00   0.321885E+02   0.147041E-07   0.519843E-05  -0.692317E-06
   601   0.222432E+04   0.200531E+02   0.000000E+00   0.320305E+02   0.146673E-07   0.524952E-05  -0.704419E-06
   602   0.221497E+04   0.203625E+02   0.000000E+00   0.318383E+02   0.146306E-07   0.530098E-05  -0.716400E-06
   603   0.220563E+04   0.206729E+02   0.000000E+00   0.316118E+02   0.145941E-07   0.535278E-05  -0.728259E-06
   604   0.219628E+04   0.209842E+02   0.000000E+00   0.313510E+02   0.145577E-07   0.540493E-05  -0.739994E-06
   605   0.218693E+04   0.212963E+02   0.000000E+00   0.310561E+02   0.145215E-07   0.545740E-05  -0.751606E-06
   606   0.217759E+04   0.216090E+02   0.000000E+00   0.307269E+02   0.144854E-07   0.551020E-05  -0.763093E-06
   607   0.216826E+04   0.219223E+02   0.000000E+00   0.303636E+02   0.144494E-07   0.556330E-05  -0.774455E-06
   608   0.215896E+04   0.222360E+02   0.000000E+00   0.299661E+02   0.144136E-07   0.561670E-05  -0.785691E-06
   609   0.214968E+04   0.225500E+02   0.000000E+00   0.295347E+02   0.143779E-07   0.567039E-05  -0.796802E-06
   610   0.214042E+04   0.228641E+02   0.000000E+00   0.290693E+02   0.143424E-07   0.572436E-05  -0.807785E-06
   611   0.213120E+04   0.231781E+02   0.000000E+00   0.285701E+02   0.143069E-07   0.577859E-05  -0.818640E-06
   612   0.212202E+04   0.234921E+02   0.000000E+00   0.280371E+02   0.142717E-07   0.583308E-05  -0.829368E-06
   613   0.211287E+04   0.238059E+02   0.000000E+00   0.274705E+02   0.142365E-07   0.588781E-05  -0.839966E-06
   614   0.210377E+04   0.241192E+02   0.000000E+00   0.268704E+02   0.142015E-07   0.594278E-05  -0.850435E-06
   615   0.209472E+04   0.244321E+02   0.000000E+00   0.262371E+02   0.141667E-07   0.599797E-05  -0.860773E-06
   616   0.208574E+04   0.247444E+02   0.000000E+00   0.255710E+02   0.141320E-07   0.605338E-05  -0.870981E-06
   617   0.207681E+04   0.250560E+02   0.000000E+00   0.248722E+02   0.140974E-07   0.610899E-05  -0.881057E-06
   618   0.206795E+04   0.253668E+02   0.000000E+00   0.241411E+02   0.140629E-07   0.616479E-05  -0.891001E-06
   619   0.205916E+04   0.256766E+02   0.000000E+00   0.233779E+02   0.140286E-07   0.622078E-05  -0.900812E-06
   620   0.205044E+04   0.259855E+02   0.000000E+00   0.225829E+02   0.139944E-07   0.627693E-05  -0.910490E-06
   621   0.204181E+04   0.262932E+02   0.000000E+00   0.217564E+02   0.139603E-07   0.633325E-05  -0.920034E-06
   622   0.203326E+04   0.265996E+02   0.000000E+00   0.208987E+02   0.139264E-07   0.638971E-05  -0.929443E-06
   623   0.202479E+04   0.269045E+02   0.000000E+00   0.200100E+02   0.138926E-07   0.644632E-05  -0.938716E-06
   624   0.201642E+04   0.272080E+02   0.000000E+00   0.190907E+02   0.138589E-07   0.650305E-05  -0.947854E-06
   625   0.200815E+04   0.275098E+02   0.000000E+00   0.181410E+02   0.138254E-07   0.655991E-05  -0.956855E-06
   626   0.199998E+04   0.278097E+02   0.000000E+00   0.171613E+02   0.137920E-07   0.661687E-05  -0.965718E-06
   627   0.199191E+04   0.281077E+02   0.000000E+00   0.161518E+02   0.137587E-07   0.667392E-05  -0.974444E-06
   628   0.198395E+04   0.284036E+02   0.000000E+00   0.151129E+02   0.137256E-07   0.673107E-05  -0.983031E-06
   629   0.197610E+04   0.286974E+02   0.000000E+00   0.140452E+02   0.136925E-07   0.678829E-05  -0.991478E-06
   630   0.196837E+04   0.289889E+02   0.000000E+00   0.129488E+02   0.136596E-07   0.684557E-05  -0.999786E-06
   631   0.196076E+04   0.292780E+02   0.000000E+00   0.118244E+02   0.136269E-07   0.690291E-05  -0.100795E-05
   632   0.195327E+04   0.295645E+02   0.000000E+00   0.106723E+02   0.135942E-07   0.696030E-05  -0.101598E-05
   633   0.194591E+04   0.298484E+02   0.000000E+00   0.949284E+01   0.135617E-07   0.701772E-05  -0.102386E-05
   634   0.193867E+04   0.301295E+02   0.000000E+00   0.828659E+01   0.135293E-07   0.707516E-05  -0.103160E-05
   635   0.193157E+04   0.304077E+02   0.000000E+00   0.705402E+01   0.134970E-07   0.713261E-05  -0.103920E-05
   636   0.192461E+04   0.306829E+02   0.000000E+00   0.579559E+01   0.134649E-07   0.719007E-05  -0.104666E-05
   637   0.191780E+04   0.309551E+02   0.000000E+00   0.451181E+01   0.134328E-07   0.724752E-05  -0.105397E-05
   638   0.191112E+04   0.312240E+02   0.000000E+00   0.320320E+01   0.134009E-07   0.730494E-05  -0.106113E-05
   639   0.190459E+04   0.314896E+02   0.000000E+00   0.187025E+01   0.133691E-07   0.736234E-05  -0.106815E-05
   640   0.189821E+04   0.317517E+02   0.000000E+00   0.513472E+00   0.133375E-07   0.741970E-05  -0.107502E-05
   641   0.189199E+04   0.320104E+02   0.000000E+00  -0.866623E+00   0.133059E-07   0.747701E-05  -0.108175E-05
   642   0.188591E+04   0.322653E+02   0.000000E+00  -0.226945E+01   0.132745E-07   0.753425E-05  -0.108833E-05
   643   0.188001E+04   0.325165E+02   0.000000E+00  -0.369442E+01   0.132432E-07   0.759143E-05  -0.109476E-05
   644   0.187425E+04   0.327639E+02   0.000000E+00  -0.514094E+01   0.132120E-07   0.764852E-05  -0.110104E-05
   645   0.186867E+04   0.330072E+02   0.000000E+00  -0.660841E+01   0.131809E-07   0.770552E-05  -0.110717E-05
   646   0.186325E+04   0.332463E+02   0.000000E+00  -0.809625E+01   0.131499E-07   0.776241E-05  -0.111315E-05
   647   0.185800E+04   0.334813E+02   0.000000E+00  -0.960379E+01   0.131191E-07   0.781919E-05  -0.111898E-05
   648   0.185292E+04   0.337119E+02   0.000000E+00  -0.111306E+02   0.130884E-07   0.787584E-05  -0.112466E-05
   649   0.184801E+04   0.339381E+02   0.000000E+00  -0.126758E+02   0.130578E-07   0.793237E-05  -0.113019E-05
   650   0.184329E+04   0.341597E+02   0.000000E+00  -0.142389E+02   0.130273E-07   0.798874E-05  -0.113556E-05
   651   0.183874E+04   0.343768E+02   0.000000E+00  -0.158191E+02   0.129969E-07   0.804495E-05  -0.114078E-05
   652   0.183436E+04   0.345894E+02   0.000000E+00  -0.174159E+02   0.129666E-07   0.810101E-05  -0.114585E-05
   653   0.183017E+04   0.347972E+02   0.000000E+00  -0.190286E+02   0.129365E-07   0.815688E-05  -0.115076E-05
   654   0.182617E+04   0.350003E+02   0.000000E+00  -0.206565E+02   0.129064E-07   0.821258E-05  -0.115552E-05
   655   0.182236E+04   0.351985E+02   0.000000E+00  -0.222989E+02   0.128765E-07   0.826808E-05  -0.116013E-05
   656   0.181872E+04   0.353919E+02   0.000000E+00  -0.239551E+02   0.128466E-07   0.832339E-05  -0.116459E-05
   657   0.181528E+04   0.355803E+02   0.000000E+00  -0.256245E+02   0.128169E-07   0.837849E-05  -0.116890E-05
   658   0.181204E+04   0.357636E+02   0.000000E+00  -0.273063E+02   0.127873E-07   0.843337E-05  -0.117306E-05
   659   0.180898E+04   0.359417E+02   0.000000E+00  -0.289997E+02   0.127578E-07   0.848803E-05  -0.117706E-05
   660   0.180612E+04   0.361147E+02   0.000000E+00  -0.307042E+02   0.127284E-07   0.854246E-05  -0.118092E-05
   661   0.180346E+04   0.362823E+02   0.000000E+00  -0.324190E+02   0.126992E-07   0.859665E-05  -0.118462E-05
   662   0.180099E+04   0.364444E+02   0.000000E+00  -0.341433E+02   0.126700E-07   0.865058E-05  -0.118818E-05
   663   0.179871E+04   0.366012E+02   0.000000E+00  -0.358764E+02   0.126409E-07   0.870426E-05  -0.119159E-05
   664   0.179664E+04   0.367524E+02   0.000000E+00  -0.376175E+02   0.126120E-07   0.875767E-05  -0.119485E-05
   665   0.179477E+04   0.368980E+02   0.000000E+00  -0.393659E+02   0.125831E-07   0.881081E-05  -0.119796E-05
   666   0.179309E+04   0.370379E+02   0.000000E+00  -0.411210E+02   0.125544E-07   0.886367E-05  -0.120093E-05
   667   0.179161E+04   0.371723E+02   0.000000E+00  -0.428819E+02   0.125258E-07   0.891623E-05  -0.120375E-05
   668   0.179034E+04   0.373008E+02   0.000000E+00  -0.446478E+02   0.124972E-07   0.896849E-05  -0.120642E-05
   669   0.178926E+04   0.374234E+02   0.000000E+00  -0.464181E+02   0.124688E-07   0.902045E-05  -0.120894E-05
   670   0.178839E+04   0.375403E+02   0.000000E+00  -0.481920E+02   0.124405E-07   0.907208E-05  -0.121132E-05
   671   0.178772E+04   0.376513E+02   0.000000E+00  -0.499687E+02   0.124123E-07   0.912340E-05  -0.121355E-05
   672   0.178725E+04   0.377563E+02   0.000000E+00  -0.517475E+02   0.123842E-07   0.917437E-05  -0.121564E-05
   673   0.178698E+04   0.378553E+02   0.000000E+00  -0.535276E+02   0.123561E-07   0.922501E-05  -0.121759E-05
   674   0.178691E+04   0.379483E+02   0.000000E+00  -0.553084E+02   0.123282E-07   0.927530E-05  -0.121938E-05
   675   0.178705E+04   0.380353E+02   0.000000E+00  -0.570890E+02   0.123004E-07   0.932523E-05  -0.122104E-05
   676   0.178739E+04   0.381161E+02   0.000000E+00  -0.588685E+02   0.122727E-07   0.937478E-05  -0.122255E-05
   677   0.178793E+04   0.381909E+02   0.000000E+00  -0.606465E+02   0.122451E-07   0.942397E-05  -0.122392E-05
   678   0.178866E+04   0.382594E+02   0.000000E+00  -0.624219E+02   0.122176E-07   0.947277E-05  -0.122514E-05
   679   0.178960E+04   0.383216E+02   0.000000E+00  -0.641939E+02   0.121902E-07   0.952118E-05  -0.122623E-05
   680   0.179075E+04   0.383777E+02   0.000000E+00  -0.659618E+02   0.121629E-07   0.956918E-05  -0.122717E-05
   681   0.179208E+04   0.384273E+02   0.000000E+00  -0.677247E+02   0.121357E-07   0.961678E-05  -0.122797E-05
   682   0.179361E+04   0.384706E+02   0.000000E+00  -0.694818E+02   0.121086E-07   0.966396E-05  -0.122862E-05
   683   0.179534E+04   0.385075E+02   0.000000E+00  -0.712324E+02   0.120816E-07   0.971071E-05  -0.122914E-05
   684   0.179727E+04   0.385380E+02   0.000000E+00  -0.729757E+02   0.120546E-07   0.975703E-05  -0.122952E-05
   685   0.179938E+04   0.385621E+02   0.000000E+00  -0.747111E+02   0.120278E-07   0.980290E-05  -0.122975E-05
   686   0.180169E+04   0.385799E+02   0.000000E+00  -0.764375E+02   0.120011E-07   0.984832E-05  -0.122985E-05
   687   0.180419E+04   0.385914E+02   0.000000E+00  -0.781549E+02   0.119745E-07   0.989329E-05  -0.122981E-05
   688   0.180689E+04   0.385966E+02   0.000000E+00  -0.798626E+02   0.119479E-07   0.993778E-05  -0.122963E-05
   689   0.180977E+04   0.385955E+02   0.000000E+00  -0.815592E+02   0.119215E-07   0.998180E-05  -0.122931E-05
   690   0.181285E+04   0.385882E+02   0.000000E+00  -0.832440E+02   0.118951E-07   0.100253E-04  -0.122885E-05
   691   0.181611E+04   0.385746E+02   0.000000E+00  -0.849168E+02   0.118689E-07   0.100684E-04  -0.122825E-05
   692   0.181955E+04   0.385548E+02   0.000000E+00  -0.865770E+02   0.118427E-07   0.101109E-04  -0.122752E-05
   693   0.182318E+04   0.385288E+02   0.000000E+00  -0.882239E+02   0.118167E-07   0.101529E-04  -0.122665E-05
   694   0.182699E+04   0.384965E+02   0.000000E+00  -0.898559E+02   0.117907E-07   0.101944E-04  -0.122565E-05
   695   0.183098E+04   0.384581E+02   0.000000E+00  -0.914730E+02   0.117648E-07   0.102354E-04  -0.122451E-05
   696   0.183514E+04   0.384133E+02   0.000000E+00  -0.930738E+02   0.117390E-07   0.102759E-04  -0.122323E-05
   697   0.183948E+04   0.383624E+02   0.000000E+00  -0.946582E+02   0.117133E-07   0.103158E-04  -0.122181E-05
   698   0.184399E+04   0.383053E+02   0.000000E+00  -0.962248E+02   0.116877E-07   0.103551E-04  -0.122027E-05
   699   0.184867E+04   0.382420E+02   0.000000E+00  -0.977736E+02   0.116622E-07   0.103939E-04  -0.121858E-05
   700   0.185352E+04   0.381727E+02   0.000000E+00  -0.993038E+02   0.116368E-07   0.104321E-04  -0.121677E-05
   701   0.185853E+04   0.380972E+02   0.000000E+00  -0.100815E+03   0.116114E-07   0.104697E-04  -0.121482E-05
   702   0.186370E+04   0.380156E+02   0.000000E+00  -0.102306E+03   0.115862E-07   0.105068E-04  -0.121274E-05
   703   0.186903E+04   0.379281E+02   0.000000E+00  -0.103776E+03   0.115610E-07   0.105433E-04  -0.121052E-05
   704   0.187453E+04   0.378346E+02   0.000000E+00  -0.105225E+03   0.115359E-07   0.105792E-04  -0.120818E-05
   705   0.188016E+04   0.377352E+02   0.000000E+00  -0.106652E+03   0.115109E-07   0.106145E-04  -0.120570E-05
   706   0.188596E+04   0.376300E+02   0.000000E+00  -0.108056E+03   0.114860E-07   0.106492E-04  -0.120310E-05
   707   0.189190E+04   0.375190E+02   0.000000E+00  -0.109437E+03   0.114612E-07   0.106833E-04  -0.120036E-05
   708   0.189798E+04   0.374022E+02   0.000000E+00  -0.110794E+03   0.114364E-07   0.107168E-04  -0.119750E-05
   709   0.190421E+04   0.372797E+02   0.000000E+00  -0.112127E+03   0.114118E-07   0.107498E-04  -0.119452E-05
   710   0.191058E+04   0.371517E+02   0.000000E+00  -0.113435E+03   0.113872E-07   0.107821E-04  -0.119140E-05
   711   0.191708E+04   0.370180E+02   0.000000E+00  -0.114718E+03   0.113627E-07   0.108138E-04  -0.118817E-05
   712   0.192372E+04   0.368789E+02   0.000000E+00  -0.115974E+03   0.113384E-07   0.108449E-04  -0.118481E-05
   713   0.193047E+04   0.367343E+02   0.000000E+00  -0.117204E+03   0.113140E-07   0.108755E-04  -0.118132E-05
   714   0.193736E+04   0.365843E+02   0.000000E+00  -0.118405E+03   0.112898E-07   0.109054E-04  -0.117772E-05
   715   0.194437E+04   0.364290E+02   0.000000E+00  -0.119580E+03   0.112657E-07   0.109347E-04  -0.117399E-05
   716   0.195149E+04   0.362683E+02   0.000000E+00  -0.120726E+03   0.112416E-07   0.109634E-04  -0.117015E-05
   717   0.195872E+04   0.361024E+02   0.000000E+00  -0.121842E+03   0.112176E-07   0.109915E-04  -0.116618E-05
   718   0.196607E+04   0.359312E+02   0.000000E+00  -0.122929E+03   0.111937E-07   0.110189E-04  -0.116210E-05
   719   0.197352E+04   0.357550E+02   0.000000E+00  -0.123985E+03   0.111699E-07   0.110458E-04  -0.115790E-05
   720   0.198107E+04   0.355737E+02   0.000000E+00  -0.125012E+03   0.111462E-07   0.110720E-04  -0.115358E-05
   721   0.198872E+04   0.353877E+02   0.000000E+00  -0.126007E+03   0.111225E-07   0.110976E-04  -0.114915E-05
   722   0.199647E+04   0.351967E+02   0.000000E+00  -0.126972E+03   0.110989E-07   0.111225E-04  -0.114460E-05
   723   0.200431E+04   0.350012E+02   0.000000E+00  -0.127905E+03   0.110754E-07   0.111469E-04  -0.113994E-05
   724   0.201224E+04   0.348012E+02   0.000000E+00  -0.128806E+03   0.110520E-07   0.111706E-04  -0.113517E-05
   725   0.202026E+04   0.345967E+02   0.000000E+00  -0.129674E+03   0.110287E-07   0.111937E-04  -0.113029E-05
   726   0.202837E+04   0.343878E+02   0.000000E+00  -0.130510E+03   0.110054E-07   0.112161E-04  -0.112529E-05
   727   0.203655E+04   0.341747E+02   0.000000E+00  -0.131313E+03   0.109823E-07   0.112379E-04  -0.112019E-05
   728   0.204482E+04   0.339573E+02   0.000000E+00  -0.132084E+03   0.109592E-07   0.112591E-04  -0.111497E-05
   729   0.205315E+04   0.337359E+02   0.000000E+00  -0.132819E+03   0.109361E-07   0.112796E-04  -0.110965E-05
   730   0.206155E+04   0.335105E+02   0.000000E+00  -0.133521E+03   0.109132E-07   0.112995E-04  -0.110422E-05
   731   0.207001E+04   0.332812E+02   0.000000E+00  -0.134189E+03   0.108903E-07   0.113187E-04  -0.109868E-05
   732   0.207853E+04   0.330480E+02   0.000000E+00  -0.134821E+03   0.108675E-07   0.113373E-04  -0.109304E-05
   733   0.208711E+04   0.328112E+02   0.000000E+00  -0.135419E+03   0.108448E-07   0.113552E-04  -0.108730E-05
   734   0.209575E+04   0.325706E+02   0.000000E+00  -0.135979E+03   0.108222E-07   0.113725E-04  -0.108145E-05
   735   0.210442E+04   0.323267E+02   0.000000E+00  -0.136505E+03   0.107996E-07   0.113891E-04  -0.107549E-05
   736   0.211314E+04   0.320794E+02   0.000000E+00  -0.136995E+03   0.107771E-07   0.114051E-04  -0.106944E-05
   737   0.212189E+04   0.318287E+02   0.000000E+00  -0.137448E+03   0.107547E-07   0.114204E-04  -0.106329E-05
   738   0.213068E+04   0.315750E+02   0.000000E+00  -0.137865E+03   0.107323E-07   0.114350E-04  -0.105703E-05
   739   0.213949E+04   0.313182E+02   0.000000E+00  -0.138245E+03   0.107101E-07   0.114490E-04  -0.105068E-05
   740   0.214833E+04   0.310585E+02   0.000000E+00  -0.138586E+03   0.106879E-07   0.114623E-04  -0.104423E-05
   741   0.215719E+04   0.307960E+02   0.000000E+00  -0.138892E+03   0.106657E-07   0.114749E-04  -0.103768E-05
   742   0.216606E+04   0.305309E+02   0.000000E+00  -0.139160E+03   0.106437E-07   0.114869E-04  -0.103103E-05
   743   0.217495E+04   0.302633E+02   0.000000E+00  -0.139390E+03   0.106217E-07   0.114982E-04  -0.102429E-05
   744   0.218383E+04   0.299932E+02   0.000000E+00  -0.139583E+03   0.105998E-07   0.115088E-04  -0.101746E-05
   745   0.219272E+04   0.297210E+02   0.000000E+00  -0.139737E+03   0.105780E-07   0.115187E-04  -0.101053E-05
   746   0.220160E+04   0.294466E+02   0.000000E+00  -0.139855E+03   0.105562E-07   0.115280E-04  -0.100351E-05
   747   0.221047E+04   0.291702E+02   0.000000E+00  -0.139934E+03   0.105345E-07   0.115365E-04  -0.996397E-06
   748   0.221933E+04   0.288918E+02   0.000000E+00  -0.139975E+03   0.105129E-07   0.115444E-04  -0.989194E-06
   749   0.222817E+04   0.286117E+02   0.000000E+00  -0.139978E+03   0.104913E-07   0.115516E-04  -0.981901E-06
   750   0.223699E+04   0.283299E+02   0.000000E+00  -0.139943E+03   0.104698E-07   0.115581E-04  -0.974519E-06
   751   0.224578E+04   0.280466E+02   0.000000E+00  -0.139870E+03   0.104484E-07   0.115639E-04  -0.967049E-06
   752   0.225453E+04   0.277619E+02   0.000000E+00  -0.139758E+03   0.104271E-07   0.115690E-04  -0.959493E-06
   753   0.226326E+04   0.274758E+02   0.000000E+00  -0.139608E+03   0.104058E-07   0.115735E-04  -0.951852E-06
   754   0.227195E+04   0.271886E+02   0.000000E+00  -0.139421E+03   0.103846E-07   0.115772E-04  -0.944127E-06
   755   0.228059E+04   0.269003E+02   0.000000E+00  -0.139195E+03   0.103635E-07   0.115803E-04  -0.936322E-06
   756   0.228918E+04   0.266112E+02   0.000000E+00  -0.138931E+03   0.103424E-07   0.115827E-04  -0.928435E-06
   757   0.229773E+04   0.263214E+02   0.000000E+00  -0.138630E+03   0.103214E-07   0.115844E-04  -0.920471E-06
   758   0.230624E+04   0.260310E+02   0.000000E+00  -0.138292E+03   0.103004E-07   0.115855E-04  -0.912430E-06
   759   0.231469E+04   0.257402E+02   0.000000E+00  -0.137917E+03   0.102796E-07   0.115858E-04  -0.904314E-06
   760   0.232308E+04   0.254491E+02   0.000000E+00  -0.137504E+03   0.102587E-07   0.115856E-04  -0.896124E-06
   761   0.233141E+04   0.251578E+02   0.000000E+00  -0.137054E+03   0.102380E-07   0.115846E-04  -0.887862E-06
   762   0.233967E+04   0.248665E+02   0.000000E+00  -0.136567E+03   0.102173E-07   0.115830E-04  -0.879530E-06
   763   0.234787E+04   0.245752E+02   0.000000E+00  -0.136043E+03   0.101967E-07   0.115808E-04  -0.871129E-06
   764   0.235599E+04   0.242841E+02   0.000000E+00  -0.135482E+03   0.101762E-07   0.115779E-04  -0.862661E-06
   765   0.236402E+04   0.239933E+02   0.000000E+00  -0.134884E+03   0.101557E-07   0.115743E-04  -0.854127E-06
   766   0.237198E+04   0.237030E+02   0.000000E+00  -0.134249E+03   0.101353E-07   0.115701E-04  -0.845530E-06
   767   0.237983E+04   0.234132E+02   0.000000E+00  -0.133577E+03   0.101149E-07   0.115653E-04  -0.836870E-06
   768   0.238760E+04   0.231241E+02   0.000000E+00  -0.132868E+03   0.100946E-07   0.115598E-04  -0.828149E-06
   769   0.239526E+04   0.228359E+02   0.000000E+00  -0.132123E+03   0.100744E-07   0.115537E-04  -0.819369E-06
   770   0.240282E+04   0.225486E+02   0.000000E+00  -0.131342E+03   0.100542E-07   0.115469E-04  -0.810532E-06
   771   0.241027E+04   0.222625E+02   0.000000E+00  -0.130526E+03   0.100341E-07   0.115395E-04  -0.801639E-06
   772   0.241760E+04   0.219777E+02   0.000000E+00  -0.129674E+03   0.100141E-07   0.115315E-04  -0.792691E-06
   773   0.242481E+04   0.216943E+02   0.000000E+00  -0.128789E+03   0.999413E-08   0.115229E-04  -0.783691E-06
   774   0.243190E+04   0.214125E+02   0.000000E+00  -0.127868E+03   0.997422E-08   0.115137E-04  -0.774640E-06
   775   0.243887E+04   0.211324E+02   0.000000E+00  -0.126914E+03   0.995437E-08   0.115038E-04  -0.765539E-06
   776   0.244572E+04   0.208541E+02   0.000000E+00  -0.125927E+03   0.993458E-08   0.114933E-04  -0.756390E-06
   777   0.245244E+04   0.205778E+02   0.000000E+00  -0.124907E+03   0.991486E-08   0.114822E-04  -0.747195E-06
   778   0.245903E+04   0.203035E+02   0.000000E+00  -0.123854E+03   0.989519E-08   0.114706E-04  -0.737956E-06
   779   0.246550E+04   0.200314E+02   0.000000E+00  -0.122769E+03   0.987559E-08   0.114583E-04  -0.728673E-06
   780   0.247183E+04   0.197617E+02   0.000000E+00  -0.121653E+03   0.985605E-08   0.114454E-04  -0.719349E-06
   781   0.247804E+04   0.194944E+02   0.000000E+00  -0.120507E+03   0.983656E-08   0.114319E-04  -0.709985E-06
   782   0.248411E+04   0.192295E+02   0.000000E+00  -0.119330E+03   0.981714E-08   0.114178E-04  -0.700583E-06
   783   0.249004E+04   0.189674E+02   0.000000E+00  -0.118121E+03   0.979777E-08   0.114031E-04  -0.691144E-06
   784   0.249582E+04   0.187080E+02   0.000000E+00  -0.116883E+03   0.977847E-08   0.113878E-04  -0.681670E-06
   785   0.250146E+04   0.184514E+02   0.000000E+00  -0.115614E+03   0.975923E-08   0.113720E-04  -0.672163E-06
   786   0.250693E+04   0.181978E+02   0.000000E+00  -0.114315E+03   0.974004E-08   0.113556E-04  -0.662623E-06
   787   0.251224E+04   0.179473E+02   0.000000E+00  -0.112987E+03   0.972091E-08   0.113386E-04  -0.653054E-06
   788   0.251739E+04   0.176999E+02   0.000000E+00  -0.111629E+03   0.970184E-08   0.113210E-04  -0.643456E-06
   789   0.252237E+04   0.174559E+02   0.000000E+00  -0.110242E+03   0.968283E-08   0.113028E-04  -0.633831E-06
   790   0.252718E+04   0.172153E+02   0.000000E+00  -0.108826E+03   0.966387E-08   0.112841E-04  -0.624181E-06
   791   0.253181E+04   0.169784E+02   0.000000E+00  -0.107385E+03   0.964497E-08   0.112648E-04  -0.614506E-06
   792   0.253627E+04   0.167452E+02   0.000000E+00  -0.105916E+03   0.962613E-08   0.112450E-04  -0.604810E-06
   793   0.254055E+04   0.165160E+02   0.000000E+00  -0.104422E+03   0.960735E-08   0.112245E-04  -0.595093E-06
   794   0.254465E+04   0.162907E+02   0.000000E+00  -0.102904E+03   0.958862E-08   0.112036E-04  -0.585357E-06
   795   0.254857E+04   0.160697E+02   0.000000E+00  -0.101363E+03   0.956995E-08   0.111821E-04  -0.575604E-06
   796   0.255231E+04   0.158530E+02   0.000000E+00  -0.997977E+02   0.955133E-08   0.111600E-04  -0.565835E-06
   797   0.255587E+04   0.156405E+02   0.000000E+00  -0.982104E+02   0.953277E-08   0.111374E-04  -0.556051E-06
   798   0.255924E+04   0.154325E+02   0.000000E+00  -0.966007E+02   0.951427E-08   0.111142E-04  -0.546255E-06
   799   0.256244E+04   0.152289E+02   0.000000E+00  -0.949695E+02   0.949582E-08   0.110905E-04  -0.536449E-06
   800   0.256545E+04   0.150298E+02   0.000000E+00  -0.933159E+02   0.947742E-08   0.110663E-04  -0.526633E-06
   801   0.256827E+04   0.148353E+02   0.000000E+00  -0.916423E+02   0.945908E-08   0.110415E-04  -0.516808E-06
   802   0.257091E+04   0.146452E+02   0.000000E+00  -0.899479E+02   0.944079E-08   0.110162E-04  -0.506977E-06
   803   0.257337E+04   0.144601E+02   0.000000E+00  -0.882335E+02   0.942256E-08   0.109904E-04  -0.497139E-06
   804   0.257563E+04   0.142796E+02   0.000000E+00  -0.865004E+02   0.940438E-08   0.109641E-04  -0.487295E-06
   805   0.257770E+04   0.141042E+02   0.000000E+00  -0.847480E+02   0.938625E-08   0.109372E-04  -0.477445E-06
   806   0.257955E+04   0.139339E+02   0.000000E+00  -0.829786E+02   0.936818E-08   0.109099E-04  -0.467590E-06
   807   0.258120E+04   0.137688E+02   0.000000E+00  -0.811905E+02   0.935016E-08   0.108821E-04  -0.457730E-06
   808   0.258264E+04   0.136090E+02   0.000000E+00  -0.793868E+02   0.933219E-08   0.108537E-04  -0.447867E-06
   809   0.258387E+04   0.134546E+02   0.000000E+00  -0.775668E+02   0.931428E-08   0.108249E-04  -0.437999E-06
   810   0.258487E+04   0.133058E+02   0.000000E+00  -0.757312E+02   0.929642E-08   0.107957E-04  -0.428129E-06
   811   0.258567E+04   0.131625E+02   0.000000E+00  -0.738816E+02   0.927860E-08   0.107659E-04  -0.418256E-06
   812   0.258626E+04   0.130247E+02   0.000000E+00  -0.720187E+02   0.926085E-08   0.107357E-04  -0.408381E-06
   813   0.258664E+04   0.128926E+02   0.000000E+00  -0.701434E+02   0.924314E-08   0.107050E-04  -0.398505E-06
   814   0.258683E+04   0.127660E+02   0.000000E+00  -0.682567E+02   0.922549E-08   0.106739E-04  -0.388627E-06
   815   0.258682E+04   0.126452E+02   0.000000E+00  -0.663594E+02   0.920788E-08   0.106423E-04  -0.378749E-06
   816   0.258661E+04   0.125301E+02   0.000000E+00  -0.644525E+02   0.919033E-08   0.106103E-04  -0.368871E-06
   817   0.258621E+04   0.124209E+02   0.000000E+00  -0.625364E+02   0.917283E-08   0.105779E-04  -0.358994E-06
   818   0.258561E+04   0.123175E+02   0.000000E+00  -0.606114E+02   0.915538E-08   0.105451E-04  -0.349118E-06
   819   0.258479E+04   0.122199E+02   0.000000E+00  -0.586780E+02   0.913798E-08   0.105118E-04  -0.339243E-06
   820   0.258377E+04   0.121285E+02   0.000000E+00  -0.567365E+02   0.912063E-08   0.104781E-04  -0.329371E-06
   821   0.258251E+04   0.120431E+02   0.000000E+00  -0.547873E+02   0.910333E-08   0.104440E-04  -0.319501E-06
   822   0.258104E+04   0.119638E+02   0.000000E+00  -0.528308E+02   0.908608E-08   0.104095E-04  -0.309634E-06
   823   0.257934E+04   0.118907E+02   0.000000E+00  -0.508674E+02   0.906888E-08   0.103746E-04  -0.299772E-06
   824   0.257741E+04   0.118239E+02   0.000000E+00  -0.488983E+02   0.905173E-08   0.103394E-04  -0.289913E-06
   825   0.257527E+04   0.117632E+02   0.000000E+00  -0.469245E+02   0.903463E-08   0.103037E-04  -0.280059E-06
   826   0.257291E+04   0.117089E+02   0.000000E+00  -0.449473E+02   0.901757E-08   0.102677E-04  -0.270210E-06
   827   0.257034E+04   0.116609E+02   0.000000E+00  -0.429678E+02   0.900057E-08   0.102313E-04  -0.260367E-06
   828   0.256757E+04   0.116191E+02   0.000000E+00  -0.409872E+02   0.898361E-08   0.101946E-04  -0.250530E-06
   829   0.256460E+04   0.115837E+02   0.000000E+00  -0.390066E+02   0.896671E-08   0.101575E-04  -0.240701E-06
   830   0.256144E+04   0.115547E+02   0.000000E+00  -0.370272E+02   0.894985E-08   0.101201E-04  -0.230878E-06
   831   0.255808E+04   0.115319E+02   0.000000E+00  -0.350492E+02   0.893304E-08   0.100823E-04  -0.221063E-06
   832   0.255453E+04   0.115156E+02   0.000000E+00  -0.330732E+02   0.891627E-08   0.100442E-04  -0.211257E-06
   833   0.255077E+04   0.115057E+02   0.000000E+00  -0.310995E+02   0.889956E-08   0.100057E-04  -0.201459E-06
   834   0.254681E+04   0.115023E+02   0.000000E+00  -0.291283E+02   0.888289E-08   0.996693E-05  -0.191671E-06
   835   0.254263E+04   0.115053E+02   0.000000E+00  -0.271602E+02   0.886627E-08   0.992785E-05  -0.181893E-06
   836   0.253823E+04   0.115149E+02   0.000000E+00  -0.251954E+02   0.884969E-08   0.988846E-05  -0.172126E-06
   837   0.253361E+04   0.115310E+02   0.000000E+00  -0.232344E+02   0.883317E-08   0.984877E-05  -0.162369E-06
   838   0.252879E+04   0.115537E+02   0.000000E+00  -0.212780E+02   0.881669E-08   0.980878E-05  -0.152624E-06
   839   0.252374E+04   0.115828E+02   0.000000E+00  -0.193273E+02   0.880025E-08   0.976850E-05  -0.142891E-06
   840   0.251850E+04   0.116184E+02   0.000000E+00  -0.173832E+02   0.878386E-08   0.972794E-05  -0.133170E-06
   841   0.251306E+04   0.116604E+02   0.000000E+00  -0.154469E+02   0.876752E-08   0.968711E-05  -0.123462E-06
   842   0.250742E+04   0.117087E+02   0.000000E+00  -0.135192E+02   0.875122E-08   0.964600E-05  -0.113768E-06
   843   0.250160E+04   0.117634E+02   0.000000E+00  -0.116011E+02   0.873497E-08   0.960463E-05  -0.104088E-06
   844   0.249560E+04   0.118243E+02   0.000000E+00  -0.969363E+01   0.871876E-08   0.956300E-05  -0.944229E-07
   845   0.248941E+04   0.118916E+02   0.000000E+00  -0.779732E+01   0.870260E-08   0.952112E-05  -0.847727E-07
   846   0.248304E+04   0.119651E+02   0.000000E+00  -0.591286E+01   0.868648E-08   0.947900E-05  -0.751381E-07
   847   0.247648E+04   0.120450E+02   0.000000E+00  -0.404074E+01   0.867041E-08   0.943664E-05  -0.655197E-07
   848   0.246973E+04   0.121313E+02   0.000000E+00  -0.218155E+01   0.865438E-08   0.939405E-05  -0.559179E-07
   849   0.246279E+04   0.122239E+02   0.000000E+00  -0.335856E+00   0.863839E-08   0.935124E-05  -0.463334E-07
   850   0.245565E+04   0.123229E+02   0.000000E+00   0.149576E+01   0.862245E-08   0.930820E-05  -0.367666E-07
   851   0.244833E+04   0.124284E+02   0.000000E+00   0.331275E+01   0.860656E-08   0.926496E-05  -0.272181E-07
   852   0.244081E+04   0.125401E+02   0.000000E+00   0.511460E+01   0.859070E-08   0.922150E-05  -0.176892E-07
   853   0.243310E+04   0.126581E+02   0.000000E+00   0.690079E+01   0.857489E-08   0.917784E-05  -0.818108E-08
   854   0.242521E+04   0.127822E+02   0.000000E+00   0.867080E+01   0.855912E-08   0.913397E-05   0.130497E-08
   855   0.241716E+04   0.129122E+02   0.000000E+00   0.104241E+02   0.854340E-08   0.908990E-05   0.107677E-07
   856   0.240893E+04   0.130482E+02   0.000000E+00   0.121603E+02   0.852772E-08   0.904563E-05   0.202057E-07
   857   0.240054E+04   0.131900E+02   0.000000E+00   0.138788E+02   0.851208E-08   0.900116E-05   0.296179E-07
   858   0.239200E+04   0.133375E+02   0.000000E+00   0.155790E+02   0.849649E-08   0.895650E-05   0.390028E-07
   859   0.238330E+04   0.134907E+02   0.000000E+00   0.172601E+02   0.848093E-08   0.891164E-05   0.483593E-07
   860   0.237444E+04   0.136496E+02   0.000000E+00   0.189214E+02   0.846542E-08   0.886660E-05   0.576860E-07
   861   0.236544E+04   0.138141E+02   0.000000E+00   0.205618E+02   0.844995E-08   0.882136E-05   0.669818E-07
   862   0.235628E+04   0.139842E+02   0.000000E+00   0.221805E+02   0.843453E-08   0.877595E-05   0.762452E-07
   863   0.234698E+04   0.141601E+02   0.000000E+00   0.237767E+02   0.841914E-08   0.873035E-05   0.854750E-07
   864   0.233753E+04   0.143415E+02   0.000000E+00   0.253495E+02   0.840380E-08   0.868457E-05   0.946700E-07
   865   0.232794E+04   0.145284E+02   0.000000E+00   0.268980E+02   0.838850E-08   0.863861E-05   0.103829E-06
   866   0.231821E+04   0.147209E+02   0.000000E+00   0.284221E+02   0.837324E-08   0.859247E-05   0.112950E-06
   867   0.230833E+04   0.149188E+02   0.000000E+00   0.299217E+02   0.835802E-08   0.854617E-05   0.122033E-06
   868   0.229831E+04   0.151220E+02   0.000000E+00   0.313964E+02   0.834284E-08   0.849969E-05   0.131076E-06
   869   0.228815E+04   0.153303E+02   0.000000E+00   0.328461E+02   0.832770E-08   0.845305E-05   0.140077E-06
   870   0.227786E+04   0.155439E+02   0.000000E+00   0.342707E+02   0.831261E-08   0.840624E-05   0.149036E-06
   871   0.226743E+04   0.157625E+02   0.000000E+00   0.356701E+02   0.829755E-08   0.835926E-05   0.157951E-06
   872   0.225687E+04   0.159859E+02   0.000000E+00   0.370439E+02   0.828254E-08   0.831213E-05   0.166821E-06
   873   0.224618E+04   0.162141E+02   0.000000E+00   0.383917E+02   0.826756E-08   0.826484E-05   0.175645E-06
   874   0.223538E+04   0.164471E+02   0.000000E+00   0.397130E+02   0.825263E-08   0.821739E-05   0.184421E-06
   875   0.222445E+04   0.166846E+02   0.000000E+00   0.410070E+02   0.823773E-08   0.816979E-05   0.193148E-06
   876   0.221341E+04   0.169267E+02   0.000000E+00   0.422734E+02   0.822288E-08   0.812204E-05   0.201825E-06
   877   0.220226E+04   0.171730E+02   0.000000E+00   0.435115E+02   0.820806E-08   0.807414E-05   0.210451E-06
   878   0.219103E+04   0.174236E+02   0.000000E+00   0.447208E+02   0.819329E-08   0.802609E-05   0.219024E-06
   879   0.217968E+04   0.176783E+02   0.000000E+00   0.459006E+02   0.817855E-08   0.797790E-05   0.227542E-06
   880   0.216825E+04   0.179370E+02   0.000000E+00   0.470506E+02   0.816385E-08   0.792957E-05   0.236006E-06
   881   0.215673E+04   0.181997E+02   0.000000E+00   0.481702E+02   0.814919E-08   0.788110E-05   0.244413E-06
   882   0.214512E+04   0.184663E+02   0.000000E+00   0.492590E+02   0.813457E-08   0.783250E-05   0.252762E-06
   883   0.213342E+04   0.187366E+02   0.000000E+00   0.503164E+02   0.811999E-08   0.778376E-05   0.261051E-06
   884   0.212163E+04   0.190107E+02   0.000000E+00   0.513419E+02   0.810545E-08   0.773489E-05   0.269281E-06
   885   0.210976E+04   0.192885E+02   0.000000E+00   0.523351E+02   0.809095E-08   0.768589E-05   0.277449E-06
   886   0.209781E+04   0.195697E+02   0.000000E+00   0.532954E+02   0.807648E-08   0.763677E-05   0.285553E-06
   887   0.208577E+04   0.198545E+02   0.000000E+00   0.542229E+02   0.806205E-08   0.758752E-05   0.293594E-06
   888   0.207367E+04   0.201426E+02   0.000000E+00   0.551174E+02   0.804766E-08   0.753815E-05   0.301569E-06
   889   0.206149E+04   0.204338E+02   0.000000E+00   0.559790E+02   0.803331E-08   0.748866E-05   0.309477E-06
   890   0.204925E+04   0.207281E+02   0.000000E+00   0.568074E+02   0.801900E-08   0.743905E-05   0.317317E-06
   891   0.203694E+04   0.210254E+02   0.000000E+00   0.576027E+02   0.800472E-08   0.738933E-05   0.325088E-06
   892   0.202457E+04   0.213255E+02   0.000000E+00   0.583649E+02   0.799049E-08   0.733950E-05   0.332788E-06
   893   0.201215E+04   0.216284E+02   0.000000E+00   0.590938E+02   0.797628E-08   0.728956E-05   0.340416E-06
   894   0.199967E+04   0.219337E+02   0.000000E+00   0.597894E+02   0.796212E-08   0.723951E-05   0.347971E-06
   895   0.198714E+04   0.222415E+02   0.000000E+00   0.604514E+02   0.794799E-08   0.718936E-05   0.355451E-06
   896   0.197457E+04   0.225516E+02   0.000000E+00   0.610798E+02   0.793390E-08   0.713911E-05   0.362856E-06
   897   0.196196E+04   0.228638E+02   0.000000E+00   0.616743E+02   0.791984E-08   0.708876E-05   0.370184E-06
   898   0.194931E+04   0.231780E+02   0.000000E+00   0.622350E+02   0.790583E-08   0.703831E-05   0.377433E-06
   899   0.193663E+04   0.234941E+02   0.000000E+00   0.627616E+02   0.789184E-08   0.698776E-05   0.384603E-06
   900   0.192392E+04   0.238119E+02   0.000000E+00   0.632539E+02   0.787790E-08   0.693713E-05   0.391692E-06
   901   0.191118E+04   0.241311E+02   0.000000E+00   0.637119E+02   0.786399E-08   0.688640E-05   0.398699E-06
   902   0.189842E+04   0.244519E+02   0.000000E+00   0.641355E+02   0.785011E-08   0.683559E-05   0.405624E-06
   903   0.188565E+04   0.247740E+02   0.000000E+00   0.645245E+02   0.783628E-08   0.678471E-05   0.412466E-06
   904   0.187287E+04   0.250973E+02   0.000000E+00   0.648789E+02   0.782247E-08   0.673374E-05   0.419227E-06
   905   0.186007E+04   0.254217E+02   0.000000E+00   0.651984E+02   0.780871E-08   0.668271E-05   0.425905E-06
   906   0.184727E+04   0.257470E+02   0.000000E+00   0.654831E+02   0.779498E-08   0.663161E-05   0.432501E-06
   907   0.183448E+04   0.260732E+02   0.000000E+00   0.657327E+02   0.778128E-08   0.658046E-05   0.439014E-06
   908   0.182168E+04   0.263999E+02   0.000000E+00   0.659475E+02   0.776762E-08   0.652925E-05   0.445445E-06
   909   0.180890E+04   0.267274E+02   0.000000E+00   0.661273E+02   0.775399E-08   0.647799E-05   0.451794E-06
   910   0.179612E+04   0.270553E+02   0.000000E+00   0.662723E+02   0.774040E-08   0.642670E-05   0.458061E-06
   911   0.178336E+04   0.273835E+02   0.000000E+00   0.663825E+02   0.772685E-08   0.637536E-05   0.464245E-06
   912   0.177061E+04   0.277119E+02   0.000000E+00   0.664580E+02   0.771332E-08   0.632399E-05   0.470347E-06
   913   0.175789E+04   0.280405E+02   0.000000E+00   0.664989E+02   0.769984E-08   0.627259E-05   0.476366E-06
   914   0.174520E+04   0.283690E+02   0.000000E+00   0.665051E+02   0.768639E-08   0.622117E-05   0.482302E-06
   915   0.173252E+04   0.286973E+02   0.000000E+00   0.664769E+02   0.767297E-08   0.616973E-05   0.488157E-06
   916   0.171988E+04   0.290254E+02   0.000000E+00   0.664144E+02   0.765959E-08   0.611828E-05   0.493928E-06
   917   0.170728E+04   0.293530E+02   0.000000E+00   0.663175E+02   0.764624E-08   0.606682E-05   0.499617E-06
   918   0.169470E+04   0.296801E+02   0.000000E+00   0.661866E+02   0.763292E-08   0.601536E-05   0.505224E-06
   919   0.168216E+04   0.300064E+02   0.000000E+00   0.660217E+02   0.761964E-08   0.596390E-05   0.510748E-06
   920   0.166967E+04   0.303320E+02   0.000000E+00   0.658229E+02   0.760639E-08   0.591245E-05   0.516189E-06
   921   0.165722E+04   0.306564E+02   0.000000E+00   0.655904E+02   0.759318E-08   0.586101E-05   0.521547E-06
   922   0.164482E+04   0.309798E+02   0.000000E+00   0.653246E+02   0.758000E-08   0.580960E-05   0.526823E-06
   923   0.163248E+04   0.313020E+02   0.000000E+00   0.650256E+02   0.756685E-08   0.575820E-05   0.532016E-06
   924   0.162018E+04   0.316228E+02   0.000000E+00   0.646938E+02   0.755374E-08   0.570684E-05   0.537126E-06
   925   0.160795E+04   0.319420E+02   0.000000E+00   0.643296E+02   0.754066E-08   0.565551E-05   0.542154E-06
   926   0.159578E+04   0.322597E+02   0.000000E+00   0.639333E+02   0.752761E-08   0.560421E-05   0.547099E-06
   927   0.158368E+04   0.325757E+02   0.000000E+00   0.635053E+02   0.751460E-08   0.555297E-05   0.551960E-06
   928   0.157165E+04   0.328898E+02   0.000000E+00   0.630459E+02   0.750162E-08   0.550177E-05   0.556739E-06
   929   0.155970E+04   0.332019E+02   0.000000E+00   0.625553E+02   0.748867E-08   0.545062E-05   0.561435E-06
   930   0.154781E+04   0.335119E+02   0.000000E+00   0.620338E+02   0.747576E-08   0.539954E-05   0.566049E-06
   931   0.153601E+04   0.338196E+02   0.000000E+00   0.614817E+02   0.746288E-08   0.534852E-05   0.570579E-06
   932   0.152429E+04   0.341250E+02   0.000000E+00   0.608993E+02   0.745003E-08   0.529757E-05   0.575026E-06
   933   0.151266E+04   0.344279E+02   0.000000E+00   0.602868E+02   0.743721E-08   0.524669E-05   0.579390E-06
   934   0.150111E+04   0.347281E+02   0.000000E+00   0.596445E+02   0.742442E-08   0.519590E-05   0.583671E-06
   935   0.148965E+04   0.350255E+02   0.000000E+00   0.589727E+02   0.741167E-08   0.514519E-05   0.587870E-06
   936   0.147829E+04   0.353199E+02   0.000000E+00   0.582717E+02   0.739895E-08   0.509457E-05   0.591985E-06
   937   0.146702E+04   0.356113E+02   0.000000E+00   0.575420E+02   0.738626E-08   0.504405E-05   0.596016E-06
   938   0.145584E+04   0.358997E+02   0.000000E+00   0.567838E+02   0.737361E-08   0.499363E-05   0.599965E-06
   939   0.144477E+04   0.361847E+02   0.000000E+00   0.559976E+02   0.736098E-08   0.494331E-05   0.603831E-06
   940   0.143380E+04   0.364663E+02   0.000000E+00   0.551838E+02   0.734839E-08   0.489311E-05   0.607613E-06
   941   0.142294E+04   0.367444E+02   0.000000E+00   0.543426E+02   0.733583E-08   0.484302E-05   0.611312E-06
   942   0.141218E+04   0.370189E+02   0.000000E+00   0.534746E+02   0.732330E-08   0.479305E-05   0.614928E-06
   943   0.140153E+04   0.372896E+02   0.000000E+00   0.525801E+02   0.731080E-08   0.474321E-05   0.618461E-06
   944   0.139100E+04   0.375566E+02   0.000000E+00   0.516598E+02   0.729833E-08   0.469350E-05   0.621910E-06
   945   0.138058E+04   0.378195E+02   0.000000E+00   0.507138E+02   0.728589E-08   0.464393E-05   0.625276E-06
   946   0.137028E+04   0.380785E+02   0.000000E+00   0.497429E+02   0.727349E-08   0.459450E-05   0.628559E-06
   947   0.136010E+04   0.383332E+02   0.000000E+00   0.487474E+02   0.726111E-08   0.454522E-05   0.631758E-06
   948   0.135004E+04   0.385838E+02   0.000000E+00   0.477279E+02   0.724877E-08   0.449608E-05   0.634874E-06
   949   0.134010E+04   0.388300E+02   0.000000E+00   0.466847E+02   0.723646E-08   0.444711E-05   0.637907E-06
   950   0.133030E+04   0.390718E+02   0.000000E+00   0.456185E+02   0.722417E-08   0.439830E-05   0.640856E-06
   951   0.132062E+04   0.393090E+02   0.000000E+00   0.445296E+02   0.721192E-08   0.434966E-05   0.643721E-06
   952   0.131107E+04   0.395415E+02   0.000000E+00   0.434185E+02   0.719970E-08   0.430118E-05   0.646504E-06
   953   0.130165E+04   0.397693E+02   0.000000E+00   0.422857E+02   0.718751E-08   0.425288E-05   0.649204E-06
   954   0.129236E+04   0.399923E+02   0.000000E+00   0.411317E+02   0.717535E-08   0.420475E-05   0.651821E-06
   955   0.128321E+04   0.402103E+02   0.000000E+00   0.399571E+02   0.716322E-08   0.415681E-05   0.654357E-06
   956   0.127419E+04   0.404232E+02   0.000000E+00   0.387622E+02   0.715111E-08   0.410903E-05   0.656811E-06
   957   0.126531E+04   0.406310E+02   0.000000E+00   0.375476E+02   0.713904E-08   0.406145E-05   0.659185E-06
   958   0.125657E+04   0.408337E+02   0.000000E+00   0.363141E+02   0.712700E-08   0.401404E-05   0.661477E-06
   959   0.124797E+04   0.410311E+02   0.000000E+00   0.350623E+02   0.711499E-08   0.396683E-05   0.663690E-06
   960   0.123952E+04   0.412233E+02   0.000000E+00   0.337929E+02   0.710301E-08   0.391980E-05   0.665823E-06
   961   0.123121E+04   0.414101E+02   0.000000E+00   0.325064E+02   0.709106E-08   0.387296E-05   0.667876E-06
   962   0.122305E+04   0.415915E+02   0.000000E+00   0.312035E+02   0.707913E-08   0.382632E-05   0.669851E-06
   963   0.121503E+04   0.417675E+02   0.000000E+00   0.298850E+02   0.706724E-08   0.377987E-05   0.671747E-06
   964   0.120717E+04   0.419380E+02   0.000000E+00   0.285513E+02   0.705538E-08   0.373363E-05   0.673565E-06
   965   0.119945E+04   0.421029E+02   0.000000E+00   0.272029E+02   0.704354E-08   0.368758E-05   0.675305E-06
   966   0.119189E+04   0.422621E+02   0.000000E+00   0.258405E+02   0.703174E-08   0.364174E-05   0.676968E-06
   967   0.118447E+04   0.424156E+02   0.000000E+00   0.244646E+02   0.701996E-08   0.359610E-05   0.678554E-06
   968   0.117721E+04   0.425633E+02   0.000000E+00   0.230758E+02   0.700821E-08   0.355067E-05   0.680064E-06
   969   0.117011E+04   0.427051E+02   0.000000E+00   0.216747E+02   0.699649E-08   0.350545E-05   0.681498E-06
   970   0.116315E+04   0.428409E+02   0.000000E+00   0.202618E+02   0.698480E-08   0.346044E-05   0.682856E-06
   971   0.115635E+04   0.429709E+02   0.000000E+00   0.188377E+02   0.697314E-08   0.341565E-05   0.684139E-06
   972   0.114971E+04   0.430947E+02   0.000000E+00   0.174032E+02   0.696151E-08   0.337108E-05   0.685347E-06
   973   0.114322E+04   0.432125E+02   0.000000E+00   0.159587E+02   0.694991E-08   0.332672E-05   0.686481E-06
   974   0.113689E+04   0.433243E+02   0.000000E+00   0.145049E+02   0.693833E-08   0.328259E-05   0.687541E-06
   975   0.113071E+04   0.434298E+02   0.000000E+00   0.130426E+02   0.692678E-08   0.323868E-05   0.688527E-06
   976   0.112469E+04   0.435292E+02   0.000000E+00   0.115722E+02   0.691526E-08   0.319500E-05   0.689441E-06
   977   0.111883E+04   0.436223E+02   0.000000E+00   0.100944E+02   0.690377E-08   0.315155E-05   0.690281E-06
   978   0.111313E+04   0.437092E+02   0.000000E+00   0.860990E+01   0.689231E-08   0.310833E-05   0.691050E-06
   979   0.110759E+04   0.437899E+02   0.000000E+00   0.711921E+01   0.688088E-08   0.306535E-05   0.691746E-06
   980   0.110220E+04   0.438642E+02   0.000000E+00   0.562295E+01   0.686947E-08   0.302260E-05   0.692371E-06
   981   0.109698E+04   0.439324E+02   0.000000E+00   0.412170E+01   0.685809E-08   0.298009E-05   0.692925E-06
   982   0.109191E+04   0.439942E+02   0.000000E+00   0.261607E+01   0.684674E-08   0.293782E-05   0.693409E-06
   983   0.108699E+04   0.440497E+02   0.000000E+00   0.110667E+01   0.683542E-08   0.289580E-05   0.693822E-06
   984   0.108224E+04   0.440989E+02   0.000000E+00  -0.405943E+00   0.682412E-08   0.285402E-05   0.694165E-06
   985   0.107764E+04   0.441416E+02   0.000000E+00  -0.192120E+01   0.681286E-08   0.281249E-05   0.694439E-06
   986   0.107320E+04   0.441780E+02   0.000000E+00  -0.343858E+01   0.680162E-08   0.277121E-05   0.694645E-06
   987   0.106893E+04   0.442080E+02   0.000000E+00  -0.495753E+01   0.679040E-08   0.273019E-05   0.694781E-06
   988   0.106481E+04   0.442315E+02   0.000000E+00  -0.647754E+01   0.677922E-08   0.268942E-05   0.694850E-06
   989   0.106084E+04   0.442485E+02   0.000000E+00  -0.799806E+01   0.676806E-08   0.264890E-05   0.694850E-06
   990   0.105704E+04   0.442590E+02   0.000000E+00  -0.951850E+01   0.675693E-08   0.260865E-05   0.694784E-06
   991   0.105338E+04   0.442629E+02   0.000000E+00  -0.110384E+02   0.674582E-08   0.256866E-05   0.694650E-06
   992   0.104989E+04   0.442604E+02   0.000000E+00  -0.125571E+02   0.673475E-08   0.252894E-05   0.694450E-06
   993   0.104655E+04   0.442513E+02   0.000000E+00  -0.140739E+02   0.672370E-08   0.248948E-05   0.694185E-06
   994   0.104338E+04   0.442357E+02   0.000000E+00  -0.155882E+02   0.671267E-08   0.245029E-05   0.693853E-06
   995   0.104035E+04   0.442137E+02   0.000000E+00  -0.170993E+02   0.670168E-08   0.241138E-05   0.693456E-06
   996   0.103748E+04   0.441852E+02   0.000000E+00  -0.186066E+02   0.669070E-08   0.237273E-05   0.692995E-06
   997   0.103476E+04   0.441502E+02   0.000000E+00  -0.201095E+02   0.667976E-08   0.233437E-05   0.692469E-06
   998   0.103220E+04   0.441087E+02   0.000000E+00  -0.216072E+02   0.666884E-08   0.229629E-05   0.691879E-06
   999   0.102978E+04   0.440608E+02   0.000000E+00  -0.230990E+02   0.665795E-08   0.225848E-05   0.691225E-06
  1000   0.102753E+04   0.440065E+02   0.000000E+00  -0.245843E+02   0.664709E-08   0.222096E-05   0.690509E-06
  1001   0.102541E+04   0.439457E+02   0.000000E+00  -0.260624E+02   0.663625E-08   0.218373E-05   0.689730E-06
  1002   0.102345E+04   0.438785E+02   0.000000E+00  -0.275324E+02   0.662544E-08   0.214678E-05   0.688888E-06
  1003   0.102163E+04   0.438048E+02   0.000000E+00  -0.289937E+02   0.661465E-08   0.211013E-05   0.687984E-06
  1004   0.101996E+04   0.437247E+02   0.000000E+00  -0.304455E+02   0.660389E-08   0.207376E-05   0.687018E-06
  1005   0.101843E+04   0.436381E+02   0.000000E+00  -0.318873E+02   0.659316E-08   0.203768E-05   0.685990E-06
  1006   0.101704E+04   0.435452E+02   0.000000E+00  -0.333185E+02   0.658245E-08   0.200189E-05   0.684901E-06
  1007   0.101578E+04   0.434461E+02   0.000000E+00  -0.347389E+02   0.657177E-08   0.196640E-05   0.683751E-06
  1008   0.101467E+04   0.433411E+02   0.000000E+00  -0.361483E+02   0.656111E-08   0.193119E-05   0.682540E-06
  1009   0.101370E+04   0.432301E+02   0.000000E+00  -0.375461E+02   0.655048E-08   0.189628E-05   0.681269E-06
  1010   0.101285E+04   0.431136E+02   0.000000E+00  -0.389321E+02   0.653987E-08   0.186167E-05   0.679937E-06
  1011   0.101214E+04   0.429913E+02   0.000000E+00  -0.403060E+02   0.652929E-08   0.182735E-05   0.678545E-06
  1012   0.101156E+04   0.428637E+02   0.000000E+00  -0.416675E+02   0.651874E-08   0.179332E-05   0.677093E-06
  1013   0.101111E+04   0.427306E+02   0.000000E+00  -0.430161E+02   0.650821E-08   0.175960E-05   0.675582E-06
  1014   0.101080E+04   0.425920E+02   0.000000E+00  -0.443513E+02   0.649771E-08   0.172617E-05   0.674011E-06
  1015   0.101061E+04   0.424477E+02   0.000000E+00  -0.456727E+02   0.648723E-08   0.169304E-05   0.672382E-06
  1016   0.101055E+04   0.422979E+02   0.000000E+00  -0.469799E+02   0.647677E-08   0.166021E-05   0.670693E-06
  1017   0.101062E+04   0.421423E+02   0.000000E+00  -0.482723E+02   0.646635E-08   0.162768E-05   0.668946E-06
  1018   0.101081E+04   0.419809E+02   0.000000E+00  -0.495495E+02   0.645594E-08   0.159546E-05   0.667141E-06
  1019   0.101113E+04   0.418137E+02   0.000000E+00  -0.508111E+02   0.644556E-08   0.156353E-05   0.665278E-06
  1020   0.101158E+04   0.416408E+02   0.000000E+00  -0.520562E+02   0.643521E-08   0.153191E-05   0.663358E-06
  1021   0.101214E+04   0.414625E+02   0.000000E+00  -0.532843E+02   0.642488E-08   0.150060E-05   0.661379E-06
  1022   0.101282E+04   0.412787E+02   0.000000E+00  -0.544946E+02   0.641458E-08   0.146959E-05   0.659344E-06
  1023   0.101361E+04   0.410898E+02   0.000000E+00  -0.556864E+02   0.640430E-08   0.143888E-05   0.657252E-06
  1024   0.101452E+04   0.408958E+02   0.000000E+00  -0.568590E+02   0.639404E-08   0.140848E-05   0.655103E-06
  1025   0.101552E+04   0.406970E+02   0.000000E+00  -0.580116E+02   0.638381E-08   0.137839E-05   0.652898E-06
  1026   0.101663E+04   0.404934E+02   0.000000E+00  -0.591436E+02   0.637361E-08   0.134861E-05   0.650636E-06
  1027   0.101784E+04   0.402851E+02   0.000000E+00  -0.602552E+02   0.636343E-08   0.131914E-05   0.648319E-06
  1028   0.101915E+04   0.400723E+02   0.000000E+00  -0.613461E+02   0.635327E-08   0.128998E-05   0.645946E-06
  1029   0.102057E+04   0.398549E+02   0.000000E+00  -0.624166E+02   0.634314E-08   0.126113E-05   0.643518E-06
  1030   0.102207E+04   0.396330E+02   0.000000E+00  -0.634666E+02   0.633303E-08   0.123260E-05   0.641035E-06
  1031   0.102368E+04   0.394067E+02   0.000000E+00  -0.644964E+02   0.632295E-08   0.120438E-05   0.638497E-06
  1032   0.102538E+04   0.391760E+02   0.000000E+00  -0.655058E+02   0.631289E-08   0.117647E-05   0.635905E-06
  1033   0.102719E+04   0.389410E+02   0.000000E+00  -0.664949E+02   0.630285E-08   0.114888E-05   0.633258E-06
  1034   0.102908E+04   0.387018E+02   0.000000E+00  -0.674632E+02   0.629284E-08   0.112160E-05   0.630557E-06
  1035   0.103107E+04   0.384585E+02   0.000000E+00  -0.684099E+02   0.628285E-08   0.109464E-05   0.627803E-06
  1036   0.103314E+04   0.382114E+02   0.000000E+00  -0.693345E+02   0.627289E-08   0.106800E-05   0.624995E-06
  1037   0.103529E+04   0.379604E+02   0.000000E+00  -0.702362E+02   0.626295E-08   0.104168E-05   0.622134E-06
  1038   0.103752E+04   0.377058E+02   0.000000E+00  -0.711146E+02   0.625303E-08   0.101567E-05   0.619220E-06
  1039   0.103983E+04   0.374477E+02   0.000000E+00  -0.719690E+02   0.624314E-08   0.989992E-06   0.616253E-06
  1040   0.104221E+04   0.371861E+02   0.000000E+00  -0.727987E+02   0.623327E-08   0.964631E-06   0.613234E-06
  1041   0.104466E+04   0.369213E+02   0.000000E+00  -0.736036E+02   0.622342E-08   0.939593E-06   0.610163E-06
  1042   0.104718E+04   0.366530E+02   0.000000E+00  -0.743838E+02   0.621360E-08   0.914879E-06   0.607040E-06
  1043   0.104975E+04   0.363815E+02   0.000000E+00  -0.751388E+02   0.620380E-08   0.890489E-06   0.603865E-06
  1044   0.105241E+04   0.361066E+02   0.000000E+00  -0.758693E+02   0.619403E-08   0.866424E-06   0.600639E-06
  1045   0.105512E+04   0.358285E+02   0.000000E+00  -0.765746E+02   0.618427E-08   0.842685E-06   0.597362E-06
  1046   0.105789E+04   0.355472E+02   0.000000E+00  -0.772553E+02   0.617454E-08   0.819273E-06   0.594034E-06
  1047   0.106072E+04   0.352626E+02   0.000000E+00  -0.779108E+02   0.616484E-08   0.796189E-06   0.590655E-06
  1048   0.106360E+04   0.349750E+02   0.000000E+00  -0.785410E+02   0.615515E-08   0.773433E-06   0.587227E-06
  1049   0.106655E+04   0.346847E+02   0.000000E+00  -0.791452E+02   0.614549E-08   0.751008E-06   0.583748E-06
  1050   0.106954E+04   0.343917E+02   0.000000E+00  -0.797248E+02   0.613586E-08   0.728913E-06   0.580219E-06
  1051   0.107258E+04   0.340964E+02   0.000000E+00  -0.802792E+02   0.612624E-08   0.707149E-06   0.576641E-06
  1052   0.107566E+04   0.337988E+02   0.000000E+00  -0.808076E+02   0.611665E-08   0.685717E-06   0.573014E-06
  1053   0.107879E+04   0.334992E+02   0.000000E+00  -0.813100E+02   0.610708E-08   0.664614E-06   0.569340E-06
  1054   0.108196E+04   0.331978E+02   0.000000E+00  -0.817864E+02   0.609754E-08   0.643840E-06   0.565617E-06
  1055   0.108516E+04   0.328948E+02   0.000000E+00  -0.822375E+02   0.608801E-08   0.623395E-06   0.561849E-06
  1056   0.108840E+04   0.325901E+02   0.000000E+00  -0.826626E+02   0.607851E-08   0.603277E-06   0.558034E-06
  1057   0.109167E+04   0.322839E+02   0.000000E+00  -0.830610E+02   0.606903E-08   0.583487E-06   0.554174E-06
  1058   0.109496E+04   0.319762E+02   0.000000E+00  -0.834340E+02   0.605957E-08   0.564022E-06   0.550270E-06
  1059   0.109828E+04   0.316673E+02   0.000000E+00  -0.837804E+02   0.605014E-08   0.544883E-06   0.546323E-06
  1060   0.110163E+04   0.313572E+02   0.000000E+00  -0.841000E+02   0.604073E-08   0.526069E-06   0.542332E-06
  1061   0.110501E+04   0.310459E+02   0.000000E+00  -0.843943E+02   0.603134E-08   0.507578E-06   0.538299E-06
  1062   0.110840E+04   0.307337E+02   0.000000E+00  -0.846611E+02   0.602197E-08   0.489411E-06   0.534225E-06
  1063   0.111181E+04   0.304205E+02   0.000000E+00  -0.849027E+02   0.601263E-08   0.471566E-06   0.530110E-06
  1064   0.111524E+04   0.301065E+02   0.000000E+00  -0.851175E+02   0.600330E-08   0.454043E-06   0.525955E-06
  1065   0.111867E+04   0.297919E+02   0.000000E+00  -0.853056E+02   0.599400E-08   0.436840E-06   0.521760E-06
  1066   0.112212E+04   0.294767E+02   0.000000E+00  -0.854684E+02   0.598472E-08   0.419957E-06   0.517527E-06
  1067   0.112556E+04   0.291610E+02   0.000000E+00  -0.856044E+02   0.597547E-08   0.403394E-06   0.513256E-06
  1068   0.112902E+04   0.288451E+02   0.000000E+00  -0.857145E+02   0.596623E-08   0.387149E-06   0.508949E-06
  1069   0.113248E+04   0.285289E+02   0.000000E+00  -0.857985E+02   0.595702E-08   0.371222E-06   0.504604E-06
  1070   0.113594E+04   0.282126E+02   0.000000E+00  -0.858565E+02   0.594783E-08   0.355612E-06   0.500224E-06
  1071   0.113940E+04   0.278964E+02   0.000000E+00  -0.858886E+02   0.593866E-08   0.340319E-06   0.495809E-06
  1072   0.114285E+04   0.275803E+02   0.000000E+00  -0.858953E+02   0.592951E-08   0.325340E-06   0.491360E-06
  1073   0.114629E+04   0.272646E+02   0.000000E+00  -0.858761E+02   0.592038E-08   0.310677E-06   0.486878E-06
  1074   0.114972E+04   0.269493E+02   0.000000E+00  -0.858316E+02   0.591127E-08   0.296327E-06   0.482363E-06
  1075   0.115314E+04   0.266346E+02   0.000000E+00  -0.857618E+02   0.590219E-08   0.282291E-06   0.477816E-06
  1076   0.115655E+04   0.263205E+02   0.000000E+00  -0.856660E+02   0.589313E-08   0.268567E-06   0.473237E-06
  1077   0.115994E+04   0.260072E+02   0.000000E+00  -0.855457E+02   0.588408E-08   0.255154E-06   0.468628E-06
  1078   0.116331E+04   0.256949E+02   0.000000E+00  -0.854009E+02   0.587506E-08   0.242053E-06   0.463989E-06
  1079   0.116665E+04   0.253836E+02   0.000000E+00  -0.852309E+02   0.586606E-08   0.229261E-06   0.459321E-06
  1080   0.116998E+04   0.250734E+02   0.000000E+00  -0.850370E+02   0.585709E-08   0.216779E-06   0.454625E-06
  1081   0.117328E+04   0.247646E+02   0.000000E+00  -0.848179E+02   0.584813E-08   0.204606E-06   0.449901E-06
  1082   0.117655E+04   0.244570E+02   0.000000E+00  -0.845750E+02   0.583919E-08   0.192740E-06   0.445150E-06
  1083   0.117979E+04   0.241510E+02   0.000000E+00  -0.843084E+02   0.583028E-08   0.181182E-06   0.440373E-06
  1084   0.118300E+04   0.238466E+02   0.000000E+00  -0.840179E+02   0.582138E-08   0.169930E-06   0.435571E-06
  1085   0.118617E+04   0.235439E+02   0.000000E+00  -0.837044E+02   0.581251E-08   0.158983E-06   0.430744E-06
  1086   0.118931E+04   0.232430E+02   0.000000E+00  -0.833665E+02   0.580366E-08   0.148341E-06   0.425893E-06
  1087   0.119240E+04   0.229439E+02   0.000000E+00  -0.830062E+02   0.579482E-08   0.138003E-06   0.421019E-06
  1088   0.119546E+04   0.226470E+02   0.000000E+00  -0.826229E+02   0.578601E-08   0.127969E-06   0.416122E-06
  1089   0.119847E+04   0.223521E+02   0.000000E+00  -0.822165E+02   0.577722E-08   0.118236E-06   0.411203E-06
  1090   0.120143E+04   0.220595E+02   0.000000E+00  -0.817879E+02   0.576845E-08   0.108806E-06   0.406263E-06
  1091   0.120435E+04   0.217692E+02   0.000000E+00  -0.813377E+02   0.575970E-08   0.996764E-07   0.401303E-06
  1092   0.120722E+04   0.214813E+02   0.000000E+00  -0.808653E+02   0.575097E-08   0.908471E-07   0.396324E-06
  1093   0.121003E+04   0.211961E+02   0.000000E+00  -0.803720E+02   0.574226E-08   0.823172E-07   0.391325E-06
  1094   0.121280E+04   0.209135E+02   0.000000E+00  -0.798572E+02   0.573358E-08   0.740860E-07   0.386309E-06
  1095   0.121551E+04   0.206338E+02   0.000000E+00  -0.793223E+02   0.572491E-08   0.661526E-07   0.381274E-06
  1096   0.121816E+04   0.203569E+02   0.000000E+00  -0.787666E+02   0.571626E-08   0.585164E-07   0.376224E-06
  1097   0.122076E+04   0.200831E+02   0.000000E+00  -0.781909E+02   0.570763E-08   0.511766E-07   0.371157E-06
  1098   0.122330E+04   0.198123E+02   0.000000E+00  -0.775958E+02   0.569902E-08   0.441324E-07   0.366075E-06
  1099   0.122577E+04   0.195448E+02   0.000000E+00  -0.769815E+02   0.569043E-08   0.373830E-07   0.360979E-06
  1100   0.122820E+04   0.192806E+02   0.000000E+00  -0.763485E+02   0.568187E-08   0.309277E-07   0.355868E-06
  1101   0.123054E+04   0.190196E+02   0.000000E+00  -0.756963E+02   0.567332E-08   0.247655E-07   0.350745E-06
  1102   0.123283E+04   0.187622E+02   0.000000E+00  -0.750262E+02   0.566479E-08   0.188944E-07   0.345609E-06
  1103   0.123504E+04   0.185082E+02   0.000000E+00  -0.743375E+02   0.565628E-08   0.133124E-07   0.340461E-06
  1104   0.123720E+04   0.182580E+02   0.000000E+00  -0.736316E+02   0.564779E-08   0.801713E-08   0.335302E-06
  1105   0.123928E+04   0.180113E+02   0.000000E+00  -0.729086E+02   0.563932E-08   0.300657E-08   0.330132E-06
  1106   0.124128E+04   0.177685E+02   0.000000E+00  -0.721689E+02   0.563087E-08  -0.172147E-08   0.324951E-06
  1107   0.124322E+04   0.175295E+02   0.000000E+00  -0.714128E+02   0.562244E-08  -0.616916E-08   0.319760E-06
  1108   0.124508E+04   0.172945E+02   0.000000E+00  -0.706407E+02   0.561403E-08  -0.103387E-07   0.314560E-06
  1109   0.124687E+04   0.170635E+02   0.000000E+00  -0.698532E+02   0.560564E-08  -0.142321E-07   0.309350E-06
  1110   0.124858E+04   0.168366E+02   0.000000E+00  -0.690506E+02   0.559727E-08  -0.178517E-07   0.304133E-06
  1111   0.125021E+04   0.166140E+02   0.000000E+00  -0.682333E+02   0.558892E-08  -0.211995E-07   0.298907E-06
  1112   0.125176E+04   0.163955E+02   0.000000E+00  -0.674017E+02   0.558058E-08  -0.242778E-07   0.293674E-06
  1113   0.125324E+04   0.161814E+02   0.000000E+00  -0.665565E+02   0.557227E-08  -0.270887E-07   0.288434E-06
  1114   0.125464E+04   0.159718E+02   0.000000E+00  -0.656977E+02   0.556398E-08  -0.296344E-07   0.283188E-06
  1115   0.125595E+04   0.157665E+02   0.000000E+00  -0.648261E+02   0.555570E-08  -0.319170E-07   0.277936E-06
  1116   0.125718E+04   0.155659E+02   0.000000E+00  -0.639421E+02   0.554744E-08  -0.339387E-07   0.272678E-06
  1117   0.125833E+04   0.153698E+02   0.000000E+00  -0.630459E+02   0.553921E-08  -0.357016E-07   0.267416E-06
  1118   0.125940E+04   0.151783E+02   0.000000E+00  -0.621381E+02   0.553099E-08  -0.372079E-07   0.262149E-06
  1119   0.126038E+04   0.149916E+02   0.000000E+00  -0.612192E+02   0.552279E-08  -0.384597E-07   0.256879E-06
  1120   0.126127E+04   0.148096E+02   0.000000E+00  -0.602895E+02   0.551461E-08  -0.394593E-07   0.251605E-06
  1121   0.126208E+04   0.146325E+02   0.000000E+00  -0.593495E+02   0.550645E-08  -0.402087E-07   0.246329E-06
  1122   0.126280E+04   0.144602E+02   0.000000E+00  -0.583996E+02   0.549830E-08  -0.407102E-07   0.241050E-06
  1123   0.126343E+04   0.142928E+02   0.000000E+00  -0.574403E+02   0.549018E-08  -0.409659E-07   0.235769E-06
  1124   0.126398E+04   0.141305E+02   0.000000E+00  -0.564721E+02   0.548207E-08  -0.409779E-07   0.230487E-06
  1125   0.126443E+04   0.139732E+02   0.000000E+00  -0.554952E+02   0.547399E-08  -0.407485E-07   0.225205E-06
  1126   0.126479E+04   0.138209E+02   0.000000E+00  -0.545105E+02   0.546592E-08  -0.402797E-07   0.219922E-06
  1127   0.126506E+04   0.136737E+02   0.000000E+00  -0.535182E+02   0.545787E-08  -0.395738E-07   0.214639E-06
  1128   0.126525E+04   0.135317E+02   0.000000E+00  -0.525190E+02   0.544984E-08  -0.386328E-07   0.209357E-06
  1129   0.126534E+04   0.133950E+02   0.000000E+00  -0.515133E+02   0.544183E-08  -0.374590E-07   0.204077E-06
  1130   0.126534E+04   0.132634E+02   0.000000E+00  -0.505016E+02   0.543383E-08  -0.360545E-07   0.198798E-06
  1131   0.126525E+04   0.131371E+02   0.000000E+00  -0.494846E+02   0.542586E-08  -0.344215E-07   0.193522E-06
  1132   0.126508E+04   0.130161E+02   0.000000E+00  -0.484624E+02   0.541790E-08  -0.325621E-07   0.188248E-06
  1133   0.126481E+04   0.129006E+02   0.000000E+00  -0.474358E+02   0.540996E-08  -0.304785E-07   0.182978E-06
  1134   0.126444E+04   0.127903E+02   0.000000E+00  -0.464050E+02   0.540204E-08  -0.281728E-07   0.177712E-06
  1135   0.126399E+04   0.126854E+02   0.000000E+00  -0.453706E+02   0.539413E-08  -0.256473E-07   0.172450E-06
  1136   0.126345E+04   0.125859E+02   0.000000E+00  -0.443330E+02   0.538625E-08  -0.229040E-07   0.167193E-06
  1137   0.126281E+04   0.124919E+02   0.000000E+00  -0.432927E+02   0.537838E-08  -0.199451E-07   0.161942E-06
  1138   0.126208E+04   0.124032E+02   0.000000E+00  -0.422500E+02   0.537053E-08  -0.167729E-07   0.156696E-06
  1139   0.126126E+04   0.123200E+02   0.000000E+00  -0.412055E+02   0.536270E-08  -0.133893E-07   0.151457E-06
  1140   0.126034E+04   0.122423E+02   0.000000E+00  -0.401597E+02   0.535489E-08  -0.979668E-08   0.146224E-06
  1141   0.125934E+04   0.121700E+02   0.000000E+00  -0.391131E+02   0.534709E-08  -0.599711E-08   0.141000E-06
  1142   0.125824E+04   0.121032E+02   0.000000E+00  -0.380661E+02   0.533931E-08  -0.199276E-08   0.135783E-06
  1143   0.125705E+04   0.120419E+02   0.000000E+00  -0.370192E+02   0.533155E-08   0.221421E-08   0.130574E-06
  1144   0.125576E+04   0.119861E+02   0.000000E+00  -0.359729E+02   0.532381E-08   0.662164E-08   0.125375E-06
  1145   0.125439E+04   0.119358E+02   0.000000E+00  -0.349276E+02   0.531609E-08   0.112274E-07   0.120185E-06
  1146   0.125292E+04   0.118910E+02   0.000000E+00  -0.338839E+02   0.530838E-08   0.160293E-07   0.115005E-06
  1147   0.125137E+04   0.118517E+02   0.000000E+00  -0.328421E+02   0.530069E-08   0.210251E-07   0.109836E-06
  1148   0.124972E+04   0.118179E+02   0.000000E+00  -0.318027E+02   0.529302E-08   0.262128E-07   0.104678E-06
  1149   0.124798E+04   0.117895E+02   0.000000E+00  -0.307662E+02   0.528536E-08   0.315902E-07   0.995309E-07
  1150   0.124615E+04   0.117666E+02   0.000000E+00  -0.297329E+02   0.527773E-08   0.371550E-07   0.943962E-07
  1151   0.124424E+04   0.117491E+02   0.000000E+00  -0.287034E+02   0.527011E-08   0.429053E-07   0.892741E-07
  1152   0.124223E+04   0.117371E+02   0.000000E+00  -0.276781E+02   0.526250E-08   0.488389E-07   0.841650E-07
  1153   0.124014E+04   0.117304E+02   0.000000E+00  -0.266575E+02   0.525492E-08   0.549539E-07   0.790692E-07
  1154   0.123796E+04   0.117293E+02   0.000000E+00  -0.256418E+02   0.524735E-08   0.612484E-07   0.739871E-07
  1155   0.123570E+04   0.117333E+02   0.000000E+00  -0.246317E+02   0.523980E-08   0.677204E-07   0.689192E-07
  1156   0.123334E+04   0.117428E+02   0.000000E+00  -0.236276E+02   0.523226E-08   0.743679E-07   0.638658E-07
  1157   0.123090E+04   0.117576E+02   0.000000E+00  -0.226298E+02   0.522474E-08   0.811890E-07   0.588272E-07
  1158   0.122839E+04   0.117777E+02   0.000000E+00  -0.216390E+02   0.521724E-08   0.881816E-07   0.538039E-07
  1159   0.122579E+04   0.118031E+02   0.000000E+00  -0.206554E+02   0.520976E-08   0.953439E-07   0.487963E-07
  1160   0.122310E+04   0.118337E+02   0.000000E+00  -0.196794E+02   0.520230E-08   0.102674E-06   0.438047E-07
  1161   0.122034E+04   0.118695E+02   0.000000E+00  -0.187116E+02   0.519485E-08   0.110169E-06   0.388296E-07
  1162   0.121750E+04   0.119104E+02   0.000000E+00  -0.177522E+02   0.518741E-08   0.117829E-06   0.338712E-07
  1163   0.121459E+04   0.119565E+02   0.000000E+00  -0.168016E+02   0.518000E-08   0.125650E-06   0.289300E-07
  1164   0.121159E+04   0.120077E+02   0.000000E+00  -0.158603E+02   0.517260E-08   0.133631E-06   0.240065E-07
  1165   0.120852E+04   0.120638E+02   0.000000E+00  -0.149285E+02   0.516521E-08   0.141770E-06   0.191008E-07
  1166   0.120538E+04   0.121250E+02   0.000000E+00  -0.140069E+02   0.515785E-08   0.150064E-06   0.142135E-07
  1167   0.120215E+04   0.121911E+02   0.000000E+00  -0.130955E+02   0.515050E-08   0.158513E-06   0.934497E-08
  1168   0.119885E+04   0.122622E+02   0.000000E+00  -0.121949E+02   0.514316E-08   0.167113E-06   0.449552E-08
  1169   0.119549E+04   0.123381E+02   0.000000E+00  -0.113054E+02   0.513585E-08   0.175864E-06  -0.334434E-09
  1170   0.119205E+04   0.124187E+02   0.000000E+00  -0.104273E+02   0.512855E-08   0.184762E-06  -0.514451E-08
  1171   0.118854E+04   0.125041E+02   0.000000E+00  -0.956109E+01   0.512126E-08   0.193807E-06  -0.993432E-08
  1172   0.118497E+04   0.125942E+02   0.000000E+00  -0.870701E+01   0.511399E-08   0.202995E-06  -0.147035E-07
  1173   0.118133E+04   0.126889E+02   0.000000E+00  -0.786548E+01   0.510674E-08   0.212326E-06  -0.194516E-07
  1174   0.117763E+04   0.127882E+02   0.000000E+00  -0.703683E+01   0.509951E-08   0.221797E-06  -0.241783E-07
  1175   0.117385E+04   0.128921E+02   0.000000E+00  -0.622134E+01   0.509229E-08   0.231406E-06  -0.288833E-07
  1176   0.117002E+04   0.130003E+02   0.000000E+00  -0.541933E+01   0.508508E-08   0.241151E-06  -0.335660E-07
  1177   0.116613E+04   0.131129E+02   0.000000E+00  -0.463110E+01   0.507790E-08   0.251030E-06  -0.382262E-07
  1178   0.116217E+04   0.132299E+02   0.000000E+00  -0.385696E+01   0.507073E-08   0.261042E-06  -0.428634E-07
  1179   0.115816E+04   0.133512E+02   0.000000E+00  -0.309722E+01   0.506357E-08   0.271184E-06  -0.474772E-07
  1180   0.115409E+04   0.134766E+02   0.000000E+00  -0.235219E+01   0.505643E-08   0.281455E-06  -0.520674E-07
  1181   0.114996E+04   0.136060E+02   0.000000E+00  -0.162215E+01   0.504931E-08   0.291852E-06  -0.566335E-07
  1182   0.114578E+04   0.137396E+02   0.000000E+00  -0.907360E+00   0.504220E-08   0.302373E-06  -0.611750E-07
  1183   0.114154E+04   0.138771E+02   0.000000E+00  -0.208112E+00   0.503511E-08   0.313017E-06  -0.656917E-07
  1184   0.113726E+04   0.140186E+02   0.000000E+00   0.475330E+00   0.502803E-08   0.323781E-06  -0.701831E-07
  1185   0.113292E+04   0.141637E+02   0.000000E+00   0.114269E+01   0.502097E-08   0.334664E-06  -0.746489E-07
  1186   0.112853E+04   0.143126E+02   0.000000E+00   0.179369E+01   0.501393E-08   0.345663E-06  -0.790887E-07
  1187   0.112410E+04   0.144652E+02   0.000000E+00   0.242807E+01   0.500690E-08   0.356777E-06  -0.835021E-07
  1188   0.111962E+04   0.146214E+02   0.000000E+00   0.304563E+01   0.499989E-08   0.368004E-06  -0.878886E-07
  1189   0.111510E+04   0.147810E+02   0.000000E+00   0.364615E+01   0.499289E-08   0.379341E-06  -0.922480E-07
  1190   0.111052E+04   0.149441E+02   0.000000E+00   0.422943E+01   0.498590E-08   0.390787E-06  -0.965798E-07
  1191   0.110591E+04   0.151104E+02   0.000000E+00   0.479528E+01   0.497894E-08   0.402339E-06  -0.100884E-06
  1192   0.110127E+04   0.152800E+02   0.000000E+00   0.534349E+01   0.497199E-08   0.413997E-06  -0.105159E-06
  1193   0.109658E+04   0.154528E+02   0.000000E+00   0.587388E+01   0.496505E-08   0.425757E-06  -0.109406E-06
  1194   0.109186E+04   0.156285E+02   0.000000E+00   0.638622E+01   0.495813E-08   0.437618E-06  -0.113624E-06
  1195   0.108711E+04   0.158072E+02   0.000000E+00   0.688038E+01   0.495122E-08   0.449578E-06  -0.117812E-06
  1196   0.108232E+04   0.159889E+02   0.000000E+00   0.735619E+01   0.494433E-08   0.461635E-06  -0.121971E-06
  1197   0.107750E+04   0.161733E+02   0.000000E+00   0.781351E+01   0.493745E-08   0.473787E-06  -0.126099E-06
  1198   0.107265E+04   0.163603E+02   0.000000E+00   0.825220E+01   0.493059E-08   0.486032E-06  -0.130196E-06
  1199   0.106778E+04   0.165501E+02   0.000000E+00   0.867202E+01   0.492375E-08   0.498368E-06  -0.134263E-06
  1200   0.106288E+04   0.167422E+02   0.000000E+00   0.907298E+01   0.491692E-08   0.510793E-06  -0.138298E-06
  1201   0.105795E+04   0.169368E+02   0.000000E+00   0.945477E+01   0.491010E-08   0.523305E-06  -0.142301E-06
  1202   0.105301E+04   0.171338E+02   0.000000E+00   0.981748E+01   0.490330E-08   0.535902E-06  -0.146272E-06
  1203   0.104804E+04   0.173328E+02   0.000000E+00   0.101609E+02   0.489651E-08   0.548581E-06  -0.150212E-06
  1204   0.104305E+04   0.175341E+02   0.000000E+00   0.104849E+02   0.488974E-08   0.561342E-06  -0.154118E-06
  1205   0.103805E+04   0.177374E+02   0.000000E+00   0.107896E+02   0.488299E-08   0.574180E-06  -0.157992E-06
  1206   0.103302E+04   0.179426E+02   0.000000E+00   0.110747E+02   0.487624E-08   0.587095E-06  -0.161833E-06
  1207   0.102799E+04   0.181496E+02   0.000000E+00   0.113403E+02   0.486952E-08   0.600083E-06  -0.165641E-06
  1208   0.102294E+04   0.183584E+02   0.000000E+00   0.115863E+02   0.486280E-08   0.613143E-06  -0.169416E-06
  1209   0.101789E+04   0.185687E+02   0.000000E+00   0.118126E+02   0.485611E-08   0.626273E-06  -0.173157E-06
  1210   0.101283E+04   0.187807E+02   0.000000E+00   0.120192E+02   0.484942E-08   0.639470E-06  -0.176865E-06
  1211   0.100775E+04   0.189940E+02   0.000000E+00   0.122061E+02   0.484275E-08   0.652732E-06  -0.180538E-06
  1212   0.100268E+04   0.192087E+02   0.000000E+00   0.123734E+02   0.483610E-08   0.666058E-06  -0.184178E-06
  1213   0.997598E+03   0.194246E+02   0.000000E+00   0.125209E+02   0.482946E-08   0.679444E-06  -0.187783E-06
  1214   0.992517E+03   0.196417E+02   0.000000E+00   0.126487E+02   0.482283E-08   0.692888E-06  -0.191353E-06
  1215   0.987444E+03   0.198598E+02   0.000000E+00   0.127568E+02   0.481622E-08   0.706389E-06  -0.194888E-06
  1216   0.982363E+03   0.200789E+02   0.000000E+00   0.128451E+02   0.480963E-08   0.719944E-06  -0.198389E-06
  1217   0.977289E+03   0.202987E+02   0.000000E+00   0.129137E+02   0.480304E-08   0.733551E-06  -0.201854E-06
  1218   0.972223E+03   0.205193E+02   0.000000E+00   0.129626E+02   0.479647E-08   0.747208E-06  -0.205284E-06
  1219   0.967164E+03   0.207406E+02   0.000000E+00   0.129918E+02   0.478992E-08   0.760912E-06  -0.208678E-06
  1220   0.962105E+03   0.209623E+02   0.000000E+00   0.130015E+02   0.478338E-08   0.774662E-06  -0.212036E-06
  1221   0.957068E+03   0.211844E+02   0.000000E+00   0.129914E+02   0.477685E-08   0.788455E-06  -0.215358E-06
  1222   0.952031E+03   0.214069E+02   0.000000E+00   0.129617E+02   0.477034E-08   0.802289E-06  -0.218643E-06
  1223   0.947017E+03   0.216295E+02   0.000000E+00   0.129126E+02   0.476384E-08   0.816162E-06  -0.221892E-06
  1224   0.942010E+03   0.218522E+02   0.000000E+00   0.128441E+02   0.475736E-08   0.830071E-06  -0.225105E-06
  1225   0.937025E+03   0.220750E+02   0.000000E+00   0.127563E+02   0.475089E-08   0.844015E-06  -0.228280E-06
  1226   0.932056E+03   0.222977E+02   0.000000E+00   0.126494E+02   0.474443E-08   0.857991E-06  -0.231418E-06
  1227   0.927108E+03   0.225202E+02   0.000000E+00   0.125235E+02   0.473799E-08   0.871997E-06  -0.234518E-06
  1228   0.922183E+03   0.227424E+02   0.000000E+00   0.123787E+02   0.473156E-08   0.886032E-06  -0.237581E-06
  1229   0.917287E+03   0.229643E+02   0.000000E+00   0.122151E+02   0.472515E-08   0.900091E-06  -0.240606E-06
  1230   0.912414E+03   0.231857E+02   0.000000E+00   0.120329E+02   0.471875E-08   0.914174E-06  -0.243593E-06
  1231   0.907563E+03   0.234066E+02   0.000000E+00   0.118321E+02   0.471236E-08   0.928278E-06  -0.246542E-06
  1232   0.902742E+03   0.236268E+02   0.000000E+00   0.116131E+02   0.470598E-08   0.942402E-06  -0.249452E-06
  1233   0.897958E+03   0.238462E+02   0.000000E+00   0.113757E+02   0.469962E-08   0.956542E-06  -0.252323E-06
  1234   0.893196E+03   0.240647E+02   0.000000E+00   0.111202E+02   0.469328E-08   0.970697E-06  -0.255156E-06
  1235   0.888471E+03   0.242823E+02   0.000000E+00   0.108467E+02   0.468694E-08   0.984864E-06  -0.257949E-06
  1236   0.883776E+03   0.244988E+02   0.000000E+00   0.105554E+02   0.468062E-08   0.999042E-06  -0.260703E-06
  1237   0.879118E+03   0.247141E+02   0.000000E+00   0.102463E+02   0.467432E-08   0.101323E-05  -0.263417E-06
  1238   0.874498E+03   0.249282E+02   0.000000E+00   0.991987E+01   0.466802E-08   0.102742E-05  -0.266091E-06
  1239   0.869914E+03   0.251409E+02   0.000000E+00   0.957610E+01   0.466174E-08   0.104161E-05  -0.268726E-06
  1240   0.865368E+03   0.253521E+02   0.000000E+00   0.921523E+01   0.465548E-08   0.105581E-05  -0.271320E-06
  1241   0.860866E+03   0.255618E+02   0.000000E+00   0.883751E+01   0.464923E-08   0.107001E-05  -0.273873E-06
  1242   0.856409E+03   0.257698E+02   0.000000E+00   0.844315E+01   0.464299E-08   0.108420E-05  -0.276386E-06
  1243   0.851989E+03   0.259761E+02   0.000000E+00   0.803229E+01   0.463676E-08   0.109839E-05  -0.278858E-06
  1244   0.847613E+03   0.261806E+02   0.000000E+00   0.760510E+01   0.463055E-08   0.111257E-05  -0.281289E-06
  1245   0.843283E+03   0.263831E+02   0.000000E+00   0.716191E+01   0.462435E-08   0.112674E-05  -0.283678E-06
  1246   0.839004E+03   0.265837E+02   0.000000E+00   0.670292E+01   0.461816E-08   0.114090E-05  -0.286026E-06
  1247   0.834769E+03   0.267821E+02   0.000000E+00   0.622834E+01   0.461198E-08   0.115505E-05  -0.288332E-06
  1248   0.830587E+03   0.269784E+02   0.000000E+00   0.573839E+01   0.460582E-08   0.116918E-05  -0.290596E-06
  1249   0.826450E+03   0.271723E+02   0.000000E+00   0.523331E+01   0.459967E-08   0.118329E-05  -0.292818E-06
  1250   0.822371E+03   0.273638E+02   0.000000E+00   0.471334E+01   0.459354E-08   0.119738E-05  -0.294998E-06
  1251   0.818338E+03   0.275529E+02   0.000000E+00   0.417877E+01   0.458742E-08   0.121145E-05  -0.297135E-06
  1252   0.814356E+03   0.277395E+02   0.000000E+00   0.362991E+01   0.458131E-08   0.122549E-05  -0.299229E-06
  1253   0.810434E+03   0.279234E+02   0.000000E+00   0.306706E+01   0.457521E-08   0.123951E-05  -0.301280E-06
  1254   0.806564E+03   0.281047E+02   0.000000E+00   0.249054E+01   0.456912E-08   0.125350E-05  -0.303289E-06
  1255   0.802753E+03   0.282833E+02   0.000000E+00   0.190065E+01   0.456305E-08   0.126747E-05  -0.305256E-06
  1256   0.799002E+03   0.284591E+02   0.000000E+00   0.129771E+01   0.455699E-08   0.128140E-05  -0.307180E-06
  1257   0.795310E+03   0.286320E+02   0.000000E+00   0.682016E+00   0.455095E-08   0.129530E-05  -0.309062E-06
  1258   0.791678E+03   0.288020E+02   0.000000E+00   0.538814E-01   0.454491E-08   0.130917E-05  -0.310901E-06
  1259   0.788097E+03   0.289690E+02   0.000000E+00  -0.586386E+00   0.453889E-08   0.132300E-05  -0.312698E-06
  1260   0.784591E+03   0.291329E+02   0.000000E+00  -0.123848E+01   0.453288E-08   0.133680E-05  -0.314453E-06
  1261   0.781137E+03   0.292937E+02   0.000000E+00  -0.190208E+01   0.452689E-08   0.135055E-05  -0.316165E-06
  1262   0.777750E+03   0.294512E+02   0.000000E+00  -0.257690E+01   0.452090E-08   0.136427E-05  -0.317836E-06
  1263   0.774430E+03   0.296055E+02   0.000000E+00  -0.326263E+01   0.451493E-08   0.137795E-05  -0.319464E-06
  1264   0.771169E+03   0.297564E+02   0.000000E+00  -0.395893E+01   0.450897E-08   0.139158E-05  -0.321050E-06
  1265   0.767975E+03   0.299039E+02   0.000000E+00  -0.466548E+01   0.450303E-08   0.140517E-05  -0.322594E-06
  1266   0.764840E+03   0.300479E+02   0.000000E+00  -0.538192E+01   0.449709E-08   0.141872E-05  -0.324096E-06
  1267   0.761780E+03   0.301884E+02   0.000000E+00  -0.610791E+01   0.449117E-08   0.143222E-05  -0.325556E-06
  1268   0.758786E+03   0.303253E+02   0.000000E+00  -0.684310E+01   0.448526E-08   0.144567E-05  -0.326974E-06
  1269   0.755860E+03   0.304586E+02   0.000000E+00  -0.758713E+01   0.447936E-08   0.145906E-05  -0.328350E-06
  1270   0.753000E+03   0.305882E+02   0.000000E+00  -0.833968E+01   0.447348E-08   0.147241E-05  -0.329684E-06
  1271   0.750207E+03   0.307141E+02   0.000000E+00  -0.910033E+01   0.446761E-08   0.148570E-05  -0.330976E-06
  1272   0.747489E+03   0.308362E+02   0.000000E+00  -0.986886E+01   0.446174E-08   0.149894E-05  -0.332227E-06
  1273   0.744837E+03   0.309544E+02   0.000000E+00  -0.106447E+02   0.445590E-08   0.151212E-05  -0.333435E-06
  1274   0.742252E+03   0.310687E+02   0.000000E+00  -0.114277E+02   0.445006E-08   0.152525E-05  -0.334603E-06
  1275   0.739740E+03   0.311792E+02   0.000000E+00  -0.122174E+02   0.444423E-08   0.153831E-05  -0.335728E-06
  1276   0.737299E+03   0.312857E+02   0.000000E+00  -0.130135E+02   0.443842E-08   0.155131E-05  -0.336812E-06
  1277   0.734929E+03   0.313882E+02   0.000000E+00  -0.138156E+02   0.443262E-08   0.156425E-05  -0.337854E-06
  1278   0.732631E+03   0.314867E+02   0.000000E+00  -0.146233E+02   0.442683E-08   0.157713E-05  -0.338855E-06
  1279   0.730405E+03   0.315809E+02   0.000000E+00  -0.154363E+02   0.442105E-08   0.158994E-05  -0.339814E-06
  1280   0.728250E+03   0.316712E+02   0.000000E+00  -0.162542E+02   0.441529E-08   0.160268E-05  -0.340732E-06
  1281   0.726167E+03   0.317572E+02   0.000000E+00  -0.170768E+02   0.440953E-08   0.161536E-05  -0.341608E-06
  1282   0.724157E+03   0.318390E+02   0.000000E+00  -0.179035E+02   0.440379E-08   0.162796E-05  -0.342443E-06
  1283   0.722218E+03   0.319166E+02   0.000000E+00  -0.187340E+02   0.439806E-08   0.164050E-05  -0.343237E-06
  1284   0.720351E+03   0.319897E+02   0.000000E+00  -0.195680E+02   0.439234E-08   0.165295E-05  -0.343989E-06
  1285   0.718558E+03   0.320586E+02   0.000000E+00  -0.204051E+02   0.438663E-08   0.166534E-05  -0.344700E-06
  1286   0.716836E+03   0.321231E+02   0.000000E+00  -0.212449E+02   0.438094E-08   0.167765E-05  -0.345370E-06
  1287   0.715187E+03   0.321833E+02   0.000000E+00  -0.220871E+02   0.437525E-08   0.168988E-05  -0.345998E-06
  1288   0.713610E+03   0.322390E+02   0.000000E+00  -0.229313E+02   0.436958E-08   0.170203E-05  -0.346586E-06
  1289   0.712106E+03   0.322904E+02   0.000000E+00  -0.237770E+02   0.436392E-08   0.171410E-05  -0.347133E-06
  1290   0.710674E+03   0.323373E+02   0.000000E+00  -0.246239E+02   0.435827E-08   0.172608E-05  -0.347638E-06
  1291   0.709315E+03   0.323798E+02   0.000000E+00  -0.254717E+02   0.435263E-08   0.173798E-05  -0.348102E-06
  1292   0.708028E+03   0.324179E+02   0.000000E+00  -0.263200E+02   0.434700E-08   0.174980E-05  -0.348526E-06
  1293   0.706813E+03   0.324517E+02   0.000000E+00  -0.271683E+02   0.434139E-08   0.176153E-05  -0.348909E-06
  1294   0.705671E+03   0.324809E+02   0.000000E+00  -0.280165E+02   0.433578E-08   0.177317E-05  -0.349250E-06
  1295   0.704599E+03   0.325056E+02   0.000000E+00  -0.288639E+02   0.433019E-08   0.178472E-05  -0.349551E-06
  1296   0.703599E+03   0.325259E+02   0.000000E+00  -0.297105E+02   0.432461E-08   0.179618E-05  -0.349811E-06
  1297   0.702670E+03   0.325416E+02   0.000000E+00  -0.305556E+02   0.431903E-08   0.180754E-05  -0.350030E-06
  1298   0.701812E+03   0.325529E+02   0.000000E+00  -0.313991E+02   0.431348E-08   0.181881E-05  -0.350209E-06
  1299   0.701024E+03   0.325596E+02   0.000000E+00  -0.322406E+02   0.430793E-08   0.182999E-05  -0.350347E-06
  1300   0.700306E+03   0.325618E+02   0.000000E+00  -0.330796E+02   0.430239E-08   0.184106E-05  -0.350444E-06
  1301   0.699657E+03   0.325595E+02   0.000000E+00  -0.339159E+02   0.429686E-08   0.185204E-05  -0.350501E-06
  1302   0.699078E+03   0.325527E+02   0.000000E+00  -0.347491E+02   0.429135E-08   0.186291E-05  -0.350518E-06
  1303   0.698567E+03   0.325414E+02   0.000000E+00  -0.355789E+02   0.428584E-08   0.187369E-05  -0.350494E-06
  1304   0.698123E+03   0.325256E+02   0.000000E+00  -0.364048E+02   0.428035E-08   0.188436E-05  -0.350430E-06
  1305   0.697749E+03   0.325053E+02   0.000000E+00  -0.372267E+02   0.427487E-08   0.189493E-05  -0.350327E-06
  1306   0.697441E+03   0.324807E+02   0.000000E+00  -0.380440E+02   0.426939E-08   0.190540E-05  -0.350185E-06
  1307   0.697199E+03   0.324515E+02   0.000000E+00  -0.388565E+02   0.426393E-08   0.191576E-05  -0.350004E-06
  1308   0.697024E+03   0.324180E+02   0.000000E+00  -0.396638E+02   0.425848E-08   0.192602E-05  -0.349784E-06
  1309   0.696914E+03   0.323800E+02   0.000000E+00  -0.404657E+02   0.425304E-08   0.193617E-05  -0.349525E-06
  1310   0.696868E+03   0.323377E+02   0.000000E+00  -0.412616E+02   0.424762E-08   0.194622E-05  -0.349228E-06
  1311   0.696886E+03   0.322909E+02   0.000000E+00  -0.420515E+02   0.424220E-08   0.195615E-05  -0.348893E-06
  1312   0.696968E+03   0.322398E+02   0.000000E+00  -0.428348E+02   0.423679E-08   0.196598E-05  -0.348520E-06
  1313   0.697112E+03   0.321843E+02   0.000000E+00  -0.436112E+02   0.423139E-08   0.197571E-05  -0.348110E-06
  1314   0.697318E+03   0.321245E+02   0.000000E+00  -0.443805E+02   0.422601E-08   0.198532E-05  -0.347662E-06
  1315   0.697584E+03   0.320604E+02   0.000000E+00  -0.451422E+02   0.422063E-08   0.199482E-05  -0.347177E-06
  1316   0.697911E+03   0.319920E+02   0.000000E+00  -0.458963E+02   0.421527E-08   0.200421E-05  -0.346656E-06
  1317   0.698297E+03   0.319196E+02   0.000000E+00  -0.466423E+02   0.420991E-08   0.201349E-05  -0.346098E-06
  1318   0.698742E+03   0.318429E+02   0.000000E+00  -0.473799E+02   0.420457E-08   0.202265E-05  -0.345504E-06
  1319   0.699244E+03   0.317622E+02   0.000000E+00  -0.481088E+02   0.419924E-08   0.203170E-05  -0.344874E-06
  1320   0.699804E+03   0.316774E+02   0.000000E+00  -0.488288E+02   0.419391E-08   0.204064E-05  -0.344208E-06
  1321   0.700419E+03   0.315886E+02   0.000000E+00  -0.495396E+02   0.418860E-08   0.204946E-05  -0.343507E-06
  1322   0.701091E+03   0.314959E+02   0.000000E+00  -0.502408E+02   0.418330E-08   0.205817E-05  -0.342771E-06
  1323   0.701816E+03   0.313992E+02   0.000000E+00  -0.509322E+02   0.417801E-08   0.206676E-05  -0.341999E-06
  1324   0.702594E+03   0.312987E+02   0.000000E+00  -0.516135E+02   0.417273E-08   0.207523E-05  -0.341193E-06
  1325   0.703424E+03   0.311942E+02   0.000000E+00  -0.522844E+02   0.416746E-08   0.208359E-05  -0.340352E-06
  1326   0.704306E+03   0.310859E+02   0.000000E+00  -0.529447E+02   0.416220E-08   0.209182E-05  -0.339478E-06
  1327   0.705238E+03   0.309739E+02   0.000000E+00  -0.535941E+02   0.415695E-08   0.209994E-05  -0.338569E-06
  1328   0.706219E+03   0.308581E+02   0.000000E+00  -0.542324E+02   0.415171E-08   0.210793E-05  -0.337627E-06
  1329   0.707248E+03   0.307386E+02   0.000000E+00  -0.548591E+02   0.414648E-08   0.211581E-05  -0.336651E-06
  1330   0.708324E+03   0.306155E+02   0.000000E+00  -0.554743E+02   0.414126E-08   0.212356E-05  -0.335642E-06
  1331   0.709446E+03   0.304888E+02   0.000000E+00  -0.560777E+02   0.413605E-08   0.213119E-05  -0.334600E-06
  1332   0.710612E+03   0.303585E+02   0.000000E+00  -0.566689E+02   0.413085E-08   0.213869E-05  -0.333525E-06
  1333   0.711823E+03   0.302248E+02   0.000000E+00  -0.572477E+02   0.412566E-08   0.214607E-05  -0.332418E-06
  1334   0.713076E+03   0.300877E+02   0.000000E+00  -0.578140E+02   0.412048E-08   0.215333E-05  -0.331279E-06
  1335   0.714370E+03   0.299472E+02   0.000000E+00  -0.583674E+02   0.411531E-08   0.216046E-05  -0.330108E-06
  1336   0.715704E+03   0.298034E+02   0.000000E+00  -0.589079E+02   0.411015E-08   0.216746E-05  -0.328905E-06
  1337   0.717078E+03   0.296564E+02   0.000000E+00  -0.594351E+02   0.410500E-08   0.217434E-05  -0.327671E-06
  1338   0.718490E+03   0.295063E+02   0.000000E+00  -0.599490E+02   0.409986E-08   0.218109E-05  -0.326406E-06
  1339   0.719938E+03   0.293529E+02   0.000000E+00  -0.604492E+02   0.409473E-08   0.218771E-05  -0.325110E-06
  1340   0.721421E+03   0.291966E+02   0.000000E+00  -0.609357E+02   0.408961E-08   0.219420E-05  -0.323783E-06
  1341   0.722939E+03   0.290372E+02   0.000000E+00  -0.614082E+02   0.408450E-08   0.220055E-05  -0.322426E-06
  1342   0.724490E+03   0.288749E+02   0.000000E+00  -0.618664E+02   0.407940E-08   0.220678E-05  -0.321039E-06
  1343   0.726073E+03   0.287097E+02   0.000000E+00  -0.623104E+02   0.407431E-08   0.221288E-05  -0.319622E-06
  1344   0.727686E+03   0.285417E+02   0.000000E+00  -0.627398E+02   0.406923E-08   0.221884E-05  -0.318176E-06
  1345   0.729328E+03   0.283709E+02   0.000000E+00  -0.631546E+02   0.406416E-08   0.222467E-05  -0.316700E-06
  1346   0.730998E+03   0.281974E+02   0.000000E+00  -0.635544E+02   0.405910E-08   0.223036E-05  -0.315195E-06
  1347   0.732694E+03   0.280213E+02   0.000000E+00  -0.639393E+02   0.405405E-08   0.223592E-05  -0.313661E-06
  1348   0.734415E+03   0.278425E+02   0.000000E+00  -0.643089E+02   0.404900E-08   0.224134E-05  -0.312099E-06
  1349   0.736161E+03   0.276614E+02   0.000000E+00  -0.646632E+02   0.404397E-08   0.224663E-05  -0.310508E-06
  1350   0.737929E+03   0.274778E+02   0.000000E+00  -0.650021E+02   0.403895E-08   0.225178E-05  -0.308889E-06
  1351   0.739718E+03   0.272918E+02   0.000000E+00  -0.653256E+02   0.403394E-08   0.225679E-05  -0.307243E-06
  1352   0.741528E+03   0.271037E+02   0.000000E+00  -0.656335E+02   0.402893E-08   0.226166E-05  -0.305569E-06
  1353   0.743358E+03   0.269133E+02   0.000000E+00  -0.659258E+02   0.402394E-08   0.226639E-05  -0.303868E-06
  1354   0.745200E+03   0.267209E+02   0.000000E+00  -0.662025E+02   0.401895E-08   0.227099E-05  -0.302140E-06
  1355   0.747065E+03   0.265265E+02   0.000000E+00  -0.664633E+02   0.401398E-08   0.227545E-05  -0.300385E-06
  1356   0.748944E+03   0.263303E+02   0.000000E+00  -0.667083E+02   0.400901E-08   0.227977E-05  -0.298605E-06
  1357   0.750838E+03   0.261322E+02   0.000000E+00  -0.669374E+02   0.400405E-08   0.228396E-05  -0.296799E-06
  1358   0.752748E+03   0.259323E+02   0.000000E+00  -0.671504E+02   0.399911E-08   0.228800E-05  -0.294967E-06
  1359   0.754664E+03   0.257308E+02   0.000000E+00  -0.673475E+02   0.399417E-08   0.229192E-05  -0.293110E-06
  1360   0.756588E+03   0.255277E+02   0.000000E+00  -0.675284E+02   0.398924E-08   0.229569E-05  -0.291229E-06
  1361   0.758519E+03   0.253231E+02   0.000000E+00  -0.676931E+02   0.398432E-08   0.229933E-05  -0.289323E-06
  1362   0.760466E+03   0.251169E+02   0.000000E+00  -0.678416E+02   0.397941E-08   0.230284E-05  -0.287392E-06
  1363   0.762412E+03   0.249095E+02   0.000000E+00  -0.679737E+02   0.397451E-08   0.230620E-05  -0.285439E-06
  1364   0.764366E+03   0.247007E+02   0.000000E+00  -0.680896E+02   0.396962E-08   0.230944E-05  -0.283461E-06
  1365   0.766327E+03   0.244907E+02   0.000000E+00  -0.681892E+02   0.396473E-08   0.231253E-05  -0.281461E-06
  1366   0.768281E+03   0.242796E+02   0.000000E+00  -0.682725E+02   0.395986E-08   0.231550E-05  -0.279438E-06
  1367   0.770242E+03   0.240674E+02   0.000000E+00  -0.683395E+02   0.395500E-08   0.231832E-05  -0.277393E-06
  1368   0.772203E+03   0.238542E+02   0.000000E+00  -0.683901E+02   0.395014E-08   0.232102E-05  -0.275325E-06
  1369   0.774157E+03   0.236402E+02   0.000000E+00  -0.684243E+02   0.394529E-08   0.232357E-05  -0.273236E-06
  1370   0.776118E+03   0.234255E+02   0.000000E+00  -0.684423E+02   0.394046E-08   0.232600E-05  -0.271125E-06
  1371   0.778064E+03   0.232099E+02   0.000000E+00  -0.684440E+02   0.393563E-08   0.232829E-05  -0.268993E-06
  1372   0.780011E+03   0.229938E+02   0.000000E+00  -0.684295E+02   0.393081E-08   0.233045E-05  -0.266841E-06
  1373   0.781950E+03   0.227772E+02   0.000000E+00  -0.683988E+02   0.392600E-08   0.233247E-05  -0.264668E-06
  1374   0.783881E+03   0.225601E+02   0.000000E+00  -0.683519E+02   0.392120E-08   0.233436E-05  -0.262475E-06
  1375   0.785798E+03   0.223426E+02   0.000000E+00  -0.682889E+02   0.391641E-08   0.233612E-05  -0.260263E-06
  1376   0.787707E+03   0.221249E+02   0.000000E+00  -0.682098E+02   0.391162E-08   0.233775E-05  -0.258031E-06
  1377   0.789609E+03   0.219068E+02   0.000000E+00  -0.681148E+02   0.390685E-08   0.233924E-05  -0.255780E-06
  1378   0.791496E+03   0.216888E+02   0.000000E+00  -0.680037E+02   0.390208E-08   0.234060E-05  -0.253510E-06
  1379   0.793368E+03   0.214706E+02   0.000000E+00  -0.678768E+02   0.389733E-08   0.234183E-05  -0.251223E-06
  1380   0.795218E+03   0.212525E+02   0.000000E+00  -0.677339E+02   0.389258E-08   0.234292E-05  -0.248917E-06
  1381   0.797060E+03   0.210344E+02   0.000000E+00  -0.675753E+02   0.388784E-08   0.234389E-05  -0.246593E-06
  1382   0.798880E+03   0.208166E+02   0.000000E+00  -0.674008E+02   0.388311E-08   0.234472E-05  -0.244252E-06
  1383   0.800678E+03   0.205990E+02   0.000000E+00  -0.672106E+02   0.387839E-08   0.234542E-05  -0.241894E-06
  1384   0.802453E+03   0.203816E+02   0.000000E+00  -0.670048E+02   0.387367E-08   0.234600E-05  -0.239519E-06
  1385   0.804214E+03   0.201647E+02   0.000000E+00  -0.667835E+02   0.386897E-08   0.234644E-05  -0.237128E-06
  1386   0.805953E+03   0.199484E+02   0.000000E+00  -0.665470E+02   0.386427E-08   0.234675E-05  -0.234721E-06
  1387   0.807661E+03   0.197326E+02   0.000000E+00  -0.662953E+02   0.385959E-08   0.234693E-05  -0.232299E-06
  1388   0.809348E+03   0.195175E+02   0.000000E+00  -0.660286E+02   0.385491E-08   0.234698E-05  -0.229861E-06
  1389   0.811004E+03   0.193031E+02   0.000000E+00  -0.657471E+02   0.385024E-08   0.234690E-05  -0.227408E-06
  1390   0.812639E+03   0.190896E+02   0.000000E+00  -0.654509E+02   0.384558E-08   0.234669E-05  -0.224941E-06
  1391   0.814243E+03   0.188770E+02   0.000000E+00  -0.651402E+02   0.384092E-08   0.234635E-05  -0.222459E-06
  1392   0.815818E+03   0.186655E+02   0.000000E+00  -0.648150E+02   0.383628E-08   0.234588E-05  -0.219963E-06
  1393   0.817371E+03   0.184550E+02   0.000000E+00  -0.644755E+02   0.383164E-08   0.234528E-05  -0.217454E-06
  1394   0.818887E+03   0.182456E+02   0.000000E+00  -0.641219E+02   0.382702E-08   0.234456E-05  -0.214931E-06
  1395   0.820365E+03   0.180375E+02   0.000000E+00  -0.637543E+02   0.382240E-08   0.234371E-05  -0.212395E-06
  1396   0.821814E+03   0.178305E+02   0.000000E+00  -0.633727E+02   0.381779E-08   0.234272E-05  -0.209847E-06
  1397   0.823233E+03   0.176250E+02   0.000000E+00  -0.629775E+02   0.381318E-08   0.234161E-05  -0.207286E-06
  1398   0.824607E+03   0.174209E+02   0.000000E+00  -0.625686E+02   0.380859E-08   0.234038E-05  -0.204714E-06
  1399   0.825952E+03   0.172183E+02   0.000000E+00  -0.621464E+02   0.380400E-08   0.233901E-05  -0.202130E-06
  1400   0.827252E+03   0.170172E+02   0.000000E+00  -0.617110E+02   0.379943E-08   0.233752E-05  -0.199535E-06
  1401   0.828522E+03   0.168177E+02   0.000000E+00  -0.612627E+02   0.379486E-08   0.233590E-05  -0.196928E-06
  1402   0.829748E+03   0.166200E+02   0.000000E+00  -0.608016E+02   0.379030E-08   0.233415E-05  -0.194312E-06
  1403   0.830937E+03   0.164240E+02   0.000000E+00  -0.603280E+02   0.378575E-08   0.233228E-05  -0.191684E-06
  1404   0.832088E+03   0.162298E+02   0.000000E+00  -0.598421E+02   0.378120E-08   0.233028E-05  -0.189047E-06
  1405   0.833195E+03   0.160376E+02   0.000000E+00  -0.593439E+02   0.377667E-08   0.232816E-05  -0.186400E-06
  1406   0.834258E+03   0.158474E+02   0.000000E+00  -0.588339E+02   0.377214E-08   0.232592E-05  -0.183744E-06
  1407   0.835275E+03   0.156591E+02   0.000000E+00  -0.583121E+02   0.376762E-08   0.232355E-05  -0.181079E-06
  1408   0.836256E+03   0.154729E+02   0.000000E+00  -0.577788E+02   0.376311E-08   0.232107E-05  -0.178405E-06
  1409   0.837185E+03   0.152888E+02   0.000000E+00  -0.572342E+02   0.375860E-08   0.231846E-05  -0.175723E-06
  1410   0.838076E+03   0.151070E+02   0.000000E+00  -0.566785E+02   0.375411E-08   0.231573E-05  -0.173032E-06
  1411   0.838916E+03   0.149274E+02   0.000000E+00  -0.561119E+02   0.374962E-08   0.231288E-05  -0.170334E-06
  1412   0.839711E+03   0.147502E+02   0.000000E+00  -0.555347E+02   0.374514E-08   0.230991E-05  -0.167628E-06
  1413   0.840454E+03   0.145753E+02   0.000000E+00  -0.549471E+02   0.374067E-08   0.230683E-05  -0.164915E-06
  1414   0.841152E+03   0.144029E+02   0.000000E+00  -0.543495E+02   0.373621E-08   0.230362E-05  -0.162196E-06
  1415   0.841799E+03   0.142329E+02   0.000000E+00  -0.537420E+02   0.373175E-08   0.230030E-05  -0.159469E-06
  1416   0.842400E+03   0.140656E+02   0.000000E+00  -0.531250E+02   0.372730E-08   0.229687E-05  -0.156737E-06
  1417   0.842950E+03   0.139008E+02   0.000000E+00  -0.524988E+02   0.372287E-08   0.229332E-05  -0.153998E-06
  1418   0.843455E+03   0.137387E+02   0.000000E+00  -0.518636E+02   0.371843E-08   0.228966E-05  -0.151254E-06
  1419   0.843909E+03   0.135794E+02   0.000000E+00  -0.512196E+02   0.371401E-08   0.228588E-05  -0.148505E-06
  1420   0.844310E+03   0.134228E+02   0.000000E+00  -0.505671E+02   0.370960E-08   0.228199E-05  -0.145750E-06
  1421   0.844659E+03   0.132691E+02   0.000000E+00  -0.499066E+02   0.370519E-08   0.227799E-05  -0.142991E-06
  1422   0.844956E+03   0.131182E+02   0.000000E+00  -0.492380E+02   0.370079E-08   0.227387E-05  -0.140228E-06
  1423   0.845209E+03   0.129701E+02   0.000000E+00  -0.485617E+02   0.369640E-08   0.226965E-05  -0.137461E-06
  1424   0.845402E+03   0.128251E+02   0.000000E+00  -0.478779E+02   0.369201E-08   0.226532E-05  -0.134689E-06
  1425   0.845543E+03   0.126831E+02   0.000000E+00  -0.471870E+02   0.368764E-08   0.226088E-05  -0.131915E-06
  1426   0.845633E+03   0.125441E+02   0.000000E+00  -0.464893E+02   0.368327E-08   0.225633E-05  -0.129137E-06
  1427   0.845662E+03   0.124082E+02   0.000000E+00  -0.457849E+02   0.367891E-08   0.225167E-05  -0.126357E-06
  1428   0.845640E+03   0.122754E+02   0.000000E+00  -0.450741E+02   0.367455E-08   0.224691E-05  -0.123574E-06
  1429   0.845566E+03   0.121457E+02   0.000000E+00  -0.443573E+02   0.367021E-08   0.224204E-05  -0.120789E-06
  1430   0.845440E+03   0.120192E+02   0.000000E+00  -0.436347E+02   0.366587E-08   0.223706E-05  -0.118002E-06
  1431   0.845254E+03   0.118959E+02   0.000000E+00  -0.429067E+02   0.366154E-08   0.223198E-05  -0.115213E-06
  1432   0.845016E+03   0.117760E+02   0.000000E+00  -0.421734E+02   0.365722E-08   0.222680E-05  -0.112423E-06
  1433   0.844719E+03   0.116593E+02   0.000000E+00  -0.414352E+02   0.365290E-08   0.222152E-05  -0.109633E-06
  1434   0.844370E+03   0.115458E+02   0.000000E+00  -0.406923E+02   0.364860E-08   0.221613E-05  -0.106842E-06
  1435   0.843962E+03   0.114358E+02   0.000000E+00  -0.399451E+02   0.364430E-08   0.221064E-05  -0.104050E-06
  1436   0.843501E+03   0.113291E+02   0.000000E+00  -0.391938E+02   0.364001E-08   0.220505E-05  -0.101258E-06
  1437   0.842981E+03   0.112258E+02   0.000000E+00  -0.384388E+02   0.363572E-08   0.219937E-05  -0.984673E-07
  1438   0.842402E+03   0.111260E+02   0.000000E+00  -0.376802E+02   0.363145E-08   0.219358E-05  -0.956768E-07
  1439   0.841771E+03   0.110296E+02   0.000000E+00  -0.369185E+02   0.362718E-08   0.218769E-05  -0.928872E-07
  1440   0.841087E+03   0.109367E+02   0.000000E+00  -0.361538E+02   0.362291E-08   0.218171E-05  -0.900989E-07
  1441   0.840345E+03   0.108473E+02   0.000000E+00  -0.353865E+02   0.361866E-08   0.217563E-05  -0.873122E-07
  1442   0.839542E+03   0.107613E+02   0.000000E+00  -0.346169E+02   0.361441E-08   0.216946E-05  -0.845274E-07
  1443   0.838681E+03   0.106788E+02   0.000000E+00  -0.338452E+02   0.361017E-08   0.216318E-05  -0.817448E-07
  1444   0.837767E+03   0.106000E+02   0.000000E+00  -0.330717E+02   0.360594E-08   0.215682E-05  -0.789648E-07
  1445   0.836794E+03   0.105246E+02   0.000000E+00  -0.322967E+02   0.360172E-08   0.215036E-05  -0.761875E-07
  1446   0.835762E+03   0.104529E+02   0.000000E+00  -0.315205E+02   0.359750E-08   0.214381E-05  -0.734135E-07
  1447   0.834677E+03   0.103847E+02   0.000000E+00  -0.307434E+02   0.359329E-08   0.213717E-05  -0.706429E-07
  1448   0.833533E+03   0.103200E+02   0.000000E+00  -0.299656E+02   0.358909E-08   0.213043E-05  -0.678760E-07
  1449   0.832330E+03   0.102591E+02   0.000000E+00  -0.291875E+02   0.358489E-08   0.212361E-05  -0.651133E-07
  1450   0.831075E+03   0.102016E+02   0.000000E+00  -0.284094E+02   0.358070E-08   0.211669E-05  -0.623549E-07
  1451   0.829767E+03   0.101479E+02   0.000000E+00  -0.276316E+02   0.357652E-08   0.210969E-05  -0.596013E-07
  1452   0.828401E+03   0.100976E+02   0.000000E+00  -0.268543E+02   0.357235E-08   0.210260E-05  -0.568526E-07
  1453   0.826974E+03   0.100511E+02   0.000000E+00  -0.260780E+02   0.356818E-08   0.209542E-05  -0.541092E-07
  1454   0.825496E+03   0.100081E+02   0.000000E+00  -0.253028E+02   0.356402E-08   0.208815E-05  -0.513712E-07
  1455   0.823966E+03   0.996875E+01   0.000000E+00  -0.245291E+02   0.355987E-08   0.208080E-05  -0.486389E-07
  1456   0.822384E+03   0.993301E+01   0.000000E+00  -0.237570E+02   0.355573E-08   0.207337E-05  -0.459127E-07
  1457   0.820750E+03   0.990092E+01   0.000000E+00  -0.229869E+02   0.355159E-08   0.206586E-05  -0.431926E-07
  1458   0.819056E+03   0.987232E+01   0.000000E+00  -0.222190E+02   0.354746E-08   0.205826E-05  -0.404790E-07
  1459   0.817311E+03   0.984736E+01   0.000000E+00  -0.214536E+02   0.354334E-08   0.205059E-05  -0.377722E-07
  1460   0.815513E+03   0.982604E+01   0.000000E+00  -0.206910E+02   0.353922E-08   0.204284E-05  -0.350724E-07
  1461   0.813663E+03   0.980821E+01   0.000000E+00  -0.199313E+02   0.353511E-08   0.203501E-05  -0.323798E-07
  1462   0.811762E+03   0.979394E+01   0.000000E+00  -0.191750E+02   0.353101E-08   0.202710E-05  -0.296947E-07
  1463   0.809808E+03   0.978325E+01   0.000000E+00  -0.184223E+02   0.352692E-08   0.201912E-05  -0.270173E-07
  1464   0.807803E+03   0.977604E+01   0.000000E+00  -0.176734E+02   0.352283E-08   0.201106E-05  -0.243479E-07
  1465   0.805745E+03   0.977240E+01   0.000000E+00  -0.169284E+02   0.351875E-08   0.200293E-05  -0.216868E-07
  1466   0.803643E+03   0.977225E+01   0.000000E+00  -0.161880E+02   0.351468E-08   0.199473E-05  -0.190342E-07
  1467   0.801489E+03   0.977551E+01   0.000000E+00  -0.154520E+02   0.351061E-08   0.198646E-05  -0.163903E-07
  1468   0.799290E+03   0.978235E+01   0.000000E+00  -0.147210E+02   0.350655E-08   0.197812E-05  -0.137555E-07
  1469   0.797039E+03   0.979252E+01   0.000000E+00  -0.139951E+02   0.350250E-08   0.196971E-05  -0.111299E-07
  1470   0.794736E+03   0.980619E+01   0.000000E+00  -0.132744E+02   0.349845E-08   0.196124E-05  -0.851379E-08
  1471   0.792397E+03   0.982320E+01   0.000000E+00  -0.125594E+02   0.349441E-08   0.195269E-05  -0.590748E-08
  1472   0.790005E+03   0.984363E+01   0.000000E+00  -0.118502E+02   0.349038E-08   0.194409E-05  -0.331118E-08
  1473   0.787561E+03   0.986732E+01   0.000000E+00  -0.111471E+02   0.348636E-08   0.193542E-05  -0.725158E-09
  1474   0.785080E+03   0.989443E+01   0.000000E+00  -0.104503E+02   0.348234E-08   0.192669E-05   0.185034E-08
  1475   0.782547E+03   0.992474E+01   0.000000E+00  -0.976014E+01   0.347833E-08   0.191789E-05   0.441507E-08
  1476   0.779976E+03   0.995839E+01   0.000000E+00  -0.907664E+01   0.347432E-08   0.190904E-05   0.696877E-08
  1477   0.777362E+03   0.999523E+01   0.000000E+00  -0.840019E+01   0.347033E-08   0.190013E-05   0.951119E-08
  1478   0.774702E+03   0.100352E+02   0.000000E+00  -0.773095E+01   0.346634E-08   0.189116E-05   0.120421E-07
  1479   0.772006E+03   0.100784E+02   0.000000E+00  -0.706913E+01   0.346235E-08   0.188213E-05   0.145612E-07
  1480   0.769265E+03   0.101247E+02   0.000000E+00  -0.641498E+01   0.345838E-08   0.187305E-05   0.170682E-07
  1481   0.766487E+03   0.101742E+02   0.000000E+00  -0.576870E+01   0.345441E-08   0.186391E-05   0.195630E-07
  1482   0.763664E+03   0.102266E+02   0.000000E+00  -0.513051E+01   0.345044E-08   0.185472E-05   0.220452E-07
  1483   0.760804E+03   0.102821E+02   0.000000E+00  -0.450057E+01   0.344649E-08   0.184548E-05   0.245147E-07
  1484   0.757914E+03   0.103406E+02   0.000000E+00  -0.387911E+01   0.344254E-08   0.183619E-05   0.269711E-07
  1485   0.754980E+03   0.104020E+02   0.000000E+00  -0.326630E+01   0.343859E-08   0.182685E-05   0.294141E-07
  1486   0.752016E+03   0.104663E+02   0.000000E+00  -0.266234E+01   0.343466E-08   0.181746E-05   0.318437E-07
  1487   0.749008E+03   0.105334E+02   0.000000E+00  -0.206743E+01   0.343073E-08   0.180802E-05   0.342594E-07
  1488   0.745970E+03   0.106034E+02   0.000000E+00  -0.148175E+01   0.342680E-08   0.179853E-05   0.366611E-07
  1489   0.742902E+03   0.106761E+02   0.000000E+00  -0.905476E+00   0.342289E-08   0.178901E-05   0.390484E-07
  1490   0.739793E+03   0.107516E+02   0.000000E+00  -0.338784E+00   0.341898E-08   0.177943E-05   0.414212E-07
  1491   0.736654E+03   0.108297E+02   0.000000E+00   0.218163E+00   0.341508E-08   0.176982E-05   0.437792E-07
  1492   0.733485E+03   0.109104E+02   0.000000E+00   0.765196E+00   0.341118E-08   0.176016E-05   0.461221E-07
  1493   0.730285E+03   0.109937E+02   0.000000E+00   0.130214E+01   0.340729E-08   0.175046E-05   0.484497E-07
  1494   0.727054E+03   0.110795E+02   0.000000E+00   0.182883E+01   0.340341E-08   0.174073E-05   0.507617E-07
  1495   0.723794E+03   0.111679E+02   0.000000E+00   0.234510E+01   0.339953E-08   0.173095E-05   0.530579E-07
  1496   0.720507E+03   0.112586E+02   0.000000E+00   0.285082E+01   0.339566E-08   0.172114E-05   0.553380E-07
  1497   0.717192E+03   0.113517E+02   0.000000E+00   0.334585E+01   0.339180E-08   0.171129E-05   0.576018E-07
  1498   0.713851E+03   0.114472E+02   0.000000E+00   0.383007E+01   0.338794E-08   0.170141E-05   0.598490E-07
  1499   0.710484E+03   0.115449E+02   0.000000E+00   0.430335E+01   0.338409E-08   0.169149E-05   0.620793E-07
  1500   0.707093E+03   0.116448E+02   0.000000E+00   0.476555E+01   0.338025E-08   0.168155E-05   0.642926E-07
  1501   0.703678E+03   0.117468E+02   0.000000E+00   0.521654E+01   0.337641E-08   0.167157E-05   0.664885E-07
  1502   0.700242E+03   0.118510E+02   0.000000E+00   0.565621E+01   0.337258E-08   0.166156E-05   0.686671E-07
  1503   0.696783E+03   0.119572E+02   0.000000E+00   0.608443E+01   0.336875E-08   0.165152E-05   0.708280E-07
  1504   0.693303E+03   0.120654E+02   0.000000E+00   0.650112E+01   0.336493E-08   0.164145E-05   0.729714E-07
  1505   0.689804E+03   0.121755E+02   0.000000E+00   0.690617E+01   0.336112E-08   0.163136E-05   0.750970E-07
  1506   0.686286E+03   0.122875E+02   0.000000E+00   0.729947E+01   0.335732E-08   0.162124E-05   0.772048E-07
  1507   0.682750E+03   0.124013E+02   0.000000E+00   0.768093E+01   0.335352E-08   0.161110E-05   0.792947E-07
  1508   0.679196E+03   0.125169E+02   0.000000E+00   0.805042E+01   0.334973E-08   0.160093E-05   0.813665E-07
  1509   0.675626E+03   0.126341E+02   0.000000E+00   0.840794E+01   0.334594E-08   0.159074E-05   0.834202E-07
  1510   0.672040E+03   0.127529E+02   0.000000E+00   0.875329E+01   0.334216E-08   0.158053E-05   0.854558E-07
  1511   0.668439E+03   0.128734E+02   0.000000E+00   0.908652E+01   0.333839E-08   0.157030E-05   0.874729E-07
  1512   0.664827E+03   0.129953E+02   0.000000E+00   0.940758E+01   0.333462E-08   0.156004E-05   0.894717E-07
  1513   0.661201E+03   0.131187E+02   0.000000E+00   0.971645E+01   0.333086E-08   0.154977E-05   0.914520E-07
  1514   0.657566E+03   0.132434E+02   0.000000E+00   0.100130E+02   0.332710E-08   0.153948E-05   0.934137E-07
  1515   0.653921E+03   0.133696E+02   0.000000E+00   0.102973E+02   0.332336E-08   0.152918E-05   0.953566E-07
  1516   0.650268E+03   0.134970E+02   0.000000E+00   0.105691E+02   0.331961E-08   0.151886E-05   0.972808E-07
  1517   0.646607E+03   0.136256E+02   0.000000E+00   0.108286E+02   0.331588E-08   0.150852E-05   0.991861E-07
  1518   0.642940E+03   0.137553E+02   0.000000E+00   0.110757E+02   0.331215E-08   0.149817E-05   0.101072E-06
  1519   0.639268E+03   0.138861E+02   0.000000E+00   0.113103E+02   0.330842E-08   0.148781E-05   0.102940E-06
  1520   0.635590E+03   0.140179E+02   0.000000E+00   0.115324E+02   0.330471E-08   0.147744E-05   0.104788E-06
  1521   0.631910E+03   0.141506E+02   0.000000E+00   0.117421E+02   0.330100E-08   0.146705E-05   0.106616E-06
  1522   0.628226E+03   0.142843E+02   0.000000E+00   0.119392E+02   0.329729E-08   0.145666E-05   0.108426E-06
  1523   0.624540E+03   0.144188E+02   0.000000E+00   0.121237E+02   0.329359E-08   0.144626E-05   0.110215E-06
  1524   0.620853E+03   0.145540E+02   0.000000E+00   0.122957E+02   0.328990E-08   0.143585E-05   0.111986E-06
  1525   0.617166E+03   0.146898E+02   0.000000E+00   0.124551E+02   0.328622E-08   0.142544E-05   0.113736E-06
  1526   0.613481E+03   0.148264E+02   0.000000E+00   0.126019E+02   0.328254E-08   0.141502E-05   0.115467E-06
  1527   0.609797E+03   0.149635E+02   0.000000E+00   0.127363E+02   0.327886E-08   0.140459E-05   0.117178E-06
  1528   0.606116E+03   0.151011E+02   0.000000E+00   0.128581E+02   0.327519E-08   0.139417E-05   0.118869E-06
  1529   0.602439E+03   0.152391E+02   0.000000E+00   0.129675E+02   0.327153E-08   0.138374E-05   0.120540E-06
  1530   0.598767E+03   0.153775E+02   0.000000E+00   0.130644E+02   0.326788E-08   0.137331E-05   0.122191E-06
  1531   0.595101E+03   0.155162E+02   0.000000E+00   0.131488E+02   0.326423E-08   0.136288E-05   0.123821E-06
  1532   0.591441E+03   0.156551E+02   0.000000E+00   0.132207E+02   0.326058E-08   0.135245E-05   0.125431E-06
  1533   0.587789E+03   0.157942E+02   0.000000E+00   0.132803E+02   0.325695E-08   0.134203E-05   0.127021E-06
  1534   0.584146E+03   0.159334E+02   0.000000E+00   0.133275E+02   0.325331E-08   0.133160E-05   0.128590E-06
  1535   0.580511E+03   0.160727E+02   0.000000E+00   0.133624E+02   0.324969E-08   0.132118E-05   0.130139E-06
  1536   0.576886E+03   0.162119E+02   0.000000E+00   0.133850E+02   0.324607E-08   0.131077E-05   0.131667E-06
  1537   0.573271E+03   0.163509E+02   0.000000E+00   0.133953E+02   0.324246E-08   0.130036E-05   0.133173E-06
  1538   0.569669E+03   0.164899E+02   0.000000E+00   0.133935E+02   0.323885E-08   0.128996E-05   0.134659E-06
  1539   0.566080E+03   0.166286E+02   0.000000E+00   0.133795E+02   0.323525E-08   0.127957E-05   0.136124E-06
  1540   0.562504E+03   0.167671E+02   0.000000E+00   0.133535E+02   0.323165E-08   0.126919E-05   0.137568E-06
  1541   0.558942E+03   0.169052E+02   0.000000E+00   0.133156E+02   0.322806E-08   0.125882E-05   0.138991E-06
  1542   0.555396E+03   0.170429E+02   0.000000E+00   0.132658E+02   0.322448E-08   0.124846E-05   0.140392E-06
  1543   0.551866E+03   0.171801E+02   0.000000E+00   0.132042E+02   0.322090E-08   0.123811E-05   0.141772E-06
  1544   0.548354E+03   0.173168E+02   0.000000E+00   0.131310E+02   0.321733E-08   0.122777E-05   0.143130E-06
  1545   0.544858E+03   0.174529E+02   0.000000E+00   0.130461E+02   0.321376E-08   0.121745E-05   0.144467E-06
  1546   0.541383E+03   0.175883E+02   0.000000E+00   0.129498E+02   0.321020E-08   0.120715E-05   0.145782E-06
  1547   0.537927E+03   0.177231E+02   0.000000E+00   0.128420E+02   0.320665E-08   0.119686E-05   0.147075E-06
  1548   0.534490E+03   0.178571E+02   0.000000E+00   0.127229E+02   0.320310E-08   0.118659E-05   0.148346E-06
  1549   0.531075E+03   0.179902E+02   0.000000E+00   0.125926E+02   0.319956E-08   0.117634E-05   0.149595E-06
  1550   0.527682E+03   0.181224E+02   0.000000E+00   0.124511E+02   0.319602E-08   0.116611E-05   0.150823E-06
  1551   0.524311E+03   0.182537E+02   0.000000E+00   0.122987E+02   0.319249E-08   0.115590E-05   0.152027E-06
  1552   0.520963E+03   0.183839E+02   0.000000E+00   0.121353E+02   0.318896E-08   0.114571E-05   0.153210E-06
  1553   0.517639E+03   0.185130E+02   0.000000E+00   0.119613E+02   0.318545E-08   0.113554E-05   0.154371E-06
  1554   0.514340E+03   0.186411E+02   0.000000E+00   0.117765E+02   0.318193E-08   0.112540E-05   0.155510E-06
  1555   0.511065E+03   0.187679E+02   0.000000E+00   0.115813E+02   0.317842E-08   0.111528E-05   0.156626E-06
  1556   0.507817E+03   0.188935E+02   0.000000E+00   0.113757E+02   0.317492E-08   0.110518E-05   0.157721E-06
  1557   0.504595E+03   0.190178E+02   0.000000E+00   0.111599E+02   0.317142E-08   0.109511E-05   0.158793E-06
  1558   0.501400E+03   0.191408E+02   0.000000E+00   0.109340E+02   0.316793E-08   0.108507E-05   0.159844E-06
  1559   0.498234E+03   0.192624E+02   0.000000E+00   0.106982E+02   0.316445E-08   0.107505E-05   0.160873E-06
  1560   0.495097E+03   0.193825E+02   0.000000E+00   0.104525E+02   0.316097E-08   0.106506E-05   0.161880E-06
  1561   0.491988E+03   0.195011E+02   0.000000E+00   0.101974E+02   0.315750E-08   0.105510E-05   0.162866E-06
  1562   0.488909E+03   0.196182E+02   0.000000E+00   0.993270E+01   0.315403E-08   0.104516E-05   0.163829E-06
  1563   0.485861E+03   0.197337E+02   0.000000E+00   0.965873E+01   0.315057E-08   0.103526E-05   0.164771E-06
  1564   0.482844E+03   0.198475E+02   0.000000E+00   0.937563E+01   0.314711E-08   0.102539E-05   0.165692E-06
  1565   0.479859E+03   0.199597E+02   0.000000E+00   0.908362E+01   0.314366E-08   0.101555E-05   0.166591E-06
  1566   0.476906E+03   0.200701E+02   0.000000E+00   0.878277E+01   0.314021E-08   0.100573E-05   0.167468E-06
  1567   0.473985E+03   0.201787E+02   0.000000E+00   0.847330E+01   0.313677E-08   0.995957E-06   0.168324E-06
  1568   0.471097E+03   0.202855E+02   0.000000E+00   0.815529E+01   0.313334E-08   0.986213E-06   0.169158E-06
  1569   0.468244E+03   0.203904E+02   0.000000E+00   0.782903E+01   0.312991E-08   0.976502E-06   0.169971E-06
  1570   0.465424E+03   0.204935E+02   0.000000E+00   0.749467E+01   0.312649E-08   0.966826E-06   0.170763E-06
  1571   0.462640E+03   0.205944E+02   0.000000E+00   0.715233E+01   0.312307E-08   0.957186E-06   0.171534E-06
  1572   0.459890E+03   0.206934E+02   0.000000E+00   0.680219E+01   0.311966E-08   0.947582E-06   0.172283E-06
  1573   0.457176E+03   0.207903E+02   0.000000E+00   0.644446E+01   0.311625E-08   0.938015E-06   0.173011E-06
  1574   0.454498E+03   0.208851E+02   0.000000E+00   0.607935E+01   0.311285E-08   0.928486E-06   0.173717E-06
  1575   0.451856E+03   0.209778E+02   0.000000E+00   0.570706E+01   0.310946E-08   0.918995E-06   0.174403E-06
  1576   0.449251E+03   0.210684E+02   0.000000E+00   0.532781E+01   0.310607E-08   0.909544E-06   0.175068E-06
  1577   0.446684E+03   0.211567E+02   0.000000E+00   0.494178E+01   0.310268E-08   0.900132E-06   0.175711E-06
  1578   0.444154E+03   0.212428E+02   0.000000E+00   0.454921E+01   0.309930E-08   0.890761E-06   0.176334E-06
  1579   0.441664E+03   0.213267E+02   0.000000E+00   0.415029E+01   0.309593E-08   0.881431E-06   0.176936E-06
  1580   0.439211E+03   0.214083E+02   0.000000E+00   0.374520E+01   0.309256E-08   0.872144E-06   0.177516E-06
  1581   0.436797E+03   0.214875E+02   0.000000E+00   0.333415E+01   0.308920E-08   0.862899E-06   0.178076E-06
  1582   0.434423E+03   0.215645E+02   0.000000E+00   0.291733E+01   0.308585E-08   0.853698E-06   0.178615E-06
  1583   0.432089E+03   0.216390E+02   0.000000E+00   0.249492E+01   0.308249E-08   0.844541E-06   0.179134E-06
  1584   0.429793E+03   0.217111E+02   0.000000E+00   0.206712E+01   0.307915E-08   0.835430E-06   0.179631E-06
  1585   0.427537E+03   0.217807E+02   0.000000E+00   0.163414E+01   0.307581E-08   0.826363E-06   0.180108E-06
  1586   0.425322E+03   0.218478E+02   0.000000E+00   0.119614E+01   0.307247E-08   0.817344E-06   0.180565E-06
  1587   0.423147E+03   0.219125E+02   0.000000E+00   0.753345E+00   0.306914E-08   0.808372E-06   0.181001E-06
  1588   0.421012E+03   0.219745E+02   0.000000E+00   0.305966E+00   0.306582E-08   0.799448E-06   0.181416E-06
  1589   0.418918E+03   0.220340E+02   0.000000E+00  -0.145797E+00   0.306250E-08   0.790572E-06   0.181811E-06
  1590   0.416865E+03   0.220909E+02   0.000000E+00  -0.601735E+00   0.305919E-08   0.781746E-06   0.182185E-06
  1591   0.414853E+03   0.221452E+02   0.000000E+00  -0.106164E+01   0.305588E-08   0.772971E-06   0.182539E-06
  1592   0.412882E+03   0.221968E+02   0.000000E+00  -0.152530E+01   0.305258E-08   0.764246E-06   0.182873E-06
  1593   0.410952E+03   0.222458E+02   0.000000E+00  -0.199252E+01   0.304928E-08   0.755572E-06   0.183186E-06
  1594   0.409064E+03   0.222921E+02   0.000000E+00  -0.246307E+01   0.304599E-08   0.746952E-06   0.183479E-06
  1595   0.407217E+03   0.223356E+02   0.000000E+00  -0.293675E+01   0.304270E-08   0.738384E-06   0.183752E-06
  1596   0.405411E+03   0.223764E+02   0.000000E+00  -0.341334E+01   0.303942E-08   0.729870E-06   0.184005E-06
  1597   0.403648E+03   0.224146E+02   0.000000E+00  -0.389263E+01   0.303614E-08   0.721411E-06   0.184237E-06
  1598   0.401926E+03   0.224499E+02   0.000000E+00  -0.437442E+01   0.303287E-08   0.713007E-06   0.184450E-06
  1599   0.400245E+03   0.224825E+02   0.000000E+00  -0.485847E+01   0.302960E-08   0.704659E-06   0.184642E-06
  1600   0.398607E+03   0.225123E+02   0.000000E+00  -0.534459E+01   0.302634E-08   0.696368E-06   0.184815E-06
  1601   0.397010E+03   0.225394E+02   0.000000E+00  -0.583258E+01   0.302309E-08   0.688135E-06   0.184967E-06
  1602   0.395455E+03   0.225636E+02   0.000000E+00  -0.632223E+01   0.301984E-08   0.679959E-06   0.185100E-06
  1603   0.393941E+03   0.225849E+02   0.000000E+00  -0.681334E+01   0.301659E-08   0.671841E-06   0.185213E-06
  1604   0.392468E+03   0.226035E+02   0.000000E+00  -0.730570E+01   0.301335E-08   0.663782E-06   0.185307E-06
  1605   0.391038E+03   0.226192E+02   0.000000E+00  -0.779915E+01   0.301012E-08   0.655781E-06   0.185381E-06
  1606   0.389648E+03   0.226321E+02   0.000000E+00  -0.829343E+01   0.300689E-08   0.647839E-06   0.185435E-06
  1607   0.388300E+03   0.226420E+02   0.000000E+00  -0.878831E+01   0.300367E-08   0.639956E-06   0.185470E-06
  1608   0.386992E+03   0.226491E+02   0.000000E+00  -0.928371E+01   0.300045E-08   0.632132E-06   0.185487E-06
  1609   0.385726E+03   0.226533E+02   0.000000E+00  -0.977926E+01   0.299723E-08   0.624368E-06   0.185484E-06
  1610   0.384500E+03   0.226546E+02   0.000000E+00  -0.102749E+02   0.299403E-08   0.616663E-06   0.185462E-06
  1611   0.383316E+03   0.226532E+02   0.000000E+00  -0.107702E+02   0.299082E-08   0.609019E-06   0.185421E-06
  1612   0.382172E+03   0.226489E+02   0.000000E+00  -0.112652E+02   0.298762E-08   0.601434E-06   0.185362E-06
  1613   0.381068E+03   0.226418E+02   0.000000E+00  -0.117594E+02   0.298443E-08   0.593911E-06   0.185284E-06
  1614   0.380004E+03   0.226320E+02   0.000000E+00  -0.122528E+02   0.298124E-08   0.586448E-06   0.185187E-06
  1615   0.378981E+03   0.226194E+02   0.000000E+00  -0.127452E+02   0.297806E-08   0.579046E-06   0.185072E-06
  1616   0.377997E+03   0.226039E+02   0.000000E+00  -0.132364E+02   0.297488E-08   0.571705E-06   0.184939E-06
  1617   0.377053E+03   0.225857E+02   0.000000E+00  -0.137260E+02   0.297171E-08   0.564426E-06   0.184787E-06
  1618   0.376148E+03   0.225647E+02   0.000000E+00  -0.142141E+02   0.296854E-08   0.557209E-06   0.184618E-06
  1619   0.375282E+03   0.225408E+02   0.000000E+00  -0.147003E+02   0.296538E-08   0.550053E-06   0.184431E-06
  1620   0.374455E+03   0.225143E+02   0.000000E+00  -0.151845E+02   0.296222E-08   0.542960E-06   0.184225E-06
  1621   0.373666E+03   0.224849E+02   0.000000E+00  -0.156666E+02   0.295907E-08   0.535930E-06   0.184002E-06
  1622   0.372915E+03   0.224529E+02   0.000000E+00  -0.161463E+02   0.295592E-08   0.528962E-06   0.183762E-06
  1623   0.372202E+03   0.224180E+02   0.000000E+00  -0.166234E+02   0.295278E-08   0.522057E-06   0.183504E-06
  1624   0.371526E+03   0.223805E+02   0.000000E+00  -0.170977E+02   0.294964E-08   0.515215E-06   0.183228E-06
  1625   0.370887E+03   0.223402E+02   0.000000E+00  -0.175691E+02   0.294651E-08   0.508437E-06   0.182936E-06
  1626   0.370285E+03   0.222974E+02   0.000000E+00  -0.180374E+02   0.294338E-08   0.501723E-06   0.182626E-06
  1627   0.369719E+03   0.222518E+02   0.000000E+00  -0.185023E+02   0.294026E-08   0.495072E-06   0.182299E-06
  1628   0.369190E+03   0.222036E+02   0.000000E+00  -0.189637E+02   0.293714E-08   0.488486E-06   0.181955E-06
  1629   0.368696E+03   0.221528E+02   0.000000E+00  -0.194215E+02   0.293403E-08   0.481964E-06   0.181594E-06
  1630   0.368237E+03   0.220993E+02   0.000000E+00  -0.198754E+02   0.293092E-08   0.475508E-06   0.181217E-06
  1631   0.367813E+03   0.220433E+02   0.000000E+00  -0.203253E+02   0.292782E-08   0.469116E-06   0.180822E-06
  1632   0.367423E+03   0.219848E+02   0.000000E+00  -0.207710E+02   0.292472E-08   0.462789E-06   0.180412E-06
  1633   0.367066E+03   0.219236E+02   0.000000E+00  -0.212124E+02   0.292163E-08   0.456528E-06   0.179985E-06
  1634   0.366744E+03   0.218600E+02   0.000000E+00  -0.216493E+02   0.291854E-08   0.450332E-06   0.179541E-06
  1635   0.366454E+03   0.217937E+02   0.000000E+00  -0.220815E+02   0.291546E-08   0.444203E-06   0.179082E-06
  1636   0.366197E+03   0.217250E+02   0.000000E+00  -0.225089E+02   0.291238E-08   0.438139E-06   0.178606E-06
  1637   0.365972E+03   0.216540E+02   0.000000E+00  -0.229313E+02   0.290931E-08   0.432143E-06   0.178115E-06
  1638   0.365778E+03   0.215804E+02   0.000000E+00  -0.233486E+02   0.290624E-08   0.426212E-06   0.177608E-06
  1639   0.365615E+03   0.215044E+02   0.000000E+00  -0.237605E+02   0.290318E-08   0.420349E-06   0.177084E-06
  1640   0.365483E+03   0.214261E+02   0.000000E+00  -0.241672E+02   0.290012E-08   0.414553E-06   0.176546E-06
  1641   0.365380E+03   0.213455E+02   0.000000E+00  -0.245681E+02   0.289706E-08   0.408825E-06   0.175991E-06
  1642   0.365308E+03   0.212626E+02   0.000000E+00  -0.249634E+02   0.289402E-08   0.403164E-06   0.175422E-06
  1643   0.365264E+03   0.211775E+02   0.000000E+00  -0.253529E+02   0.289097E-08   0.397571E-06   0.174837E-06
  1644   0.365249E+03   0.210902E+02   0.000000E+00  -0.257363E+02   0.288793E-08   0.392047E-06   0.174237E-06
  1645   0.365262E+03   0.210007E+02   0.000000E+00  -0.261136E+02   0.288490E-08   0.386591E-06   0.173621E-06
  1646   0.365302E+03   0.209090E+02   0.000000E+00  -0.264847E+02   0.288187E-08   0.381203E-06   0.172991E-06
  1647   0.365369E+03   0.208152E+02   0.000000E+00  -0.268494E+02   0.287884E-08   0.375885E-06   0.172346E-06
  1648   0.365461E+03   0.207193E+02   0.000000E+00  -0.272076E+02   0.287582E-08   0.370636E-06   0.171687E-06
  1649   0.365580E+03   0.206214E+02   0.000000E+00  -0.275592E+02   0.287281E-08   0.365456E-06   0.171012E-06
  1650   0.365724E+03   0.205213E+02   0.000000E+00  -0.279040E+02   0.286980E-08   0.360346E-06   0.170323E-06
  1651   0.365891E+03   0.204193E+02   0.000000E+00  -0.282420E+02   0.286679E-08   0.355305E-06   0.169620E-06
  1652   0.366084E+03   0.203154E+02   0.000000E+00  -0.285730E+02   0.286379E-08   0.350335E-06   0.168902E-06
  1653   0.366298E+03   0.202095E+02   0.000000E+00  -0.288971E+02   0.286080E-08   0.345434E-06   0.168171E-06
  1654   0.366537E+03   0.201017E+02   0.000000E+00  -0.292139E+02   0.285780E-08   0.340604E-06   0.167425E-06
  1655   0.366797E+03   0.199922E+02   0.000000E+00  -0.295235E+02   0.285482E-08   0.335842E-06   0.166666E-06
  1656   0.367078E+03   0.198808E+02   0.000000E+00  -0.298258E+02   0.285184E-08   0.331150E-06   0.165892E-06
  1657   0.367380E+03   0.197677E+02   0.000000E+00  -0.301206E+02   0.284886E-08   0.326528E-06   0.165106E-06
  1658   0.367702E+03   0.196529E+02   0.000000E+00  -0.304079E+02   0.284589E-08   0.321974E-06   0.164306E-06
  1659   0.368045E+03   0.195364E+02   0.000000E+00  -0.306876E+02   0.284292E-08   0.317490E-06   0.163492E-06
  1660   0.368406E+03   0.194184E+02   0.000000E+00  -0.309597E+02   0.283996E-08   0.313075E-06   0.162666E-06
  1661   0.368785E+03   0.192987E+02   0.000000E+00  -0.312241E+02   0.283700E-08   0.308729E-06   0.161826E-06
  1662   0.369182E+03   0.191775E+02   0.000000E+00  -0.314806E+02   0.283404E-08   0.304452E-06   0.160974E-06
  1663   0.369596E+03   0.190549E+02   0.000000E+00  -0.317293E+02   0.283109E-08   0.300244E-06   0.160109E-06
  1664   0.370027E+03   0.189308E+02   0.000000E+00  -0.319700E+02   0.282815E-08   0.296104E-06   0.159232E-06
  1665   0.370474E+03   0.188053E+02   0.000000E+00  -0.322026E+02   0.282521E-08   0.292033E-06   0.158342E-06
  1666   0.370935E+03   0.186784E+02   0.000000E+00  -0.324273E+02   0.282227E-08   0.288030E-06   0.157440E-06
  1667   0.371411E+03   0.185503E+02   0.000000E+00  -0.326438E+02   0.281934E-08   0.284096E-06   0.156525E-06
  1668   0.371901E+03   0.184209E+02   0.000000E+00  -0.328521E+02   0.281642E-08   0.280230E-06   0.155599E-06
  1669   0.372404E+03   0.182902E+02   0.000000E+00  -0.330521E+02   0.281349E-08   0.276433E-06   0.154661E-06
  1670   0.372919E+03   0.181584E+02   0.000000E+00  -0.332438E+02   0.281058E-08   0.272703E-06   0.153712E-06
  1671   0.373447E+03   0.180255E+02   0.000000E+00  -0.334272E+02   0.280767E-08   0.269042E-06   0.152750E-06
  1672   0.373985E+03   0.178914E+02   0.000000E+00  -0.336022E+02   0.280476E-08   0.265448E-06   0.151778E-06
  1673   0.374534E+03   0.177564E+02   0.000000E+00  -0.337689E+02   0.280185E-08   0.261922E-06   0.150794E-06
  1674   0.375094E+03   0.176203E+02   0.000000E+00  -0.339271E+02   0.279896E-08   0.258464E-06   0.149799E-06
  1675   0.375662E+03   0.174834E+02   0.000000E+00  -0.340769E+02   0.279606E-08   0.255074E-06   0.148793E-06
  1676   0.376239E+03   0.173457E+02   0.000000E+00  -0.342183E+02   0.279317E-08   0.251751E-06   0.147777E-06
  1677   0.376824E+03   0.172072E+02   0.000000E+00  -0.343512E+02   0.279029E-08   0.248495E-06   0.146749E-06
  1678   0.377418E+03   0.170679E+02   0.000000E+00  -0.344757E+02   0.278741E-08   0.245307E-06   0.145711E-06
  1679   0.378017E+03   0.169279E+02   0.000000E+00  -0.345917E+02   0.278453E-08   0.242186E-06   0.144663E-06
  1680   0.378622E+03   0.167874E+02   0.000000E+00  -0.346992E+02   0.278166E-08   0.239133E-06   0.143605E-06
  1681   0.379234E+03   0.166461E+02   0.000000E+00  -0.347982E+02   0.277879E-08   0.236146E-06   0.142536E-06
  1682   0.379850E+03   0.165044E+02   0.000000E+00  -0.348888E+02   0.277593E-08   0.233227E-06   0.141458E-06
  1683   0.380470E+03   0.163621E+02   0.000000E+00  -0.349707E+02   0.277307E-08   0.230374E-06   0.140370E-06
  1684   0.381094E+03   0.162193E+02   0.000000E+00  -0.350441E+02   0.277022E-08   0.227588E-06   0.139272E-06
  1685   0.381721E+03   0.160762E+02   0.000000E+00  -0.351090E+02   0.276737E-08   0.224868E-06   0.138164E-06
  1686   0.382350E+03   0.159326E+02   0.000000E+00  -0.351654E+02   0.276452E-08   0.222216E-06   0.137047E-06
  1687   0.382981E+03   0.157887E+02   0.000000E+00  -0.352134E+02   0.276168E-08   0.219629E-06   0.135921E-06
  1688   0.383613E+03   0.156446E+02   0.000000E+00  -0.352529E+02   0.275885E-08   0.217109E-06   0.134786E-06
  1689   0.384246E+03   0.155002E+02   0.000000E+00  -0.352839E+02   0.275601E-08   0.214656E-06   0.133642E-06
  1690   0.384878E+03   0.153557E+02   0.000000E+00  -0.353066E+02   0.275319E-08   0.212268E-06   0.132490E-06
  1691   0.385509E+03   0.152110E+02   0.000000E+00  -0.353208E+02   0.275036E-08   0.209947E-06   0.131328E-06
  1692   0.386140E+03   0.150663E+02   0.000000E+00  -0.353267E+02   0.274755E-08   0.207691E-06   0.130158E-06
  1693   0.386768E+03   0.149215E+02   0.000000E+00  -0.353243E+02   0.274473E-08   0.205502E-06   0.128980E-06
  1694   0.387394E+03   0.147768E+02   0.000000E+00  -0.353135E+02   0.274192E-08   0.203378E-06   0.127794E-06
  1695   0.388016E+03   0.146322E+02   0.000000E+00  -0.352945E+02   0.273912E-08   0.201320E-06   0.126599E-06
  1696   0.388634E+03   0.144875E+02   0.000000E+00  -0.352672E+02   0.273632E-08   0.199328E-06   0.125397E-06
  1697   0.389249E+03   0.143431E+02   0.000000E+00  -0.352318E+02   0.273352E-08   0.197401E-06   0.124186E-06
  1698   0.389857E+03   0.141988E+02   0.000000E+00  -0.351881E+02   0.273073E-08   0.195540E-06   0.122968E-06
  1699   0.390460E+03   0.140548E+02   0.000000E+00  -0.351364E+02   0.272794E-08   0.193744E-06   0.121743E-06
  1700   0.391057E+03   0.139111E+02   0.000000E+00  -0.350766E+02   0.272515E-08   0.192013E-06   0.120510E-06
  1701   0.391648E+03   0.137677E+02   0.000000E+00  -0.350089E+02   0.272237E-08   0.190347E-06   0.119270E-06
  1702   0.392231E+03   0.136247E+02   0.000000E+00  -0.349332E+02   0.271960E-08   0.188746E-06   0.118023E-06
  1703   0.392807E+03   0.134822E+02   0.000000E+00  -0.348498E+02   0.271683E-08   0.187209E-06   0.116770E-06
  1704   0.393374E+03   0.133401E+02   0.000000E+00  -0.347586E+02   0.271406E-08   0.185737E-06   0.115509E-06
  1705   0.393933E+03   0.131986E+02   0.000000E+00  -0.346598E+02   0.271130E-08   0.184328E-06   0.114242E-06
  1706   0.394483E+03   0.130577E+02   0.000000E+00  -0.345535E+02   0.270854E-08   0.182982E-06   0.112968E-06
  1707   0.395023E+03   0.129174E+02   0.000000E+00  -0.344396E+02   0.270579E-08   0.181700E-06   0.111689E-06
  1708   0.395553E+03   0.127778E+02   0.000000E+00  -0.343184E+02   0.270304E-08   0.180479E-06   0.110403E-06
  1709   0.396073E+03   0.126389E+02   0.000000E+00  -0.341898E+02   0.270029E-08   0.179322E-06   0.109111E-06
  1710   0.396581E+03   0.125008E+02   0.000000E+00  -0.340540E+02   0.269755E-08   0.178226E-06   0.107814E-06
  1711   0.397078E+03   0.123635E+02   0.000000E+00  -0.339110E+02   0.269482E-08   0.177191E-06   0.106511E-06
  1712   0.397562E+03   0.122269E+02   0.000000E+00  -0.337609E+02   0.269208E-08   0.176218E-06   0.105202E-06
  1713   0.398034E+03   0.120913E+02   0.000000E+00  -0.336039E+02   0.268936E-08   0.175305E-06   0.103889E-06
  1714   0.398493E+03   0.119565E+02   0.000000E+00  -0.334399E+02   0.268663E-08   0.174453E-06   0.102570E-06
  1715   0.398939E+03   0.118228E+02   0.000000E+00  -0.332692E+02   0.268391E-08   0.173661E-06   0.101246E-06
  1716   0.399371E+03   0.116900E+02   0.000000E+00  -0.330918E+02   0.268120E-08   0.172929E-06   0.999176E-07
  1717   0.399788E+03   0.115583E+02   0.000000E+00  -0.329078E+02   0.267848E-08   0.172255E-06   0.985845E-07
  1718   0.400191E+03   0.114277E+02   0.000000E+00  -0.327175E+02   0.267578E-08   0.171641E-06   0.972469E-07
  1719   0.400580E+03   0.112981E+02   0.000000E+00  -0.325206E+02   0.267307E-08   0.171086E-06   0.959051E-07
  1720   0.400952E+03   0.111697E+02   0.000000E+00  -0.323176E+02   0.267037E-08   0.170588E-06   0.945591E-07
  1721   0.401309E+03   0.110425E+02   0.000000E+00  -0.321085E+02   0.266768E-08   0.170149E-06   0.932092E-07
  1722   0.401650E+03   0.109165E+02   0.000000E+00  -0.318933E+02   0.266499E-08   0.169767E-06   0.918554E-07
  1723   0.401974E+03   0.107919E+02   0.000000E+00  -0.316723E+02   0.266230E-08   0.169442E-06   0.904980E-07
  1724   0.402282E+03   0.106685E+02   0.000000E+00  -0.314454E+02   0.265962E-08   0.169174E-06   0.891371E-07
  1725   0.402573E+03   0.105465E+02   0.000000E+00  -0.312130E+02   0.265694E-08   0.168962E-06   0.877730E-07
  1726   0.402845E+03   0.104258E+02   0.000000E+00  -0.309750E+02   0.265427E-08   0.168807E-06   0.864056E-07
  1727   0.403101E+03   0.103066E+02   0.000000E+00  -0.307316E+02   0.265160E-08   0.168707E-06   0.850353E-07
  1728   0.403338E+03   0.101887E+02   0.000000E+00  -0.304829E+02   0.264893E-08   0.168662E-06   0.836621E-07
  1729   0.403556E+03   0.100724E+02   0.000000E+00  -0.302291E+02   0.264627E-08   0.168672E-06   0.822863E-07
  1730   0.403756E+03   0.995753E+01   0.000000E+00  -0.299702E+02   0.264361E-08   0.168737E-06   0.809080E-07
  1731   0.403937E+03   0.984419E+01   0.000000E+00  -0.297063E+02   0.264096E-08   0.168857E-06   0.795273E-07
  1732   0.404098E+03   0.973240E+01   0.000000E+00  -0.294377E+02   0.263830E-08   0.169030E-06   0.781444E-07
  1733   0.404239E+03   0.962224E+01   0.000000E+00  -0.291643E+02   0.263566E-08   0.169256E-06   0.767595E-07
  1734   0.404360E+03   0.951365E+01   0.000000E+00  -0.288863E+02   0.263302E-08   0.169536E-06   0.753727E-07
  1735   0.404461E+03   0.940669E+01   0.000000E+00  -0.286040E+02   0.263038E-08   0.169868E-06   0.739843E-07
  1736   0.404542E+03   0.930144E+01   0.000000E+00  -0.283174E+02   0.262774E-08   0.170253E-06   0.725943E-07
  1737   0.404602E+03   0.919790E+01   0.000000E+00  -0.280267E+02   0.262512E-08   0.170690E-06   0.712029E-07
  1738   0.404641E+03   0.909607E+01   0.000000E+00  -0.277321E+02   0.262249E-08   0.171179E-06   0.698104E-07
  1739   0.404660E+03   0.899602E+01   0.000000E+00  -0.274336E+02   0.261987E-08   0.171719E-06   0.684167E-07
  1740   0.404658E+03   0.889775E+01   0.000000E+00  -0.271315E+02   0.261725E-08   0.172310E-06   0.670222E-07
  1741   0.404635E+03   0.880126E+01   0.000000E+00  -0.268259E+02   0.261463E-08   0.172951E-06   0.656269E-07
  1742   0.404590E+03   0.870664E+01   0.000000E+00  -0.265169E+02   0.261202E-08   0.173643E-06   0.642311E-07
  1743   0.404524E+03   0.861379E+01   0.000000E+00  -0.262047E+02   0.260942E-08   0.174385E-06   0.628349E-07
  1744   0.404436E+03   0.852287E+01   0.000000E+00  -0.258893E+02   0.260682E-08   0.175176E-06   0.614384E-07
  1745   0.404327E+03   0.843382E+01   0.000000E+00  -0.255709E+02   0.260422E-08   0.176016E-06   0.600419E-07
  1746   0.404194E+03   0.834669E+01   0.000000E+00  -0.252497E+02   0.260162E-08   0.176905E-06   0.586454E-07
  1747   0.404040E+03   0.826142E+01   0.000000E+00  -0.249257E+02   0.259903E-08   0.177843E-06   0.572492E-07
  1748   0.403864E+03   0.817816E+01   0.000000E+00  -0.245992E+02   0.259645E-08   0.178828E-06   0.558534E-07
  1749   0.403664E+03   0.809682E+01   0.000000E+00  -0.242702E+02   0.259386E-08   0.179862E-06   0.544581E-07
  1750   0.403443E+03   0.801742E+01   0.000000E+00  -0.239390E+02   0.259128E-08   0.180942E-06   0.530636E-07
  1751   0.403199E+03   0.794002E+01   0.000000E+00  -0.236056E+02   0.258871E-08   0.182070E-06   0.516700E-07
  1752   0.402932E+03   0.786463E+01   0.000000E+00  -0.232703E+02   0.258614E-08   0.183244E-06   0.502774E-07
  1753   0.402643E+03   0.779125E+01   0.000000E+00  -0.229332E+02   0.258357E-08   0.184464E-06   0.488859E-07
  1754   0.402331E+03   0.771986E+01   0.000000E+00  -0.225943E+02   0.258101E-08   0.185729E-06   0.474957E-07
  1755   0.401996E+03   0.765056E+01   0.000000E+00  -0.222539E+02   0.257845E-08   0.187040E-06   0.461069E-07
  1756   0.401639E+03   0.758327E+01   0.000000E+00  -0.219121E+02   0.257589E-08   0.188394E-06   0.447197E-07
  1757   0.401259E+03   0.751805E+01   0.000000E+00  -0.215690E+02   0.257334E-08   0.189793E-06   0.433341E-07
  1758   0.400855E+03   0.745484E+01   0.000000E+00  -0.212249E+02   0.257079E-08   0.191235E-06   0.419504E-07
  1759   0.400429E+03   0.739375E+01   0.000000E+00  -0.208798E+02   0.256825E-08   0.192720E-06   0.405686E-07
  1760   0.399981E+03   0.733472E+01   0.000000E+00  -0.205338E+02   0.256571E-08   0.194248E-06   0.391888E-07
  1761   0.399509E+03   0.727776E+01   0.000000E+00  -0.201871E+02   0.256317E-08   0.195817E-06   0.378112E-07
  1762   0.399014E+03   0.722289E+01   0.000000E+00  -0.198398E+02   0.256064E-08   0.197428E-06   0.364360E-07
  1763   0.398497E+03   0.717011E+01   0.000000E+00  -0.194922E+02   0.255811E-08   0.199079E-06   0.350632E-07
  1764   0.397957E+03   0.711941E+01   0.000000E+00  -0.191444E+02   0.255559E-08   0.200771E-06   0.336930E-07
  1765   0.397396E+03   0.707082E+01   0.000000E+00  -0.187964E+02   0.255307E-08   0.202503E-06   0.323255E-07
  1766   0.396812E+03   0.702432E+01   0.000000E+00  -0.184485E+02   0.255055E-08   0.204274E-06   0.309608E-07
  1767   0.396206E+03   0.697993E+01   0.000000E+00  -0.181008E+02   0.254803E-08   0.206085E-06   0.295991E-07
  1768   0.395578E+03   0.693764E+01   0.000000E+00  -0.177534E+02   0.254552E-08   0.207933E-06   0.282405E-07
  1769   0.394929E+03   0.689745E+01   0.000000E+00  -0.174065E+02   0.254302E-08   0.209819E-06   0.268852E-07
  1770   0.394258E+03   0.685936E+01   0.000000E+00  -0.170603E+02   0.254052E-08   0.211743E-06   0.255332E-07
  1771   0.393566E+03   0.682338E+01   0.000000E+00  -0.167149E+02   0.253802E-08   0.213703E-06   0.241847E-07
  1772   0.392852E+03   0.678949E+01   0.000000E+00  -0.163703E+02   0.253552E-08   0.215700E-06   0.228399E-07
  1773   0.392118E+03   0.675768E+01   0.000000E+00  -0.160267E+02   0.253303E-08   0.217732E-06   0.214988E-07
  1774   0.391361E+03   0.672796E+01   0.000000E+00  -0.156843E+02   0.253054E-08   0.219800E-06   0.201615E-07
  1775   0.390585E+03   0.670031E+01   0.000000E+00  -0.153432E+02   0.252806E-08   0.221903E-06   0.188283E-07
  1776   0.389787E+03   0.667475E+01   0.000000E+00  -0.150036E+02   0.252558E-08   0.224040E-06   0.174993E-07
  1777   0.388970E+03   0.665126E+01   0.000000E+00  -0.146654E+02   0.252310E-08   0.226210E-06   0.161745E-07
  1778   0.388132E+03   0.662982E+01   0.000000E+00  -0.143290E+02   0.252063E-08   0.228414E-06   0.148541E-07
  1779   0.387273E+03   0.661043E+01   0.000000E+00  -0.139944E+02   0.251816E-08   0.230651E-06   0.135383E-07
  1780   0.386395E+03   0.659308E+01   0.000000E+00  -0.136617E+02   0.251569E-08   0.232920E-06   0.122271E-07
  1781   0.385497E+03   0.657776E+01   0.000000E+00  -0.133311E+02   0.251323E-08   0.235220E-06   0.109207E-07
  1782   0.384580E+03   0.656447E+01   0.000000E+00  -0.130027E+02   0.251077E-08   0.237552E-06   0.961931E-08
  1783   0.383643E+03   0.655319E+01   0.000000E+00  -0.126766E+02   0.250832E-08   0.239915E-06   0.832292E-08
  1784   0.382688E+03   0.654390E+01   0.000000E+00  -0.123530E+02   0.250587E-08   0.242308E-06   0.703172E-08
  1785   0.381713E+03   0.653661E+01   0.000000E+00  -0.120319E+02   0.250342E-08   0.244730E-06   0.574584E-08
  1786   0.380721E+03   0.653128E+01   0.000000E+00  -0.117135E+02   0.250098E-08   0.247182E-06   0.446541E-08
  1787   0.379711E+03   0.652790E+01   0.000000E+00  -0.113979E+02   0.249854E-08   0.249662E-06   0.319056E-08
  1788   0.378682E+03   0.652647E+01   0.000000E+00  -0.110852E+02   0.249610E-08   0.252171E-06   0.192142E-08
  1789   0.377636E+03   0.652697E+01   0.000000E+00  -0.107756E+02   0.249367E-08   0.254707E-06   0.658113E-09
  1790   0.376573E+03   0.652937E+01   0.000000E+00  -0.104690E+02   0.249124E-08   0.257271E-06  -0.599220E-09
  1791   0.375492E+03   0.653368E+01   0.000000E+00  -0.101657E+02   0.248881E-08   0.259861E-06  -0.185045E-08
  1792   0.374395E+03   0.653985E+01   0.000000E+00  -0.986575E+01   0.248639E-08   0.262478E-06  -0.309546E-08
  1793   0.373281E+03   0.654788E+01   0.000000E+00  -0.956928E+01   0.248397E-08   0.265120E-06  -0.433410E-08
  1794   0.372151E+03   0.655773E+01   0.000000E+00  -0.927638E+01   0.248156E-08   0.267787E-06  -0.556625E-08
  1795   0.371005E+03   0.656941E+01   0.000000E+00  -0.898712E+01   0.247915E-08   0.270479E-06  -0.679179E-08
  1796   0.369842E+03   0.658288E+01   0.000000E+00  -0.870158E+01   0.247674E-08   0.273195E-06  -0.801057E-08
  1797   0.368665E+03   0.659813E+01   0.000000E+00  -0.841997E+01   0.247433E-08   0.275934E-06  -0.922247E-08
  1798   0.367472E+03   0.661512E+01   0.000000E+00  -0.814237E+01   0.247193E-08   0.278697E-06  -0.104274E-07
  1799   0.366265E+03   0.663386E+01   0.000000E+00  -0.786871E+01   0.246954E-08   0.281482E-06  -0.116251E-07
  1800   0.365043E+03   0.665429E+01   0.000000E+00  -0.759929E+01   0.246714E-08   0.284289E-06  -0.128156E-07
  1801   0.363807E+03   0.667641E+01   0.000000E+00  -0.733409E+01   0.246475E-08   0.287118E-06  -0.139987E-07
  1802   0.362558E+03   0.670019E+01   0.000000E+00  -0.707322E+01   0.246237E-08   0.289968E-06  -0.151743E-07
  1803   0.361296E+03   0.672561E+01   0.000000E+00  -0.681679E+01   0.245998E-08   0.292839E-06  -0.163424E-07
  1804   0.360022E+03   0.675264E+01   0.000000E+00  -0.656487E+01   0.245760E-08   0.295729E-06  -0.175029E-07
  1805   0.358735E+03   0.678125E+01   0.000000E+00  -0.631752E+01   0.245523E-08   0.298639E-06  -0.186558E-07
  1806   0.357436E+03   0.681142E+01   0.000000E+00  -0.607484E+01   0.245285E-08   0.301568E-06  -0.198010E-07
  1807   0.356126E+03   0.684312E+01   0.000000E+00  -0.583687E+01   0.245049E-08   0.304515E-06  -0.209384E-07
  1808   0.354804E+03   0.687632E+01   0.000000E+00  -0.560371E+01   0.244812E-08   0.307480E-06  -0.220680E-07
  1809   0.353472E+03   0.691100E+01   0.000000E+00  -0.537542E+01   0.244576E-08   0.310462E-06  -0.231897E-07
  1810   0.352129E+03   0.694713E+01   0.000000E+00  -0.515209E+01   0.244340E-08   0.313460E-06  -0.243035E-07
  1811   0.350775E+03   0.698468E+01   0.000000E+00  -0.493376E+01   0.244104E-08   0.316475E-06  -0.254093E-07
  1812   0.349412E+03   0.702361E+01   0.000000E+00  -0.472049E+01   0.243869E-08   0.319505E-06  -0.265071E-07
  1813   0.348039E+03   0.706390E+01   0.000000E+00  -0.451234E+01   0.243634E-08   0.322551E-06  -0.275967E-07
  1814   0.346657E+03   0.710553E+01   0.000000E+00  -0.430938E+01   0.243400E-08   0.325610E-06  -0.286782E-07
  1815   0.345267E+03   0.714845E+01   0.000000E+00  -0.411166E+01   0.243166E-08   0.328684E-06  -0.297514E-07
  1816   0.343869E+03   0.719265E+01   0.000000E+00  -0.391923E+01   0.242932E-08   0.331771E-06  -0.308163E-07
  1817   0.342464E+03   0.723809E+01   0.000000E+00  -0.373215E+01   0.242698E-08   0.334870E-06  -0.318729E-07
  1818   0.341051E+03   0.728473E+01   0.000000E+00  -0.355047E+01   0.242465E-08   0.337982E-06  -0.329211E-07
  1819   0.339631E+03   0.733256E+01   0.000000E+00  -0.337422E+01   0.242232E-08   0.341106E-06  -0.339608E-07
  1820   0.338205E+03   0.738152E+01   0.000000E+00  -0.320346E+01   0.242000E-08   0.344241E-06  -0.349920E-07
  1821   0.336773E+03   0.743156E+01   0.000000E+00  -0.303822E+01   0.241768E-08   0.347386E-06  -0.360146E-07
  1822   0.335335E+03   0.748274E+01   0.000000E+00  -0.287854E+01   0.241536E-08   0.350542E-06  -0.370285E-07
  1823   0.333892E+03   0.753496E+01   0.000000E+00  -0.272449E+01   0.241305E-08   0.353707E-06  -0.380338E-07
  1824   0.332443E+03   0.758815E+01   0.000000E+00  -0.257608E+01   0.241074E-08   0.356880E-06  -0.390302E-07
  1825   0.330991E+03   0.764230E+01   0.000000E+00  -0.243334E+01   0.240843E-08   0.360063E-06  -0.400179E-07
  1826   0.329534E+03   0.769749E+01   0.000000E+00  -0.229631E+01   0.240612E-08   0.363253E-06  -0.409967E-07
  1827   0.328074E+03   0.775350E+01   0.000000E+00  -0.216499E+01   0.240382E-08   0.366450E-06  -0.419665E-07
  1828   0.326610E+03   0.781040E+01   0.000000E+00  -0.203941E+01   0.240152E-08   0.369654E-06  -0.429273E-07
  1829   0.325144E+03   0.786819E+01   0.000000E+00  -0.191958E+01   0.239923E-08   0.372865E-06  -0.438791E-07
  1830   0.323676E+03   0.792680E+01   0.000000E+00  -0.180555E+01   0.239694E-08   0.376081E-06  -0.448217E-07
  1831   0.322206E+03   0.798615E+01   0.000000E+00  -0.169731E+01   0.239465E-08   0.379302E-06  -0.457552E-07
  1832   0.320735E+03   0.804624E+01   0.000000E+00  -0.159488E+01   0.239237E-08   0.382528E-06  -0.466794E-07
  1833   0.319264E+03   0.810700E+01   0.000000E+00  -0.149827E+01   0.239008E-08   0.385757E-06  -0.475943E-07
  1834   0.317791E+03   0.816851E+01   0.000000E+00  -0.140749E+01   0.238781E-08   0.388990E-06  -0.484999E-07
  1835   0.316319E+03   0.823061E+01   0.000000E+00  -0.132254E+01   0.238553E-08   0.392226E-06  -0.493960E-07
  1836   0.314847E+03   0.829330E+01   0.000000E+00  -0.124343E+01   0.238326E-08   0.395465E-06  -0.502827E-07
  1837   0.313376E+03   0.835659E+01   0.000000E+00  -0.117018E+01   0.238099E-08   0.398705E-06  -0.511598E-07
  1838   0.311906E+03   0.842040E+01   0.000000E+00  -0.110278E+01   0.237873E-08   0.401946E-06  -0.520273E-07
  1839   0.310436E+03   0.848473E+01   0.000000E+00  -0.104123E+01   0.237647E-08   0.405188E-06  -0.528852E-07
  1840   0.308969E+03   0.854951E+01   0.000000E+00  -0.985524E+00   0.237421E-08   0.408430E-06  -0.537334E-07
  1841   0.307504E+03   0.861473E+01   0.000000E+00  -0.935646E+00   0.237195E-08   0.411672E-06  -0.545718E-07
  1842   0.306041E+03   0.868024E+01   0.000000E+00  -0.891585E+00   0.236970E-08   0.414913E-06  -0.554004E-07
  1843   0.304582E+03   0.874621E+01   0.000000E+00  -0.853332E+00   0.236745E-08   0.418152E-06  -0.562190E-07
  1844   0.303126E+03   0.881247E+01   0.000000E+00  -0.820880E+00   0.236520E-08   0.421390E-06  -0.570278E-07
  1845   0.301674E+03   0.887895E+01   0.000000E+00  -0.794208E+00   0.236296E-08   0.424624E-06  -0.578265E-07
  1846   0.300226E+03   0.894573E+01   0.000000E+00  -0.773306E+00   0.236072E-08   0.427856E-06  -0.586151E-07
  1847   0.298784E+03   0.901274E+01   0.000000E+00  -0.758155E+00   0.235849E-08   0.431083E-06  -0.593936E-07
  1848   0.297345E+03   0.907989E+01   0.000000E+00  -0.748722E+00   0.235625E-08   0.434307E-06  -0.601620E-07
  1849   0.295912E+03   0.914719E+01   0.000000E+00  -0.744994E+00   0.235403E-08   0.437526E-06  -0.609200E-07
  1850   0.294484E+03   0.921457E+01   0.000000E+00  -0.746941E+00   0.235180E-08   0.440739E-06  -0.616678E-07
  1851   0.293062E+03   0.928202E+01   0.000000E+00  -0.754556E+00   0.234958E-08   0.443947E-06  -0.624052E-07
  1852   0.291647E+03   0.934947E+01   0.000000E+00  -0.767800E+00   0.234735E-08   0.447148E-06  -0.631323E-07
  1853   0.290238E+03   0.941699E+01   0.000000E+00  -0.786638E+00   0.234514E-08   0.450343E-06  -0.638490E-07
  1854   0.288836E+03   0.948437E+01   0.000000E+00  -0.811025E+00   0.234292E-08   0.453531E-06  -0.645553E-07
  1855   0.287442E+03   0.955175E+01   0.000000E+00  -0.840900E+00   0.234071E-08   0.456712E-06  -0.652512E-07
  1856   0.286056E+03   0.961898E+01   0.000000E+00  -0.876236E+00   0.233851E-08   0.459886E-06  -0.659368E-07
  1857   0.284677E+03   0.968613E+01   0.000000E+00  -0.916978E+00   0.233630E-08   0.463051E-06  -0.666120E-07
  1858   0.283307E+03   0.975306E+01   0.000000E+00  -0.963076E+00   0.233410E-08   0.466209E-06  -0.672768E-07
  1859   0.281946E+03   0.981977E+01   0.000000E+00  -0.101449E+01   0.233190E-08   0.469359E-06  -0.679312E-07
  1860   0.280594E+03   0.988626E+01   0.000000E+00  -0.107115E+01   0.232971E-08   0.472500E-06  -0.685753E-07
  1861   0.279251E+03   0.995252E+01   0.000000E+00  -0.113302E+01   0.232751E-08   0.475632E-06  -0.692090E-07
  1862   0.277919E+03   0.100184E+02   0.000000E+00  -0.120003E+01   0.232533E-08   0.478755E-06  -0.698323E-07
  1863   0.276597E+03   0.100840E+02   0.000000E+00  -0.127213E+01   0.232314E-08   0.481869E-06  -0.704452E-07
  1864   0.275285E+03   0.101493E+02   0.000000E+00  -0.134927E+01   0.232096E-08   0.484973E-06  -0.710477E-07
  1865   0.273983E+03   0.102141E+02   0.000000E+00  -0.143139E+01   0.231878E-08   0.488067E-06  -0.716399E-07
  1866   0.272692E+03   0.102785E+02   0.000000E+00  -0.151842E+01   0.231660E-08   0.491150E-06  -0.722216E-07
  1867   0.271413E+03   0.103424E+02   0.000000E+00  -0.161031E+01   0.231443E-08   0.494223E-06  -0.727930E-07
  1868   0.270146E+03   0.104059E+02   0.000000E+00  -0.170698E+01   0.231226E-08   0.497285E-06  -0.733539E-07
  1869   0.268890E+03   0.104688E+02   0.000000E+00  -0.180836E+01   0.231009E-08   0.500336E-06  -0.739045E-07
  1870   0.267646E+03   0.105312E+02   0.000000E+00  -0.191439E+01   0.230792E-08   0.503375E-06  -0.744447E-07
  1871   0.266416E+03   0.105930E+02   0.000000E+00  -0.202499E+01   0.230576E-08   0.506402E-06  -0.749745E-07
  1872   0.265197E+03   0.106542E+02   0.000000E+00  -0.214008E+01   0.230360E-08   0.509417E-06  -0.754939E-07
  1873   0.263991E+03   0.107148E+02   0.000000E+00  -0.225961E+01   0.230145E-08   0.512420E-06  -0.760028E-07
  1874   0.262798E+03   0.107747E+02   0.000000E+00  -0.238348E+01   0.229930E-08   0.515410E-06  -0.765014E-07
  1875   0.261619E+03   0.108339E+02   0.000000E+00  -0.251162E+01   0.229715E-08   0.518387E-06  -0.769896E-07
  1876   0.260454E+03   0.108924E+02   0.000000E+00  -0.264395E+01   0.229500E-08   0.521351E-06  -0.774674E-07
  1877   0.259302E+03   0.109502E+02   0.000000E+00  -0.278039E+01   0.229286E-08   0.524301E-06  -0.779347E-07
  1878   0.258165E+03   0.110072E+02   0.000000E+00  -0.292085E+01   0.229072E-08   0.527238E-06  -0.783917E-07
  1879   0.257042E+03   0.110633E+02   0.000000E+00  -0.306526E+01   0.228858E-08   0.530160E-06  -0.788383E-07
  1880   0.255933E+03   0.111187E+02   0.000000E+00  -0.321353E+01   0.228645E-08   0.533067E-06  -0.792744E-07
  1881   0.254840E+03   0.111732E+02   0.000000E+00  -0.336558E+01   0.228431E-08   0.535960E-06  -0.797001E-07
  1882   0.253761E+03   0.112268E+02   0.000000E+00  -0.352133E+01   0.228219E-08   0.538838E-06  -0.801154E-07
  1883   0.252697E+03   0.112796E+02   0.000000E+00  -0.368067E+01   0.228006E-08   0.541700E-06  -0.805203E-07
  1884   0.251649E+03   0.113314E+02   0.000000E+00  -0.384355E+01   0.227794E-08   0.544547E-06  -0.809148E-07
  1885   0.250615E+03   0.113822E+02   0.000000E+00  -0.400987E+01   0.227582E-08   0.547378E-06  -0.812989E-07
  1886   0.249599E+03   0.114321E+02   0.000000E+00  -0.417953E+01   0.227370E-08   0.550192E-06  -0.816725E-07
  1887   0.248596E+03   0.114810E+02   0.000000E+00  -0.435247E+01   0.227159E-08   0.552990E-06  -0.820357E-07
  1888   0.247611E+03   0.115288E+02   0.000000E+00  -0.452857E+01   0.226948E-08   0.555771E-06  -0.823885E-07
  1889   0.246641E+03   0.115756E+02   0.000000E+00  -0.470775E+01   0.226737E-08   0.558535E-06  -0.827309E-07
  1890   0.245687E+03   0.116214E+02   0.000000E+00  -0.488989E+01   0.226527E-08   0.561282E-06  -0.830628E-07
  1891   0.244750E+03   0.116660E+02   0.000000E+00  -0.507491E+01   0.226316E-08   0.564011E-06  -0.833844E-07
  1892   0.243829E+03   0.117095E+02   0.000000E+00  -0.526269E+01   0.226106E-08   0.566721E-06  -0.836954E-07
  1893   0.242925E+03   0.117519E+02   0.000000E+00  -0.545314E+01   0.225897E-08   0.569414E-06  -0.839961E-07
  1894   0.242038E+03   0.117932E+02   0.000000E+00  -0.564618E+01   0.225688E-08   0.572088E-06  -0.842863E-07
  1895   0.241167E+03   0.118334E+02   0.000000E+00  -0.584167E+01   0.225479E-08   0.574742E-06  -0.845661E-07
  1896   0.240314E+03   0.118724E+02   0.000000E+00  -0.603955E+01   0.225270E-08   0.577378E-06  -0.848354E-07
  1897   0.239477E+03   0.119102E+02   0.000000E+00  -0.623972E+01   0.225061E-08   0.579994E-06  -0.850944E-07
  1898   0.238658E+03   0.119468E+02   0.000000E+00  -0.644207E+01   0.224853E-08   0.582590E-06  -0.853428E-07
  1899   0.237856E+03   0.119821E+02   0.000000E+00  -0.664652E+01   0.224645E-08   0.585167E-06  -0.855809E-07
  1900   0.237071E+03   0.120162E+02   0.000000E+00  -0.685296E+01   0.224438E-08   0.587723E-06  -0.858084E-07
  1901   0.236303E+03   0.120491E+02   0.000000E+00  -0.706131E+01   0.224230E-08   0.590258E-06  -0.860256E-07
  1902   0.235553E+03   0.120806E+02   0.000000E+00  -0.727145E+01   0.224023E-08   0.592772E-06  -0.862323E-07
  1903   0.234820E+03   0.121109E+02   0.000000E+00  -0.748326E+01   0.223817E-08   0.595265E-06  -0.864287E-07
  1904   0.234104E+03   0.121398E+02   0.000000E+00  -0.769674E+01   0.223610E-08   0.597737E-06  -0.866148E-07
  1905   0.233406E+03   0.121674E+02   0.000000E+00  -0.791164E+01   0.223404E-08   0.600187E-06  -0.867905E-07
  1906   0.232726E+03   0.121937E+02   0.000000E+00  -0.812795E+01   0.223198E-08   0.602616E-06  -0.869561E-07
  1907   0.232062E+03   0.122186E+02   0.000000E+00  -0.834559E+01   0.222993E-08   0.605023E-06  -0.871114E-07
  1908   0.231416E+03   0.122423E+02   0.000000E+00  -0.856435E+01   0.222787E-08   0.607408E-06  -0.872565E-07
  1909   0.230788E+03   0.122645E+02   0.000000E+00  -0.878422E+01   0.222582E-08   0.609771E-06  -0.873915E-07
  1910   0.230178E+03   0.122854E+02   0.000000E+00  -0.900514E+01   0.222377E-08   0.612111E-06  -0.875164E-07
  1911   0.229584E+03   0.123049E+02   0.000000E+00  -0.922687E+01   0.222173E-08   0.614428E-06  -0.876313E-07
  1912   0.229009E+03   0.123230E+02   0.000000E+00  -0.944934E+01   0.221969E-08   0.616723E-06  -0.877361E-07
  1913   0.228450E+03   0.123397E+02   0.000000E+00  -0.967256E+01   0.221765E-08   0.618994E-06  -0.878310E-07
  1914   0.227908E+03   0.123550E+02   0.000000E+00  -0.989629E+01   0.221561E-08   0.621243E-06  -0.879159E-07
  1915   0.227385E+03   0.123689E+02   0.000000E+00  -0.101206E+02   0.221358E-08   0.623468E-06  -0.879910E-07
  1916   0.226878E+03   0.123813E+02   0.000000E+00  -0.103452E+02   0.221155E-08   0.625669E-06  -0.880562E-07
  1917   0.226389E+03   0.123924E+02   0.000000E+00  -0.105700E+02   0.220952E-08   0.627847E-06  -0.881115E-07
  1918   0.225916E+03   0.124019E+02   0.000000E+00  -0.107951E+02   0.220750E-08   0.630000E-06  -0.881571E-07
  1919   0.225462E+03   0.124102E+02   0.000000E+00  -0.110202E+02   0.220547E-08   0.632129E-06  -0.881929E-07
  1920   0.225023E+03   0.124169E+02   0.000000E+00  -0.112453E+02   0.220345E-08   0.634234E-06  -0.882191E-07
  1921   0.224602E+03   0.124223E+02   0.000000E+00  -0.114702E+02   0.220144E-08   0.636315E-06  -0.882355E-07
  1922   0.224198E+03   0.124261E+02   0.000000E+00  -0.116949E+02   0.219942E-08   0.638370E-06  -0.882424E-07
  1923   0.223810E+03   0.124287E+02   0.000000E+00  -0.119192E+02   0.219741E-08   0.640401E-06  -0.882397E-07
  1924   0.223440E+03   0.124298E+02   0.000000E+00  -0.121431E+02   0.219540E-08   0.642406E-06  -0.882274E-07
  1925   0.223086E+03   0.124294E+02   0.000000E+00  -0.123665E+02   0.219340E-08   0.644386E-06  -0.882056E-07
  1926   0.222748E+03   0.124276E+02   0.000000E+00  -0.125893E+02   0.219139E-08   0.646341E-06  -0.881744E-07
  1927   0.222427E+03   0.124244E+02   0.000000E+00  -0.128112E+02   0.218939E-08   0.648270E-06  -0.881337E-07
  1928   0.222122E+03   0.124198E+02   0.000000E+00  -0.130324E+02   0.218739E-08   0.650172E-06  -0.880836E-07
  1929   0.221833E+03   0.124137E+02   0.000000E+00  -0.132527E+02   0.218540E-08   0.652049E-06  -0.880242E-07
  1930   0.221560E+03   0.124062E+02   0.000000E+00  -0.134719E+02   0.218341E-08   0.653899E-06  -0.879555E-07
  1931   0.221303E+03   0.123973E+02   0.000000E+00  -0.136900E+02   0.218142E-08   0.655723E-06  -0.878774E-07
  1932   0.221061E+03   0.123870E+02   0.000000E+00  -0.139069E+02   0.217943E-08   0.657520E-06  -0.877902E-07
  1933   0.220835E+03   0.123753E+02   0.000000E+00  -0.141225E+02   0.217745E-08   0.659290E-06  -0.876938E-07
  1934   0.220624E+03   0.123621E+02   0.000000E+00  -0.143368E+02   0.217546E-08   0.661033E-06  -0.875882E-07
  1935   0.220429E+03   0.123476E+02   0.000000E+00  -0.145495E+02   0.217348E-08   0.662748E-06  -0.874735E-07
  1936   0.220248E+03   0.123316E+02   0.000000E+00  -0.147607E+02   0.217151E-08   0.664437E-06  -0.873497E-07
  1937   0.220082E+03   0.123143E+02   0.000000E+00  -0.149702E+02   0.216953E-08   0.666097E-06  -0.872169E-07
  1938   0.219932E+03   0.122956E+02   0.000000E+00  -0.151780E+02   0.216756E-08   0.667730E-06  -0.870751E-07
  1939   0.219795E+03   0.122755E+02   0.000000E+00  -0.153839E+02   0.216560E-08   0.669334E-06  -0.869243E-07
  1940   0.219672E+03   0.122540E+02   0.000000E+00  -0.155879E+02   0.216363E-08   0.670910E-06  -0.867646E-07
  1941   0.219564E+03   0.122312E+02   0.000000E+00  -0.157900E+02   0.216167E-08   0.672458E-06  -0.865961E-07
  1942   0.219470E+03   0.122071E+02   0.000000E+00  -0.159899E+02   0.215971E-08   0.673977E-06  -0.864187E-07
  1943   0.219389E+03   0.121816E+02   0.000000E+00  -0.161877E+02   0.215775E-08   0.675467E-06  -0.862324E-07
  1944   0.219322E+03   0.121548E+02   0.000000E+00  -0.163832E+02   0.215579E-08   0.676928E-06  -0.860374E-07
  1945   0.219268E+03   0.121266E+02   0.000000E+00  -0.165764E+02   0.215384E-08   0.678360E-06  -0.858337E-07
  1946   0.219227E+03   0.120972E+02   0.000000E+00  -0.167672E+02   0.215189E-08   0.679762E-06  -0.856213E-07
  1947   0.219199E+03   0.120664E+02   0.000000E+00  -0.169555E+02   0.214994E-08   0.681135E-06  -0.854003E-07
  1948   0.219183E+03   0.120343E+02   0.000000E+00  -0.171412E+02   0.214800E-08   0.682477E-06  -0.851707E-07
  1949   0.219179E+03   0.120010E+02   0.000000E+00  -0.173243E+02   0.214606E-08   0.683790E-06  -0.849324E-07
  1950   0.219187E+03   0.119663E+02   0.000000E+00  -0.175046E+02   0.214412E-08   0.685073E-06  -0.846857E-07
  1951   0.219208E+03   0.119303E+02   0.000000E+00  -0.176822E+02   0.214218E-08   0.686325E-06  -0.844305E-07
  1952   0.219240E+03   0.118931E+02   0.000000E+00  -0.178568E+02   0.214024E-08   0.687546E-06  -0.841668E-07
  1953   0.219283E+03   0.118547E+02   0.000000E+00  -0.180286E+02   0.213831E-08   0.688738E-06  -0.838948E-07
  1954   0.219338E+03   0.118151E+02   0.000000E+00  -0.181974E+02   0.213638E-08   0.689899E-06  -0.836146E-07
  1955   0.219403E+03   0.117743E+02   0.000000E+00  -0.183630E+02   0.213446E-08   0.691029E-06  -0.833262E-07
  1956   0.219479E+03   0.117322E+02   0.000000E+00  -0.185257E+02   0.213253E-08   0.692129E-06  -0.830296E-07
  1957   0.219565E+03   0.116891E+02   0.000000E+00  -0.186852E+02   0.213061E-08   0.693198E-06  -0.827250E-07
  1958   0.219662E+03   0.116448E+02   0.000000E+00  -0.188413E+02   0.212869E-08   0.694237E-06  -0.824125E-07
  1959   0.219768E+03   0.115994E+02   0.000000E+00  -0.189943E+02   0.212677E-08   0.695246E-06  -0.820921E-07
  1960   0.219884E+03   0.115529E+02   0.000000E+00  -0.191438E+02   0.212486E-08   0.696223E-06  -0.817639E-07
  1961   0.220009E+03   0.115053E+02   0.000000E+00  -0.192900E+02   0.212295E-08   0.697171E-06  -0.814280E-07
  1962   0.220143E+03   0.114566E+02   0.000000E+00  -0.194327E+02   0.212104E-08   0.698088E-06  -0.810844E-07
  1963   0.220287E+03   0.114068E+02   0.000000E+00  -0.195719E+02   0.211913E-08   0.698974E-06  -0.807333E-07
  1964   0.220438E+03   0.113560E+02   0.000000E+00  -0.197076E+02   0.211723E-08   0.699830E-06  -0.803746E-07
  1965   0.220597E+03   0.113042E+02   0.000000E+00  -0.198396E+02   0.211533E-08   0.700655E-06  -0.800086E-07
  1966   0.220765E+03   0.112514E+02   0.000000E+00  -0.199680E+02   0.211343E-08   0.701450E-06  -0.796352E-07
  1967   0.220940E+03   0.111975E+02   0.000000E+00  -0.200926E+02   0.211153E-08   0.702215E-06  -0.792545E-07
  1968   0.221122E+03   0.111428E+02   0.000000E+00  -0.202136E+02   0.210964E-08   0.702948E-06  -0.788666E-07
  1969   0.221313E+03   0.110870E+02   0.000000E+00  -0.203307E+02   0.210775E-08   0.703652E-06  -0.784717E-07
  1970   0.221509E+03   0.110304E+02   0.000000E+00  -0.204441E+02   0.210586E-08   0.704324E-06  -0.780696E-07
  1971   0.221712E+03   0.109729E+02   0.000000E+00  -0.205536E+02   0.210397E-08   0.704966E-06  -0.776607E-07
  1972   0.221921E+03   0.109146E+02   0.000000E+00  -0.206592E+02   0.210209E-08   0.705578E-06  -0.772448E-07
  1973   0.222136E+03   0.108553E+02   0.000000E+00  -0.207608E+02   0.210021E-08   0.706158E-06  -0.768222E-07
  1974   0.222357E+03   0.107952E+02   0.000000E+00  -0.208584E+02   0.209833E-08   0.706709E-06  -0.763928E-07
  1975   0.222583E+03   0.107343E+02   0.000000E+00  -0.209521E+02   0.209645E-08   0.707228E-06  -0.759567E-07
  1976   0.222814E+03   0.106726E+02   0.000000E+00  -0.210417E+02   0.209458E-08   0.707717E-06  -0.755141E-07
  1977   0.223050E+03   0.106102E+02   0.000000E+00  -0.211272E+02   0.209271E-08   0.708176E-06  -0.750650E-07
  1978   0.223290E+03   0.105469E+02   0.000000E+00  -0.212087E+02   0.209084E-08   0.708604E-06  -0.746094E-07
  1979   0.223533E+03   0.104830E+02   0.000000E+00  -0.212859E+02   0.208897E-08   0.709001E-06  -0.741475E-07
  1980   0.223782E+03   0.104183E+02   0.000000E+00  -0.213590E+02   0.208711E-08   0.709367E-06  -0.736794E-07
  1981   0.224033E+03   0.103530E+02   0.000000E+00  -0.214280E+02   0.208524E-08   0.709703E-06  -0.732050E-07
  1982   0.224288E+03   0.102871E+02   0.000000E+00  -0.214928E+02   0.208338E-08   0.710009E-06  -0.727245E-07
  1983   0.224545E+03   0.102205E+02   0.000000E+00  -0.215534E+02   0.208153E-08   0.710283E-06  -0.722380E-07
  1984   0.224805E+03   0.101533E+02   0.000000E+00  -0.216098E+02   0.207967E-08   0.710527E-06  -0.717455E-07
  1985   0.225068E+03   0.100856E+02   0.000000E+00  -0.216620E+02   0.207782E-08   0.710741E-06  -0.712471E-07
  1986   0.225333E+03   0.100172E+02   0.000000E+00  -0.217099E+02   0.207597E-08   0.710923E-06  -0.707430E-07
  1987   0.225600E+03   0.994846E+01   0.000000E+00  -0.217536E+02   0.207412E-08   0.711075E-06  -0.702330E-07
  1988   0.225868E+03   0.987916E+01   0.000000E+00  -0.217930E+02   0.207228E-08   0.711196E-06  -0.697174E-07
  1989   0.226137E+03   0.980941E+01   0.000000E+00  -0.218282E+02   0.207044E-08   0.711287E-06  -0.691963E-07
  1990   0.226407E+03   0.973915E+01   0.000000E+00  -0.218591E+02   0.206860E-08   0.711347E-06  -0.686696E-07
  1991   0.226678E+03   0.966851E+01   0.000000E+00  -0.218857E+02   0.206676E-08   0.711376E-06  -0.681375E-07
  1992   0.226950E+03   0.959742E+01   0.000000E+00  -0.219080E+02   0.206492E-08   0.711374E-06  -0.676001E-07
  1993   0.227220E+03   0.952597E+01   0.000000E+00  -0.219260E+02   0.206309E-08   0.711342E-06  -0.670573E-07
  1994   0.227491E+03   0.945422E+01   0.000000E+00  -0.219397E+02   0.206126E-08   0.711279E-06  -0.665094E-07
  1995   0.227761E+03   0.938209E+01   0.000000E+00  -0.219491E+02   0.205943E-08   0.711185E-06  -0.659564E-07
  1996   0.228031E+03   0.930959E+01   0.000000E+00  -0.219543E+02   0.205761E-08   0.711060E-06  -0.653983E-07
  1997   0.228299E+03   0.923687E+01   0.000000E+00  -0.219551E+02   0.205578E-08   0.710905E-06  -0.648352E-07
  1998   0.228565E+03   0.916393E+01   0.000000E+00  -0.219517E+02   0.205396E-08   0.710719E-06  -0.642672E-07
  1999   0.228830E+03   0.909069E+01   0.000000E+00  -0.219440E+02   0.205214E-08   0.710502E-06  -0.636945E-07
  2000   0.229092E+03   0.901723E+01   0.000000E+00  -0.219320E+02   0.205033E-08   0.710254E-06  -0.631169E-07
  2001   0.229353E+03   0.894361E+01   0.000000E+00  -0.219157E+02   0.204851E-08   0.709976E-06  -0.625347E-07
  2002   0.229611E+03   0.886985E+01   0.000000E+00  -0.218953E+02   0.204670E-08   0.709667E-06  -0.619480E-07
  2003   0.229865E+03   0.879594E+01   0.000000E+00  -0.218707E+02   0.204489E-08   0.709328E-06  -0.613568E-07
  2004   0.230117E+03   0.872188E+01   0.000000E+00  -0.218418E+02   0.204308E-08   0.708958E-06  -0.607611E-07
  2005   0.230366E+03   0.864782E+01   0.000000E+00  -0.218087E+02   0.204128E-08   0.708558E-06  -0.601612E-07
  2006   0.230611E+03   0.857361E+01   0.000000E+00  -0.217715E+02   0.203948E-08   0.708128E-06  -0.595571E-07
  2007   0.230852E+03   0.849940E+01   0.000000E+00  -0.217302E+02   0.203768E-08   0.707668E-06  -0.589488E-07
  2008   0.231089E+03   0.842519E+01   0.000000E+00  -0.216847E+02   0.203588E-08   0.707179E-06  -0.583365E-07
  2009   0.231321E+03   0.835098E+01   0.000000E+00  -0.216352E+02   0.203408E-08   0.706659E-06  -0.577203E-07
  2010   0.231550E+03   0.827685E+01   0.000000E+00  -0.215815E+02   0.203229E-08   0.706111E-06  -0.571002E-07
  2011   0.231772E+03   0.820271E+01   0.000000E+00  -0.215238E+02   0.203050E-08   0.705533E-06  -0.564764E-07
  2012   0.231990E+03   0.812865E+01   0.000000E+00  -0.214621E+02   0.202871E-08   0.704927E-06  -0.558489E-07
  2013   0.232202E+03   0.805466E+01   0.000000E+00  -0.213963E+02   0.202693E-08   0.704291E-06  -0.552178E-07
  2014   0.232408E+03   0.798082E+01   0.000000E+00  -0.213267E+02   0.202514E-08   0.703627E-06  -0.545832E-07
  2015   0.232609E+03   0.790713E+01   0.000000E+00  -0.212530E+02   0.202336E-08   0.702934E-06  -0.539453E-07
  2016   0.232803E+03   0.783366E+01   0.000000E+00  -0.211756E+02   0.202158E-08   0.702213E-06  -0.533041E-07
  2017   0.232991E+03   0.776034E+01   0.000000E+00  -0.210943E+02   0.201980E-08   0.701463E-06  -0.526596E-07
  2018   0.233173E+03   0.768724E+01   0.000000E+00  -0.210092E+02   0.201803E-08   0.700685E-06  -0.520120E-07
  2019   0.233348E+03   0.761444E+01   0.000000E+00  -0.209204E+02   0.201626E-08   0.699880E-06  -0.513614E-07
  2020   0.233516E+03   0.754186E+01   0.000000E+00  -0.208280E+02   0.201449E-08   0.699046E-06  -0.507078E-07
  2021   0.233677E+03   0.746965E+01   0.000000E+00  -0.207319E+02   0.201272E-08   0.698185E-06  -0.500514E-07
  2022   0.233831E+03   0.739770E+01   0.000000E+00  -0.206322E+02   0.201095E-08   0.697296E-06  -0.493922E-07
  2023   0.233978E+03   0.732612E+01   0.000000E+00  -0.205290E+02   0.200919E-08   0.696380E-06  -0.487304E-07
  2024   0.234117E+03   0.725491E+01   0.000000E+00  -0.204223E+02   0.200743E-08   0.695437E-06  -0.480660E-07
  2025   0.234248E+03   0.718408E+01   0.000000E+00  -0.203120E+02   0.200567E-08   0.694467E-06  -0.473991E-07
  2026   0.234371E+03   0.711365E+01   0.000000E+00  -0.201984E+02   0.200391E-08   0.693470E-06  -0.467298E-07
  2027   0.234485E+03   0.704365E+01   0.000000E+00  -0.200814E+02   0.200216E-08   0.692446E-06  -0.460582E-07
  2028   0.234591E+03   0.697409E+01   0.000000E+00  -0.199611E+02   0.200040E-08   0.691396E-06  -0.453844E-07
  2029   0.234688E+03   0.690500E+01   0.000000E+00  -0.198375E+02   0.199865E-08   0.690320E-06  -0.447085E-07
  2030   0.234777E+03   0.683639E+01   0.000000E+00  -0.197107E+02   0.199691E-08   0.689217E-06  -0.440305E-07
  2031   0.234857E+03   0.676830E+01   0.000000E+00  -0.195806E+02   0.199516E-08   0.688087E-06  -0.433506E-07
  2032   0.234927E+03   0.670073E+01   0.000000E+00  -0.194476E+02   0.199342E-08   0.686933E-06  -0.426688E-07
  2033   0.234988E+03   0.663371E+01   0.000000E+00  -0.193115E+02   0.199168E-08   0.685752E-06  -0.419853E-07
  2034   0.235040E+03   0.656727E+01   0.000000E+00  -0.191724E+02   0.198994E-08   0.684546E-06  -0.413001E-07
  2035   0.235083E+03   0.650142E+01   0.000000E+00  -0.190304E+02   0.198820E-08   0.683314E-06  -0.406134E-07
  2036   0.235115E+03   0.643617E+01   0.000000E+00  -0.188855E+02   0.198647E-08   0.682057E-06  -0.399251E-07
  2037   0.235137E+03   0.637154E+01   0.000000E+00  -0.187378E+02   0.198473E-08   0.680775E-06  -0.392355E-07
  2038   0.235150E+03   0.630755E+01   0.000000E+00  -0.185873E+02   0.198300E-08   0.679467E-06  -0.385445E-07
  2039   0.235152E+03   0.624422E+01   0.000000E+00  -0.184342E+02   0.198127E-08   0.678135E-06  -0.378523E-07
  2040   0.235144E+03   0.618156E+01   0.000000E+00  -0.182784E+02   0.197955E-08   0.676779E-06  -0.371590E-07
  2041   0.235125E+03   0.611959E+01   0.000000E+00  -0.181200E+02   0.197783E-08   0.675397E-06  -0.364647E-07
  2042   0.235095E+03   0.605832E+01   0.000000E+00  -0.179591E+02   0.197610E-08   0.673992E-06  -0.357694E-07
  2043   0.235055E+03   0.599779E+01   0.000000E+00  -0.177957E+02   0.197438E-08   0.672562E-06  -0.350733E-07
  2044   0.235003E+03   0.593799E+01   0.000000E+00  -0.176300E+02   0.197267E-08   0.671108E-06  -0.343764E-07
  2045   0.234942E+03   0.587895E+01   0.000000E+00  -0.174620E+02   0.197095E-08   0.669631E-06  -0.336788E-07
  2046   0.234869E+03   0.582069E+01   0.000000E+00  -0.172916E+02   0.196924E-08   0.668129E-06  -0.329807E-07
  2047   0.234784E+03   0.576321E+01   0.000000E+00  -0.171192E+02   0.196753E-08   0.666604E-06  -0.322820E-07
  2048   0.234689E+03   0.570655E+01   0.000000E+00  -0.169447E+02   0.196582E-08   0.665056E-06  -0.315830E-07
  2049   0.234583E+03   0.565071E+01   0.000000E+00  -0.167682E+02   0.196411E-08   0.663484E-06  -0.308837E-07
  2050   0.234465E+03   0.559571E+01   0.000000E+00  -0.165897E+02   0.196241E-08   0.661889E-06  -0.301841E-07
  2051   0.234336E+03   0.554154E+01   0.000000E+00  -0.164093E+02   0.196071E-08   0.660272E-06  -0.294844E-07
  2052   0.234195E+03   0.548823E+01   0.000000E+00  -0.162271E+02   0.195901E-08   0.658631E-06  -0.287847E-07
  2053   0.234043E+03   0.543580E+01   0.000000E+00  -0.160431E+02   0.195731E-08   0.656969E-06  -0.280849E-07
  2054   0.233879E+03   0.538424E+01   0.000000E+00  -0.158574E+02   0.195561E-08   0.655284E-06  -0.273853E-07
  2055   0.233703E+03   0.533358E+01   0.000000E+00  -0.156701E+02   0.195392E-08   0.653577E-06  -0.266858E-07
  2056   0.233516E+03   0.528382E+01   0.000000E+00  -0.154813E+02   0.195223E-08   0.651849E-06  -0.259865E-07
  2057   0.233316E+03   0.523497E+01   0.000000E+00  -0.152909E+02   0.195054E-08   0.650099E-06  -0.252876E-07
  2058   0.233105E+03   0.518705E+01   0.000000E+00  -0.150991E+02   0.194885E-08   0.648329E-06  -0.245890E-07
  2059   0.232881E+03   0.514005E+01   0.000000E+00  -0.149061E+02   0.194717E-08   0.646538E-06  -0.238909E-07
  2060   0.232646E+03   0.509401E+01   0.000000E+00  -0.147117E+02   0.194548E-08   0.644726E-06  -0.231932E-07
  2061   0.232399E+03   0.504892E+01   0.000000E+00  -0.145161E+02   0.194380E-08   0.642894E-06  -0.224962E-07
  2062   0.232140E+03   0.500479E+01   0.000000E+00  -0.143194E+02   0.194212E-08   0.641043E-06  -0.217998E-07
  2063   0.231869E+03   0.496163E+01   0.000000E+00  -0.141218E+02   0.194045E-08   0.639171E-06  -0.211042E-07
  2064   0.231586E+03   0.491946E+01   0.000000E+00  -0.139231E+02   0.193877E-08   0.637281E-06  -0.204093E-07
  2065   0.231292E+03   0.487827E+01   0.000000E+00  -0.137235E+02   0.193710E-08   0.635371E-06  -0.197154E-07
  2066   0.230985E+03   0.483807E+01   0.000000E+00  -0.135232E+02   0.193543E-08   0.633443E-06  -0.190224E-07
  2067   0.230666E+03   0.479888E+01   0.000000E+00  -0.133220E+02   0.193376E-08   0.631496E-06  -0.183303E-07
  2068   0.230336E+03   0.476069E+01   0.000000E+00  -0.131203E+02   0.193210E-08   0.629531E-06  -0.176394E-07
  2069   0.229994E+03   0.472351E+01   0.000000E+00  -0.129178E+02   0.193043E-08   0.627548E-06  -0.169497E-07
  2070   0.229640E+03   0.468736E+01   0.000000E+00  -0.127149E+02   0.192877E-08   0.625548E-06  -0.162611E-07
  2071   0.229275E+03   0.465222E+01   0.000000E+00  -0.125115E+02   0.192711E-08   0.623530E-06  -0.155739E-07
  2072   0.228896E+03   0.461811E+01   0.000000E+00  -0.123077E+02   0.192545E-08   0.621495E-06  -0.148880E-07
  2073   0.228507E+03   0.458502E+01   0.000000E+00  -0.121037E+02   0.192380E-08   0.619444E-06  -0.142036E-07
  2074   0.228106E+03   0.455298E+01   0.000000E+00  -0.118993E+02   0.192214E-08   0.617375E-06  -0.135207E-07
  2075   0.227694E+03   0.452197E+01   0.000000E+00  -0.116948E+02   0.192049E-08   0.615291E-06  -0.128394E-07
  2076   0.227269E+03   0.449200E+01   0.000000E+00  -0.114902E+02   0.191884E-08   0.613191E-06  -0.121598E-07
  2077   0.226833E+03   0.446307E+01   0.000000E+00  -0.112855E+02   0.191719E-08   0.611075E-06  -0.114819E-07
  2078   0.226385E+03   0.443518E+01   0.000000E+00  -0.110809E+02   0.191555E-08   0.608943E-06  -0.108057E-07
  2079   0.225926E+03   0.440835E+01   0.000000E+00  -0.108764E+02   0.191390E-08   0.606797E-06  -0.101315E-07
  2080   0.225455E+03   0.438256E+01   0.000000E+00  -0.106721E+02   0.191226E-08   0.604635E-06  -0.945919E-08
  2081   0.224974E+03   0.435783E+01   0.000000E+00  -0.104681E+02   0.191062E-08   0.602459E-06  -0.878891E-08
  2082   0.224481E+03   0.433414E+01   0.000000E+00  -0.102644E+02   0.190898E-08   0.600269E-06  -0.812071E-08
  2083   0.223978E+03   0.431151E+01   0.000000E+00  -0.100612E+02   0.190735E-08   0.598065E-06  -0.745467E-08
  2084   0.223463E+03   0.428994E+01   0.000000E+00  -0.985836E+01   0.190571E-08   0.595847E-06  -0.679086E-08
  2085   0.222938E+03   0.426941E+01   0.000000E+00  -0.965616E+01   0.190408E-08   0.593616E-06  -0.612936E-08
  2086   0.222402E+03   0.424993E+01   0.000000E+00  -0.945455E+01   0.190245E-08   0.591371E-06  -0.547022E-08
  2087   0.221855E+03   0.423150E+01   0.000000E+00  -0.925361E+01   0.190083E-08   0.589114E-06  -0.481354E-08
  2088   0.221299E+03   0.421411E+01   0.000000E+00  -0.905342E+01   0.189920E-08   0.586844E-06  -0.415937E-08
  2089   0.220731E+03   0.419777E+01   0.000000E+00  -0.885404E+01   0.189758E-08   0.584562E-06  -0.350778E-08
  2090   0.220153E+03   0.418247E+01   0.000000E+00  -0.865555E+01   0.189596E-08   0.582268E-06  -0.285886E-08
  2091   0.219565E+03   0.416821E+01   0.000000E+00  -0.845795E+01   0.189434E-08   0.579962E-06  -0.221266E-08
  2092   0.218966E+03   0.415498E+01   0.000000E+00  -0.826140E+01   0.189272E-08   0.577644E-06  -0.156927E-08
  2093   0.218358E+03   0.414278E+01   0.000000E+00  -0.806596E+01   0.189110E-08   0.575316E-06  -0.928749E-09
  2094   0.217740E+03   0.413160E+01   0.000000E+00  -0.787155E+01   0.188949E-08   0.572976E-06  -0.291174E-09
  2095   0.217112E+03   0.412144E+01   0.000000E+00  -0.767842E+01   0.188788E-08   0.570626E-06   0.343385E-09
  2096   0.216474E+03   0.411230E+01   0.000000E+00  -0.748654E+01   0.188627E-08   0.568266E-06   0.974856E-09
  2097   0.215827E+03   0.410417E+01   0.000000E+00  -0.729595E+01   0.188466E-08   0.565895E-06   0.160317E-08
  2098   0.215171E+03   0.409704E+01   0.000000E+00  -0.710677E+01   0.188306E-08   0.563515E-06   0.222825E-08
  2099   0.214505E+03   0.409091E+01   0.000000E+00  -0.691902E+01   0.188145E-08   0.561125E-06   0.285003E-08
  2100   0.213830E+03   0.408577E+01   0.000000E+00  -0.673277E+01   0.187985E-08   0.558726E-06   0.346844E-08
  2101   0.213146E+03   0.408162E+01   0.000000E+00  -0.654807E+01   0.187825E-08   0.556318E-06   0.408341E-08
  2102   0.212453E+03   0.407843E+01   0.000000E+00  -0.636498E+01   0.187665E-08   0.553901E-06   0.469490E-08
  2103   0.211751E+03   0.407622E+01   0.000000E+00  -0.618355E+01   0.187506E-08   0.551476E-06   0.530288E-08
  2104   0.211040E+03   0.407497E+01   0.000000E+00  -0.600386E+01   0.187346E-08   0.549042E-06   0.590733E-08
  2105   0.210321E+03   0.407468E+01   0.000000E+00  -0.582594E+01   0.187187E-08   0.546600E-06   0.650821E-08
  2106   0.209593E+03   0.407532E+01   0.000000E+00  -0.564984E+01   0.187028E-08   0.544151E-06   0.710548E-08
  2107   0.208858E+03   0.407690E+01   0.000000E+00  -0.547562E+01   0.186869E-08   0.541694E-06   0.769913E-08
  2108   0.208113E+03   0.407941E+01   0.000000E+00  -0.530334E+01   0.186711E-08   0.539230E-06   0.828911E-08
  2109   0.207362E+03   0.408282E+01   0.000000E+00  -0.513305E+01   0.186552E-08   0.536758E-06   0.887539E-08
  2110   0.206603E+03   0.408715E+01   0.000000E+00  -0.496479E+01   0.186394E-08   0.534280E-06   0.945795E-08
  2111   0.205837E+03   0.409237E+01   0.000000E+00  -0.479861E+01   0.186236E-08   0.531794E-06   0.100368E-07
  2112   0.205064E+03   0.409848E+01   0.000000E+00  -0.463458E+01   0.186078E-08   0.529303E-06   0.106118E-07
  2113   0.204284E+03   0.410546E+01   0.000000E+00  -0.447270E+01   0.185921E-08   0.526805E-06   0.111830E-07
  2114   0.203497E+03   0.411331E+01   0.000000E+00  -0.431306E+01   0.185763E-08   0.524301E-06   0.117503E-07
  2115   0.202704E+03   0.412200E+01   0.000000E+00  -0.415566E+01   0.185606E-08   0.521791E-06   0.123138E-07
  2116   0.201904E+03   0.413153E+01   0.000000E+00  -0.400057E+01   0.185449E-08   0.519276E-06   0.128733E-07
  2117   0.201098E+03   0.414190E+01   0.000000E+00  -0.384781E+01   0.185292E-08   0.516755E-06   0.134289E-07
  2118   0.200285E+03   0.415307E+01   0.000000E+00  -0.369745E+01   0.185136E-08   0.514229E-06   0.139805E-07
  2119   0.199467E+03   0.416504E+01   0.000000E+00  -0.354951E+01   0.184979E-08   0.511698E-06   0.145281E-07
  2120   0.198643E+03   0.417781E+01   0.000000E+00  -0.340403E+01   0.184823E-08   0.509163E-06   0.150717E-07
  2121   0.197814E+03   0.419135E+01   0.000000E+00  -0.326104E+01   0.184667E-08   0.506623E-06   0.156112E-07
  2122   0.196979E+03   0.420565E+01   0.000000E+00  -0.312057E+01   0.184511E-08   0.504078E-06   0.161466E-07
  2123   0.196139E+03   0.422071E+01   0.000000E+00  -0.298267E+01   0.184355E-08   0.501530E-06   0.166779E-07
  2124   0.195295E+03   0.423650E+01   0.000000E+00  -0.284736E+01   0.184199E-08   0.498978E-06   0.172050E-07
  2125   0.194446E+03   0.425300E+01   0.000000E+00  -0.271469E+01   0.184044E-08   0.496423E-06   0.177279E-07
  2126   0.193592E+03   0.427022E+01   0.000000E+00  -0.258467E+01   0.183889E-08   0.493864E-06   0.182466E-07
  2127   0.192734E+03   0.428813E+01   0.000000E+00  -0.245736E+01   0.183734E-08   0.491302E-06   0.187611E-07
  2128   0.191873E+03   0.430672E+01   0.000000E+00  -0.233276E+01   0.183579E-08   0.488737E-06   0.192712E-07
  2129   0.191007E+03   0.432597E+01   0.000000E+00  -0.221090E+01   0.183425E-08   0.486169E-06   0.197770E-07
  2130   0.190138E+03   0.434586E+01   0.000000E+00  -0.209183E+01   0.183270E-08   0.483599E-06   0.202785E-07
  2131   0.189265E+03   0.436639E+01   0.000000E+00  -0.197556E+01   0.183116E-08   0.481027E-06   0.207756E-07
  2132   0.188388E+03   0.438754E+01   0.000000E+00  -0.186214E+01   0.182962E-08   0.478453E-06   0.212682E-07
  2133   0.187509E+03   0.440928E+01   0.000000E+00  -0.175156E+01   0.182808E-08   0.475876E-06   0.217565E-07
  2134   0.186627E+03   0.443162E+01   0.000000E+00  -0.164385E+01   0.182655E-08   0.473299E-06   0.222402E-07
  2135   0.185742E+03   0.445452E+01   0.000000E+00  -0.153904E+01   0.182501E-08   0.470720E-06   0.227195E-07
  2136   0.184855E+03   0.447797E+01   0.000000E+00  -0.143714E+01   0.182348E-08   0.468140E-06   0.231942E-07
  2137   0.183965E+03   0.450197E+01   0.000000E+00  -0.133816E+01   0.182195E-08   0.465559E-06   0.236643E-07
  2138   0.183074E+03   0.452649E+01   0.000000E+00  -0.124212E+01   0.182042E-08   0.462977E-06   0.241298E-07
  2139   0.182181E+03   0.455151E+01   0.000000E+00  -0.114905E+01   0.181889E-08   0.460395E-06   0.245907E-07
  2140   0.181287E+03   0.457702E+01   0.000000E+00  -0.105896E+01   0.181737E-08   0.457813E-06   0.250470E-07
  2141   0.180391E+03   0.460301E+01   0.000000E+00  -0.971854E+00   0.181584E-08   0.455231E-06   0.254985E-07
  2142   0.179494E+03   0.462945E+01   0.000000E+00  -0.887742E+00   0.181432E-08   0.452649E-06   0.259453E-07
  2143   0.178596E+03   0.465633E+01   0.000000E+00  -0.806646E+00   0.181280E-08   0.450067E-06   0.263874E-07
  2144   0.177698E+03   0.468364E+01   0.000000E+00  -0.728567E+00   0.181128E-08   0.447486E-06   0.268246E-07
  2145   0.176799E+03   0.471135E+01   0.000000E+00  -0.653526E+00   0.180977E-08   0.444907E-06   0.272571E-07
  2146   0.175900E+03   0.473943E+01   0.000000E+00  -0.581530E+00   0.180825E-08   0.442328E-06   0.276847E-07
  2147   0.175000E+03   0.476790E+01   0.000000E+00  -0.512585E+00   0.180674E-08   0.439750E-06   0.281074E-07
  2148   0.174101E+03   0.479671E+01   0.000000E+00  -0.446694E+00   0.180523E-08   0.437175E-06   0.285252E-07
  2149   0.173202E+03   0.482586E+01   0.000000E+00  -0.383861E+00   0.180372E-08   0.434600E-06   0.289380E-07
  2150   0.172303E+03   0.485533E+01   0.000000E+00  -0.324090E+00   0.180221E-08   0.432029E-06   0.293459E-07
  2151   0.171405E+03   0.488510E+01   0.000000E+00  -0.267385E+00   0.180071E-08   0.429459E-06   0.297488E-07
  2152   0.170508E+03   0.491515E+01   0.000000E+00  -0.213748E+00   0.179920E-08   0.426891E-06   0.301466E-07
  2153   0.169612E+03   0.494545E+01   0.000000E+00  -0.163183E+00   0.179770E-08   0.424327E-06   0.305395E-07
  2154   0.168717E+03   0.497601E+01   0.000000E+00  -0.115685E+00   0.179620E-08   0.421765E-06   0.309273E-07
  2155   0.167824E+03   0.500680E+01   0.000000E+00  -0.712484E-01   0.179470E-08   0.419206E-06   0.313101E-07
  2156   0.166932E+03   0.503779E+01   0.000000E+00  -0.298656E-01   0.179321E-08   0.416651E-06   0.316878E-07
  2157   0.166042E+03   0.506898E+01   0.000000E+00   0.846880E-02   0.179171E-08   0.414099E-06   0.320605E-07
  2158   0.165154E+03   0.510035E+01   0.000000E+00   0.437612E-01   0.179022E-08   0.411550E-06   0.324282E-07
  2159   0.164268E+03   0.513188E+01   0.000000E+00   0.760175E-01   0.178873E-08   0.409005E-06   0.327908E-07
  2160   0.163385E+03   0.516355E+01   0.000000E+00   0.105246E+00   0.178724E-08   0.406465E-06   0.331483E-07
  2161   0.162504E+03   0.519534E+01   0.000000E+00   0.131456E+00   0.178575E-08   0.403928E-06   0.335008E-07
  2162   0.161626E+03   0.522725E+01   0.000000E+00   0.154661E+00   0.178427E-08   0.401396E-06   0.338483E-07
  2163   0.160751E+03   0.525924E+01   0.000000E+00   0.174873E+00   0.178278E-08   0.398868E-06   0.341906E-07
  2164   0.159879E+03   0.529130E+01   0.000000E+00   0.192105E+00   0.178130E-08   0.396346E-06   0.345279E-07
  2165   0.159009E+03   0.532342E+01   0.000000E+00   0.206368E+00   0.177982E-08   0.393828E-06   0.348601E-07
  2166   0.158144E+03   0.535557E+01   0.000000E+00   0.217674E+00   0.177834E-08   0.391315E-06   0.351872E-07
  2167   0.157282E+03   0.538773E+01   0.000000E+00   0.226040E+00   0.177686E-08   0.388808E-06   0.355092E-07
  2168   0.156424E+03   0.541990E+01   0.000000E+00   0.231486E+00   0.177539E-08   0.386306E-06   0.358261E-07
  2169   0.155570E+03   0.545205E+01   0.000000E+00   0.234041E+00   0.177392E-08   0.383810E-06   0.361379E-07
  2170   0.154720E+03   0.548418E+01   0.000000E+00   0.233729E+00   0.177245E-08   0.381320E-06   0.364446E-07
  2171   0.153874E+03   0.551625E+01   0.000000E+00   0.230576E+00   0.177098E-08   0.378836E-06   0.367462E-07
  2172   0.153033E+03   0.554828E+01   0.000000E+00   0.224609E+00   0.176951E-08   0.376358E-06   0.370427E-07
  2173   0.152197E+03   0.558022E+01   0.000000E+00   0.215852E+00   0.176804E-08   0.373887E-06   0.373340E-07
  2174   0.151365E+03   0.561207E+01   0.000000E+00   0.204332E+00   0.176658E-08   0.371423E-06   0.376202E-07
  2175   0.150539E+03   0.564381E+01   0.000000E+00   0.190074E+00   0.176511E-08   0.368965E-06   0.379013E-07
  2176   0.149718E+03   0.567543E+01   0.000000E+00   0.173104E+00   0.176365E-08   0.366515E-06   0.381772E-07
  2177   0.148903E+03   0.570691E+01   0.000000E+00   0.153449E+00   0.176219E-08   0.364072E-06   0.384480E-07
  2178   0.148092E+03   0.573822E+01   0.000000E+00   0.131133E+00   0.176074E-08   0.361636E-06   0.387136E-07
  2179   0.147288E+03   0.576937E+01   0.000000E+00   0.106182E+00   0.175928E-08   0.359208E-06   0.389741E-07
  2180   0.146489E+03   0.580032E+01   0.000000E+00   0.786238E-01   0.175783E-08   0.356788E-06   0.392294E-07
  2181   0.145696E+03   0.583107E+01   0.000000E+00   0.484837E-01   0.175637E-08   0.354376E-06   0.394795E-07
  2182   0.144909E+03   0.586159E+01   0.000000E+00   0.157959E-01   0.175492E-08   0.351972E-06   0.397245E-07
  2183   0.144128E+03   0.589188E+01   0.000000E+00  -0.194047E-01   0.175348E-08   0.349577E-06   0.399643E-07
  2184   0.143354E+03   0.592192E+01   0.000000E+00  -0.570826E-01   0.175203E-08   0.347191E-06   0.401989E-07
  2185   0.142586E+03   0.595170E+01   0.000000E+00  -0.972034E-01   0.175058E-08   0.344813E-06   0.404283E-07
  2186   0.141824E+03   0.598119E+01   0.000000E+00  -0.139731E+00   0.174914E-08   0.342444E-06   0.406525E-07
  2187   0.141070E+03   0.601039E+01   0.000000E+00  -0.184630E+00   0.174770E-08   0.340085E-06   0.408715E-07
  2188   0.140322E+03   0.603929E+01   0.000000E+00  -0.231868E+00   0.174626E-08   0.337734E-06   0.410853E-07
  2189   0.139582E+03   0.606786E+01   0.000000E+00  -0.281406E+00   0.174482E-08   0.335394E-06   0.412939E-07
  2190   0.138848E+03   0.609610E+01   0.000000E+00  -0.333208E+00   0.174338E-08   0.333063E-06   0.414973E-07
  2191   0.138122E+03   0.612398E+01   0.000000E+00  -0.387240E+00   0.174195E-08   0.330742E-06   0.416954E-07
  2192   0.137403E+03   0.615150E+01   0.000000E+00  -0.443463E+00   0.174051E-08   0.328432E-06   0.418884E-07
  2193   0.136691E+03   0.617863E+01   0.000000E+00  -0.501842E+00   0.173908E-08   0.326132E-06   0.420761E-07
  2194   0.135986E+03   0.620537E+01   0.000000E+00  -0.562342E+00   0.173765E-08   0.323842E-06   0.422585E-07
  2195   0.135289E+03   0.623171E+01   0.000000E+00  -0.624924E+00   0.173622E-08   0.321564E-06   0.424357E-07
  2196   0.134601E+03   0.625762E+01   0.000000E+00  -0.689545E+00   0.173480E-08   0.319296E-06   0.426077E-07
  2197   0.133919E+03   0.628309E+01   0.000000E+00  -0.756161E+00   0.173337E-08   0.317039E-06   0.427744E-07
  2198   0.133246E+03   0.630813E+01   0.000000E+00  -0.824719E+00   0.173195E-08   0.314794E-06   0.429359E-07
  2199   0.132580E+03   0.633271E+01   0.000000E+00  -0.895187E+00   0.173053E-08   0.312560E-06   0.430921E-07
  2200   0.131923E+03   0.635682E+01   0.000000E+00  -0.967511E+00   0.172911E-08   0.310339E-06   0.432430E-07
  2201   0.131273E+03   0.638045E+01   0.000000E+00  -0.104166E+01   0.172769E-08   0.308128E-06   0.433886E-07
  2202   0.130632E+03   0.640360E+01   0.000000E+00  -0.111756E+01   0.172627E-08   0.305931E-06   0.435290E-07
  2203   0.129999E+03   0.642625E+01   0.000000E+00  -0.119519E+01   0.172486E-08   0.303745E-06   0.436642E-07
  2204   0.129375E+03   0.644838E+01   0.000000E+00  -0.127451E+01   0.172344E-08   0.301571E-06   0.437941E-07
  2205   0.128759E+03   0.647000E+01   0.000000E+00  -0.135546E+01   0.172203E-08   0.299410E-06   0.439188E-07
  2206   0.128152E+03   0.649109E+01   0.000000E+00  -0.143801E+01   0.172062E-08   0.297261E-06   0.440384E-07
  2207   0.127553E+03   0.651162E+01   0.000000E+00  -0.152211E+01   0.171921E-08   0.295125E-06   0.441528E-07
  2208   0.126962E+03   0.653161E+01   0.000000E+00  -0.160773E+01   0.171781E-08   0.293002E-06   0.442620E-07
  2209   0.126381E+03   0.655102E+01   0.000000E+00  -0.169480E+01   0.171640E-08   0.290891E-06   0.443662E-07
  2210   0.125808E+03   0.656987E+01   0.000000E+00  -0.178330E+01   0.171500E-08   0.288793E-06   0.444652E-07
  2211   0.125243E+03   0.658813E+01   0.000000E+00  -0.187316E+01   0.171360E-08   0.286708E-06   0.445591E-07
  2212   0.124688E+03   0.660581E+01   0.000000E+00  -0.196434E+01   0.171220E-08   0.284637E-06   0.446480E-07
  2213   0.124141E+03   0.662288E+01   0.000000E+00  -0.205679E+01   0.171080E-08   0.282578E-06   0.447319E-07
  2214   0.123603E+03   0.663935E+01   0.000000E+00  -0.215046E+01   0.170940E-08   0.280533E-06   0.448107E-07
  2215   0.123074E+03   0.665521E+01   0.000000E+00  -0.224530E+01   0.170801E-08   0.278501E-06   0.448845E-07
  2216   0.122554E+03   0.667045E+01   0.000000E+00  -0.234126E+01   0.170661E-08   0.276483E-06   0.449533E-07
  2217   0.122043E+03   0.668506E+01   0.000000E+00  -0.243830E+01   0.170522E-08   0.274479E-06   0.450172E-07
  2218   0.121540E+03   0.669904E+01   0.000000E+00  -0.253635E+01   0.170383E-08   0.272488E-06   0.450761E-07
  2219   0.121046E+03   0.671238E+01   0.000000E+00  -0.263538E+01   0.170244E-08   0.270511E-06   0.451301E-07
  2220   0.120562E+03   0.672508E+01   0.000000E+00  -0.273534E+01   0.170106E-08   0.268548E-06   0.451791E-07
  2221   0.120087E+03   0.673713E+01   0.000000E+00  -0.283617E+01   0.169967E-08   0.266599E-06   0.452233E-07
  2222   0.119620E+03   0.674852E+01   0.000000E+00  -0.293782E+01   0.169829E-08   0.264664E-06   0.452626E-07
  2223   0.119163E+03   0.675926E+01   0.000000E+00  -0.304025E+01   0.169691E-08   0.262744E-06   0.452971E-07
  2224   0.118715E+03   0.676933E+01   0.000000E+00  -0.314340E+01   0.169553E-08   0.260838E-06   0.453267E-07
  2225   0.118276E+03   0.677873E+01   0.000000E+00  -0.324723E+01   0.169415E-08   0.258946E-06   0.453515E-07
  2226   0.117845E+03   0.678746E+01   0.000000E+00  -0.335169E+01   0.169277E-08   0.257069E-06   0.453715E-07
  2227   0.117424E+03   0.679550E+01   0.000000E+00  -0.345672E+01   0.169139E-08   0.255206E-06   0.453867E-07
  2228   0.117011E+03   0.680285E+01   0.000000E+00  -0.356230E+01   0.169002E-08   0.253359E-06   0.453972E-07
  2229   0.116607E+03   0.680951E+01   0.000000E+00  -0.366834E+01   0.168865E-08   0.251526E-06   0.454030E-07
  2230   0.116213E+03   0.681548E+01   0.000000E+00  -0.377482E+01   0.168728E-08   0.249709E-06   0.454040E-07
  2231   0.115827E+03   0.682074E+01   0.000000E+00  -0.388168E+01   0.168591E-08   0.247906E-06   0.454003E-07
  2232   0.115451E+03   0.682531E+01   0.000000E+00  -0.398887E+01   0.168454E-08   0.246119E-06   0.453920E-07
  2233   0.115082E+03   0.682917E+01   0.000000E+00  -0.409634E+01   0.168317E-08   0.244347E-06   0.453790E-07
  2234   0.114723E+03   0.683235E+01   0.000000E+00  -0.420405E+01   0.168181E-08   0.242590E-06   0.453613E-07
  2235   0.114373E+03   0.683481E+01   0.000000E+00  -0.431193E+01   0.168045E-08   0.240849E-06   0.453391E-07
  2236   0.114032E+03   0.683659E+01   0.000000E+00  -0.441994E+01   0.167909E-08   0.239124E-06   0.453122E-07
  2237   0.113699E+03   0.683766E+01   0.000000E+00  -0.452804E+01   0.167773E-08   0.237414E-06   0.452808E-07
  2238   0.113375E+03   0.683804E+01   0.000000E+00  -0.463616E+01   0.167637E-08   0.235721E-06   0.452447E-07
  2239   0.113059E+03   0.683770E+01   0.000000E+00  -0.474428E+01   0.167501E-08   0.234043E-06   0.452042E-07
  2240   0.112753E+03   0.683668E+01   0.000000E+00  -0.485234E+01   0.167366E-08   0.232381E-06   0.451591E-07
  2241   0.112455E+03   0.683494E+01   0.000000E+00  -0.496029E+01   0.167230E-08   0.230736E-06   0.451095E-07
  2242   0.112165E+03   0.683250E+01   0.000000E+00  -0.506809E+01   0.167095E-08   0.229107E-06   0.450555E-07
  2243   0.111884E+03   0.682936E+01   0.000000E+00  -0.517569E+01   0.166960E-08   0.227494E-06   0.449969E-07
  2244   0.111612E+03   0.682550E+01   0.000000E+00  -0.528304E+01   0.166825E-08   0.225897E-06   0.449339E-07
  2245   0.111347E+03   0.682094E+01   0.000000E+00  -0.539010E+01   0.166691E-08   0.224318E-06   0.448665E-07
  2246   0.111091E+03   0.681567E+01   0.000000E+00  -0.549683E+01   0.166556E-08   0.222755E-06   0.447947E-07
  2247   0.110843E+03   0.680971E+01   0.000000E+00  -0.560318E+01   0.166422E-08   0.221209E-06   0.447185E-07
  2248   0.110603E+03   0.680304E+01   0.000000E+00  -0.570910E+01   0.166287E-08   0.219679E-06   0.446379E-07
  2249   0.110371E+03   0.679567E+01   0.000000E+00  -0.581455E+01   0.166153E-08   0.218167E-06   0.445530E-07
  2250   0.110148E+03   0.678760E+01   0.000000E+00  -0.591949E+01   0.166019E-08   0.216672E-06   0.444637E-07
  2251   0.109932E+03   0.677885E+01   0.000000E+00  -0.602387E+01   0.165886E-08   0.215194E-06   0.443701E-07
  2252   0.109724E+03   0.676939E+01   0.000000E+00  -0.612765E+01   0.165752E-08   0.213733E-06   0.442723E-07
  2253   0.109524E+03   0.675925E+01   0.000000E+00  -0.623078E+01   0.165619E-08   0.212290E-06   0.441702E-07
  2254   0.109331E+03   0.674842E+01   0.000000E+00  -0.633323E+01   0.165485E-08   0.210864E-06   0.440639E-07
  2255   0.109146E+03   0.673689E+01   0.000000E+00  -0.643496E+01   0.165352E-08   0.209455E-06   0.439534E-07
  2256   0.108968E+03   0.672469E+01   0.000000E+00  -0.653593E+01   0.165219E-08   0.208063E-06   0.438388E-07
  2257   0.108798E+03   0.671179E+01   0.000000E+00  -0.663609E+01   0.165086E-08   0.206689E-06   0.437201E-07
  2258   0.108635E+03   0.669822E+01   0.000000E+00  -0.673541E+01   0.164953E-08   0.205332E-06   0.435974E-07
  2259   0.108479E+03   0.668396E+01   0.000000E+00  -0.683385E+01   0.164821E-08   0.203992E-06   0.434706E-07
  2260   0.108331E+03   0.666904E+01   0.000000E+00  -0.693137E+01   0.164689E-08   0.202670E-06   0.433398E-07
  2261   0.108190E+03   0.665345E+01   0.000000E+00  -0.702793E+01   0.164556E-08   0.201364E-06   0.432051E-07
  2262   0.108055E+03   0.663722E+01   0.000000E+00  -0.712350E+01   0.164424E-08   0.200077E-06   0.430665E-07
  2263   0.107927E+03   0.662034E+01   0.000000E+00  -0.721804E+01   0.164292E-08   0.198806E-06   0.429239E-07
  2264   0.107806E+03   0.660282E+01   0.000000E+00  -0.731151E+01   0.164160E-08   0.197553E-06   0.427776E-07
  2265   0.107691E+03   0.658468E+01   0.000000E+00  -0.740387E+01   0.164029E-08   0.196317E-06   0.426274E-07
  2266   0.107584E+03   0.656590E+01   0.000000E+00  -0.749513E+01   0.163897E-08   0.195098E-06   0.424734E-07
  2267   0.107482E+03   0.654652E+01   0.000000E+00  -0.758517E+01   0.163766E-08   0.193897E-06   0.423157E-07
  2268   0.107386E+03   0.652652E+01   0.000000E+00  -0.767402E+01   0.163635E-08   0.192712E-06   0.421543E-07
  2269   0.107297E+03   0.650591E+01   0.000000E+00  -0.776160E+01   0.163504E-08   0.191546E-06   0.419892E-07
  2270   0.107214E+03   0.648472E+01   0.000000E+00  -0.784800E+01   0.163373E-08   0.190396E-06   0.418205E-07
  2271   0.107136E+03   0.646292E+01   0.000000E+00  -0.793306E+01   0.163242E-08   0.189264E-06   0.416482E-07
  2272   0.107065E+03   0.644053E+01   0.000000E+00  -0.801678E+01   0.163112E-08   0.188150E-06   0.414724E-07
  2273   0.107000E+03   0.641757E+01   0.000000E+00  -0.809917E+01   0.162981E-08   0.187052E-06   0.412930E-07
  2274   0.106940E+03   0.639404E+01   0.000000E+00  -0.818014E+01   0.162851E-08   0.185972E-06   0.411101E-07
  2275   0.106885E+03   0.636995E+01   0.000000E+00  -0.825970E+01   0.162721E-08   0.184909E-06   0.409238E-07
  2276   0.106836E+03   0.634531E+01   0.000000E+00  -0.833786E+01   0.162591E-08   0.183864E-06   0.407341E-07
  2277   0.106791E+03   0.632013E+01   0.000000E+00  -0.841452E+01   0.162461E-08   0.182836E-06   0.405410E-07
  2278   0.106752E+03   0.629442E+01   0.000000E+00  -0.848970E+01   0.162331E-08   0.181826E-06   0.403445E-07
  2279   0.106718E+03   0.626819E+01   0.000000E+00  -0.856339E+01   0.162202E-08   0.180832E-06   0.401447E-07
  2280   0.106689E+03   0.624144E+01   0.000000E+00  -0.863553E+01   0.162072E-08   0.179857E-06   0.399417E-07
  2281   0.106664E+03   0.621418E+01   0.000000E+00  -0.870603E+01   0.161943E-08   0.178898E-06   0.397354E-07
  2282   0.106644E+03   0.618643E+01   0.000000E+00  -0.877497E+01   0.161814E-08   0.177957E-06   0.395259E-07
  2283   0.106628E+03   0.615819E+01   0.000000E+00  -0.884235E+01   0.161685E-08   0.177033E-06   0.393132E-07
  2284   0.106617E+03   0.612947E+01   0.000000E+00  -0.890802E+01   0.161556E-08   0.176127E-06   0.390975E-07
  2285   0.106609E+03   0.610027E+01   0.000000E+00  -0.897205E+01   0.161427E-08   0.175238E-06   0.388786E-07
  2286   0.106606E+03   0.607061E+01   0.000000E+00  -0.903438E+01   0.161299E-08   0.174367E-06   0.386567E-07
  2287   0.106607E+03   0.604050E+01   0.000000E+00  -0.909507E+01   0.161171E-08   0.173513E-06   0.384317E-07
  2288   0.106611E+03   0.600995E+01   0.000000E+00  -0.915398E+01   0.161042E-08   0.172676E-06   0.382038E-07
  2289   0.106620E+03   0.597897E+01   0.000000E+00  -0.921118E+01   0.160914E-08   0.171857E-06   0.379729E-07
  2290   0.106631E+03   0.594757E+01   0.000000E+00  -0.926660E+01   0.160786E-08   0.171055E-06   0.377391E-07
  2291   0.106646E+03   0.591577E+01   0.000000E+00  -0.932031E+01   0.160659E-08   0.170271E-06   0.375024E-07
  2292   0.106665E+03   0.588358E+01   0.000000E+00  -0.937223E+01   0.160531E-08   0.169504E-06   0.372628E-07
  2293   0.106686E+03   0.585102E+01   0.000000E+00  -0.942230E+01   0.160403E-08   0.168755E-06   0.370205E-07
  2294   0.106711E+03   0.581808E+01   0.000000E+00  -0.947066E+01   0.160276E-08   0.168023E-06   0.367754E-07
  2295   0.106738E+03   0.578478E+01   0.000000E+00  -0.951709E+01   0.160149E-08   0.167308E-06   0.365275E-07
  2296   0.106768E+03   0.575114E+01   0.000000E+00  -0.956174E+01   0.160022E-08   0.166611E-06   0.362770E-07
  2297   0.106801E+03   0.571715E+01   0.000000E+00  -0.960452E+01   0.159895E-08   0.165932E-06   0.360238E-07
  2298   0.106836E+03   0.568284E+01   0.000000E+00  -0.964553E+01   0.159768E-08   0.165269E-06   0.357680E-07
  2299   0.106874E+03   0.564821E+01   0.000000E+00  -0.968460E+01   0.159642E-08   0.164625E-06   0.355095E-07
  2300   0.106913E+03   0.561327E+01   0.000000E+00  -0.972174E+01   0.159515E-08   0.163998E-06   0.352485E-07
  2301   0.106955E+03   0.557803E+01   0.000000E+00  -0.975710E+01   0.159389E-08   0.163388E-06   0.349850E-07
  2302   0.106998E+03   0.554252E+01   0.000000E+00  -0.979045E+01   0.159263E-08   0.162796E-06   0.347190E-07
  2303   0.107043E+03   0.550672E+01   0.000000E+00  -0.982202E+01   0.159137E-08   0.162221E-06   0.344506E-07
  2304   0.107091E+03   0.547066E+01   0.000000E+00  -0.985158E+01   0.159011E-08   0.161663E-06   0.341798E-07
  2305   0.107139E+03   0.543436E+01   0.000000E+00  -0.987928E+01   0.158885E-08   0.161122E-06   0.339067E-07
  2306   0.107189E+03   0.539781E+01   0.000000E+00  -0.990505E+01   0.158759E-08   0.160598E-06   0.336313E-07
  2307   0.107240E+03   0.536103E+01   0.000000E+00  -0.992889E+01   0.158634E-08   0.160091E-06   0.333536E-07
  2308   0.107292E+03   0.532405E+01   0.000000E+00  -0.995080E+01   0.158508E-08   0.159601E-06   0.330737E-07
  2309   0.107345E+03   0.528685E+01   0.000000E+00  -0.997078E+01   0.158383E-08   0.159128E-06   0.327916E-07
  2310   0.107399E+03   0.524947E+01   0.000000E+00  -0.998890E+01   0.158258E-08   0.158671E-06   0.325074E-07
  2311   0.107454E+03   0.521190E+01   0.000000E+00  -0.100051E+02   0.158133E-08   0.158231E-06   0.322212E-07
  2312   0.107509E+03   0.517417E+01   0.000000E+00  -0.100193E+02   0.158009E-08   0.157807E-06   0.319329E-07
  2313   0.107564E+03   0.513628E+01   0.000000E+00  -0.100316E+02   0.157884E-08   0.157400E-06   0.316426E-07
  2314   0.107621E+03   0.509825E+01   0.000000E+00  -0.100421E+02   0.157759E-08   0.157009E-06   0.313504E-07
  2315   0.107677E+03   0.506008E+01   0.000000E+00  -0.100505E+02   0.157635E-08   0.156634E-06   0.310563E-07
  2316   0.107734E+03   0.502179E+01   0.000000E+00  -0.100571E+02   0.157511E-08   0.156275E-06   0.307604E-07
  2317   0.107790E+03   0.498340E+01   0.000000E+00  -0.100618E+02   0.157387E-08   0.155931E-06   0.304626E-07
  2318   0.107847E+03   0.494490E+01   0.000000E+00  -0.100645E+02   0.157263E-08   0.155604E-06   0.301631E-07
  2319   0.107902E+03   0.490631E+01   0.000000E+00  -0.100654E+02   0.157139E-08   0.155293E-06   0.298619E-07
  2320   0.107958E+03   0.486765E+01   0.000000E+00  -0.100645E+02   0.157016E-08   0.154997E-06   0.295590E-07
  2321   0.108013E+03   0.482892E+01   0.000000E+00  -0.100616E+02   0.156892E-08   0.154717E-06   0.292545E-07
  2322   0.108067E+03   0.479015E+01   0.000000E+00  -0.100568E+02   0.156769E-08   0.154452E-06   0.289484E-07
  2323   0.108121E+03   0.475134E+01   0.000000E+00  -0.100502E+02   0.156645E-08   0.154202E-06   0.286408E-07
  2324   0.108174E+03   0.471250E+01   0.000000E+00  -0.100417E+02   0.156522E-08   0.153968E-06   0.283316E-07
  2325   0.108226E+03   0.467364E+01   0.000000E+00  -0.100314E+02   0.156399E-08   0.153749E-06   0.280211E-07
  2326   0.108277E+03   0.463480E+01   0.000000E+00  -0.100193E+02   0.156277E-08   0.153545E-06   0.277091E-07
  2327   0.108326E+03   0.459596E+01   0.000000E+00  -0.100054E+02   0.156154E-08   0.153356E-06   0.273957E-07
  2328   0.108375E+03   0.455715E+01   0.000000E+00  -0.998967E+01   0.156031E-08   0.153182E-06   0.270811E-07
  2329   0.108422E+03   0.451838E+01   0.000000E+00  -0.997221E+01   0.155909E-08   0.153023E-06   0.267652E-07
  2330   0.108468E+03   0.447967E+01   0.000000E+00  -0.995296E+01   0.155787E-08   0.152878E-06   0.264480E-07
  2331   0.108511E+03   0.444101E+01   0.000000E+00  -0.993201E+01   0.155665E-08   0.152748E-06   0.261297E-07
  2332   0.108554E+03   0.440242E+01   0.000000E+00  -0.990927E+01   0.155543E-08   0.152633E-06   0.258103E-07
  2333   0.108594E+03   0.436391E+01   0.000000E+00  -0.988483E+01   0.155421E-08   0.152532E-06   0.254897E-07
  2334   0.108633E+03   0.432549E+01   0.000000E+00  -0.985867E+01   0.155299E-08   0.152445E-06   0.251682E-07
  2335   0.108670E+03   0.428718E+01   0.000000E+00  -0.983081E+01   0.155177E-08   0.152373E-06   0.248456E-07
  2336   0.108704E+03   0.424897E+01   0.000000E+00  -0.980131E+01   0.155056E-08   0.152314E-06   0.245220E-07
  2337   0.108736E+03   0.421090E+01   0.000000E+00  -0.977018E+01   0.154935E-08   0.152270E-06   0.241976E-07
  2338   0.108766E+03   0.417295E+01   0.000000E+00  -0.973734E+01   0.154814E-08   0.152239E-06   0.238723E-07
  2339   0.108794E+03   0.413515E+01   0.000000E+00  -0.970294E+01   0.154693E-08   0.152223E-06   0.235462E-07
  2340   0.108819E+03   0.409752E+01   0.000000E+00  -0.966698E+01   0.154572E-08   0.152220E-06   0.232193E-07
  2341   0.108841E+03   0.406005E+01   0.000000E+00  -0.962939E+01   0.154451E-08   0.152230E-06   0.228916E-07
  2342   0.108861E+03   0.402275E+01   0.000000E+00  -0.959024E+01   0.154330E-08   0.152255E-06   0.225633E-07
  2343   0.108878E+03   0.398565E+01   0.000000E+00  -0.954960E+01   0.154210E-08   0.152292E-06   0.222344E-07
  2344   0.108892E+03   0.394875E+01   0.000000E+00  -0.950748E+01   0.154089E-08   0.152343E-06   0.219048E-07
  2345   0.108903E+03   0.391206E+01   0.000000E+00  -0.946379E+01   0.153969E-08   0.152407E-06   0.215747E-07
  2346   0.108912E+03   0.387557E+01   0.000000E+00  -0.941870E+01   0.153849E-08   0.152485E-06   0.212441E-07
  2347   0.108918E+03   0.383932E+01   0.000000E+00  -0.937212E+01   0.153729E-08   0.152575E-06   0.209130E-07
  2348   0.108920E+03   0.380330E+01   0.000000E+00  -0.932413E+01   0.153609E-08   0.152679E-06   0.205815E-07
  2349   0.108918E+03   0.376752E+01   0.000000E+00  -0.927473E+01   0.153490E-08   0.152795E-06   0.202496E-07
  2350   0.108914E+03   0.373200E+01   0.000000E+00  -0.922399E+01   0.153370E-08   0.152924E-06   0.199175E-07
  2351   0.108906E+03   0.369675E+01   0.000000E+00  -0.917184E+01   0.153251E-08   0.153066E-06   0.195850E-07
  2352   0.108895E+03   0.366176E+01   0.000000E+00  -0.911843E+01   0.153131E-08   0.153220E-06   0.192522E-07
  2353   0.108880E+03   0.362706E+01   0.000000E+00  -0.906368E+01   0.153012E-08   0.153387E-06   0.189193E-07
  2354   0.108862E+03   0.359265E+01   0.000000E+00  -0.900774E+01   0.152893E-08   0.153566E-06   0.185861E-07
  2355   0.108840E+03   0.355854E+01   0.000000E+00  -0.895047E+01   0.152774E-08   0.153757E-06   0.182528E-07
  2356   0.108814E+03   0.352474E+01   0.000000E+00  -0.889201E+01   0.152655E-08   0.153960E-06   0.179194E-07
  2357   0.108785E+03   0.349126E+01   0.000000E+00  -0.883243E+01   0.152537E-08   0.154176E-06   0.175858E-07
  2358   0.108752E+03   0.345812E+01   0.000000E+00  -0.877167E+01   0.152418E-08   0.154403E-06   0.172522E-07
  2359   0.108715E+03   0.342530E+01   0.000000E+00  -0.870979E+01   0.152300E-08   0.154641E-06   0.169185E-07
  2360   0.108675E+03   0.339282E+01   0.000000E+00  -0.864673E+01   0.152182E-08   0.154892E-06   0.165848E-07
  2361   0.108630E+03   0.336069E+01   0.000000E+00  -0.858269E+01   0.152064E-08   0.155153E-06   0.162511E-07
  2362   0.108581E+03   0.332891E+01   0.000000E+00  -0.851755E+01   0.151946E-08   0.155426E-06   0.159174E-07
  2363   0.108528E+03   0.329750E+01   0.000000E+00  -0.845144E+01   0.151828E-08   0.155711E-06   0.155839E-07
  2364   0.108471E+03   0.326645E+01   0.000000E+00  -0.838429E+01   0.151710E-08   0.156006E-06   0.152504E-07
  2365   0.108410E+03   0.323578E+01   0.000000E+00  -0.831625E+01   0.151592E-08   0.156312E-06   0.149170E-07
  2366   0.108345E+03   0.320549E+01   0.000000E+00  -0.824724E+01   0.151475E-08   0.156629E-06   0.145838E-07
  2367   0.108276E+03   0.317559E+01   0.000000E+00  -0.817734E+01   0.151358E-08   0.156957E-06   0.142508E-07
  2368   0.108202E+03   0.314608E+01   0.000000E+00  -0.810655E+01   0.151240E-08   0.157296E-06   0.139180E-07
  2369   0.108125E+03   0.311698E+01   0.000000E+00  -0.803502E+01   0.151123E-08   0.157644E-06   0.135855E-07
  2370   0.108042E+03   0.308828E+01   0.000000E+00  -0.796260E+01   0.151006E-08   0.158004E-06   0.132532E-07
  2371   0.107956E+03   0.306000E+01   0.000000E+00  -0.788943E+01   0.150890E-08   0.158373E-06   0.129212E-07
  2372   0.107866E+03   0.303214E+01   0.000000E+00  -0.781552E+01   0.150773E-08   0.158753E-06   0.125896E-07
  2373   0.107771E+03   0.300470E+01   0.000000E+00  -0.774094E+01   0.150656E-08   0.159142E-06   0.122583E-07
  2374   0.107672E+03   0.297770E+01   0.000000E+00  -0.766570E+01   0.150540E-08   0.159542E-06   0.119274E-07
  2375   0.107568E+03   0.295112E+01   0.000000E+00  -0.758978E+01   0.150424E-08   0.159951E-06   0.115969E-07
  2376   0.107461E+03   0.292499E+01   0.000000E+00  -0.751328E+01   0.150307E-08   0.160370E-06   0.112669E-07
  2377   0.107348E+03   0.289930E+01   0.000000E+00  -0.743617E+01   0.150191E-08   0.160798E-06   0.109374E-07
  2378   0.107231E+03   0.287406E+01   0.000000E+00  -0.735852E+01   0.150076E-08   0.161235E-06   0.106084E-07
  2379   0.107110E+03   0.284928E+01   0.000000E+00  -0.728036E+01   0.149960E-08   0.161682E-06   0.102799E-07
  2380   0.106985E+03   0.282495E+01   0.000000E+00  -0.720173E+01   0.149844E-08   0.162138E-06   0.995198E-08
  2381   0.106855E+03   0.280108E+01   0.000000E+00  -0.712265E+01   0.149729E-08   0.162603E-06   0.962467E-08
  2382   0.106721E+03   0.277767E+01   0.000000E+00  -0.704314E+01   0.149613E-08   0.163077E-06   0.929798E-08
  2383   0.106582E+03   0.275473E+01   0.000000E+00  -0.696324E+01   0.149498E-08   0.163559E-06   0.897194E-08
  2384   0.106439E+03   0.273227E+01   0.000000E+00  -0.688298E+01   0.149383E-08   0.164051E-06   0.864659E-08
  2385   0.106292E+03   0.271028E+01   0.000000E+00  -0.680240E+01   0.149268E-08   0.164550E-06   0.832196E-08
  2386   0.106139E+03   0.268876E+01   0.000000E+00  -0.672151E+01   0.149153E-08   0.165058E-06   0.799807E-08
  2387   0.105983E+03   0.266772E+01   0.000000E+00  -0.664038E+01   0.149038E-08   0.165575E-06   0.767495E-08
  2388   0.105822E+03   0.264717E+01   0.000000E+00  -0.655902E+01   0.148923E-08   0.166099E-06   0.735264E-08
  2389   0.105657E+03   0.262711E+01   0.000000E+00  -0.647747E+01   0.148809E-08   0.166632E-06   0.703115E-08
  2390   0.105487E+03   0.260753E+01   0.000000E+00  -0.639575E+01   0.148694E-08   0.167172E-06   0.671053E-08
  2391   0.105313E+03   0.258844E+01   0.000000E+00  -0.631392E+01   0.148580E-08   0.167720E-06   0.639081E-08
  2392   0.105136E+03   0.256985E+01   0.000000E+00  -0.623199E+01   0.148466E-08   0.168276E-06   0.607200E-08
  2393   0.104953E+03   0.255175E+01   0.000000E+00  -0.615000E+01   0.148352E-08   0.168840E-06   0.575414E-08
  2394   0.104767E+03   0.253414E+01   0.000000E+00  -0.606797E+01   0.148238E-08   0.169410E-06   0.543726E-08
  2395   0.104576E+03   0.251704E+01   0.000000E+00  -0.598594E+01   0.148124E-08   0.169989E-06   0.512139E-08
  2396   0.104381E+03   0.250042E+01   0.000000E+00  -0.590395E+01   0.148011E-08   0.170574E-06   0.480655E-08
  2397   0.104182E+03   0.248431E+01   0.000000E+00  -0.582200E+01   0.147897E-08   0.171166E-06   0.449279E-08
  2398   0.103978E+03   0.246870E+01   0.000000E+00  -0.574014E+01   0.147784E-08   0.171765E-06   0.418012E-08
  2399   0.103771E+03   0.245358E+01   0.000000E+00  -0.565839E+01   0.147670E-08   0.172371E-06   0.386857E-08
  2400   0.103560E+03   0.243896E+01   0.000000E+00  -0.557679E+01   0.147557E-08   0.172984E-06   0.355818E-08
  2401   0.103343E+03   0.242484E+01   0.000000E+00  -0.549537E+01   0.147444E-08   0.173603E-06   0.324898E-08
  2402   0.103124E+03   0.241122E+01   0.000000E+00  -0.541415E+01   0.147331E-08   0.174229E-06   0.294097E-08
  2403   0.102900E+03   0.239810E+01   0.000000E+00  -0.533318E+01   0.147219E-08   0.174860E-06   0.263420E-08
  2404   0.102673E+03   0.238547E+01   0.000000E+00  -0.525246E+01   0.147106E-08   0.175498E-06   0.232868E-08
  2405   0.102441E+03   0.237335E+01   0.000000E+00  -0.517205E+01   0.146993E-08   0.176143E-06   0.202442E-08
  2406   0.102205E+03   0.236172E+01   0.000000E+00  -0.509195E+01   0.146881E-08   0.176793E-06   0.172146E-08
  2407   0.101966E+03   0.235058E+01   0.000000E+00  -0.501220E+01   0.146769E-08   0.177448E-06   0.141982E-08
  2408   0.101723E+03   0.233994E+01   0.000000E+00  -0.493283E+01   0.146656E-08   0.178110E-06   0.111951E-08
  2409   0.101476E+03   0.232978E+01   0.000000E+00  -0.485386E+01   0.146544E-08   0.178777E-06   0.820551E-09
  2410   0.101225E+03   0.232013E+01   0.000000E+00  -0.477533E+01   0.146433E-08   0.179449E-06   0.522975E-09
  2411   0.100971E+03   0.231095E+01   0.000000E+00  -0.469725E+01   0.146321E-08   0.180127E-06   0.226799E-09
  2412   0.100712E+03   0.230226E+01   0.000000E+00  -0.461965E+01   0.146209E-08   0.180810E-06  -0.679550E-10
  2413   0.100451E+03   0.229406E+01   0.000000E+00  -0.454257E+01   0.146097E-08   0.181498E-06  -0.361266E-09
  2414   0.100186E+03   0.228634E+01   0.000000E+00  -0.446602E+01   0.145986E-08   0.182190E-06  -0.653112E-09
  2415   0.999169E+02   0.227910E+01   0.000000E+00  -0.439003E+01   0.145875E-08   0.182888E-06  -0.943471E-09
  2416   0.996451E+02   0.227233E+01   0.000000E+00  -0.431463E+01   0.145763E-08   0.183590E-06  -0.123232E-08
  2417   0.993695E+02   0.226604E+01   0.000000E+00  -0.423985E+01   0.145652E-08   0.184297E-06  -0.151964E-08
  2418   0.990909E+02   0.226022E+01   0.000000E+00  -0.416571E+01   0.145541E-08   0.185008E-06  -0.180541E-08
  2419   0.988087E+02   0.225487E+01   0.000000E+00  -0.409224E+01   0.145431E-08   0.185723E-06  -0.208961E-08
  2420   0.985242E+02   0.224997E+01   0.000000E+00  -0.401945E+01   0.145320E-08   0.186443E-06  -0.237222E-08
  2421   0.982360E+02   0.224555E+01   0.000000E+00  -0.394738E+01   0.145209E-08   0.187166E-06  -0.265320E-08
  2422   0.979448E+02   0.224157E+01   0.000000E+00  -0.387604E+01   0.145099E-08   0.187894E-06  -0.293255E-08
  2423   0.976514E+02   0.223805E+01   0.000000E+00  -0.380545E+01   0.144988E-08   0.188625E-06  -0.321024E-08
  2424   0.973543E+02   0.223498E+01   0.000000E+00  -0.373565E+01   0.144878E-08   0.189360E-06  -0.348626E-08
  2425   0.970549E+02   0.223235E+01   0.000000E+00  -0.366664E+01   0.144768E-08   0.190098E-06  -0.376056E-08
  2426   0.967526E+02   0.223016E+01   0.000000E+00  -0.359846E+01   0.144658E-08   0.190840E-06  -0.403315E-08
  2427   0.964473E+02   0.222841E+01   0.000000E+00  -0.353111E+01   0.144548E-08   0.191585E-06  -0.430399E-08
  2428   0.961398E+02   0.222709E+01   0.000000E+00  -0.346462E+01   0.144438E-08   0.192333E-06  -0.457306E-08
  2429   0.958301E+02   0.222620E+01   0.000000E+00  -0.339902E+01   0.144329E-08   0.193084E-06  -0.484034E-08
  2430   0.955173E+02   0.222572E+01   0.000000E+00  -0.333431E+01   0.144219E-08   0.193838E-06  -0.510582E-08
  2431   0.952024E+02   0.222566E+01   0.000000E+00  -0.327053E+01   0.144110E-08   0.194594E-06  -0.536946E-08
  2432   0.948852E+02   0.222602E+01   0.000000E+00  -0.320769E+01   0.144000E-08   0.195354E-06  -0.563125E-08
  2433   0.945658E+02   0.222677E+01   0.000000E+00  -0.314580E+01   0.143891E-08   0.196115E-06  -0.589116E-08
  2434   0.942449E+02   0.222793E+01   0.000000E+00  -0.308488E+01   0.143782E-08   0.196880E-06  -0.614918E-08
  2435   0.939211E+02   0.222949E+01   0.000000E+00  -0.302496E+01   0.143673E-08   0.197646E-06  -0.640528E-08
  2436   0.935957E+02   0.223144E+01   0.000000E+00  -0.296604E+01   0.143564E-08   0.198414E-06  -0.665944E-08
  2437   0.932681E+02   0.223376E+01   0.000000E+00  -0.290815E+01   0.143456E-08   0.199185E-06  -0.691163E-08
  2438   0.929390E+02   0.223648E+01   0.000000E+00  -0.285129E+01   0.143347E-08   0.199957E-06  -0.716185E-08
  2439   0.926077E+02   0.223955E+01   0.000000E+00  -0.279549E+01   0.143239E-08   0.200731E-06  -0.741006E-08
  2440   0.922750E+02   0.224300E+01   0.000000E+00  -0.274075E+01   0.143130E-08   0.201507E-06  -0.765625E-08
  2441   0.919407E+02   0.224680E+01   0.000000E+00  -0.268710E+01   0.143022E-08   0.202284E-06  -0.790039E-08
  2442   0.916049E+02   0.225096E+01   0.000000E+00  -0.263455E+01   0.142914E-08   0.203063E-06  -0.814246E-08
  2443   0.912669E+02   0.225546E+01   0.000000E+00  -0.258310E+01   0.142806E-08   0.203842E-06  -0.838243E-08
  2444   0.909282E+02   0.226030E+01   0.000000E+00  -0.253277E+01   0.142698E-08   0.204623E-06  -0.862030E-08
  2445   0.905887E+02   0.226549E+01   0.000000E+00  -0.248358E+01   0.142590E-08   0.205405E-06  -0.885604E-08
  2446   0.902470E+02   0.227099E+01   0.000000E+00  -0.243552E+01   0.142482E-08   0.206187E-06  -0.908961E-08
  2447   0.899053E+02   0.227682E+01   0.000000E+00  -0.238863E+01   0.142375E-08   0.206971E-06  -0.932102E-08
  2448   0.895621E+02   0.228296E+01   0.000000E+00  -0.234290E+01   0.142267E-08   0.207755E-06  -0.955022E-08
  2449   0.892174E+02   0.228941E+01   0.000000E+00  -0.229835E+01   0.142160E-08   0.208539E-06  -0.977720E-08
  2450   0.888728E+02   0.229616E+01   0.000000E+00  -0.225499E+01   0.142053E-08   0.209324E-06  -0.100019E-07
  2451   0.885266E+02   0.230320E+01   0.000000E+00  -0.221282E+01   0.141946E-08   0.210109E-06  -0.102244E-07
  2452   0.881804E+02   0.231053E+01   0.000000E+00  -0.217184E+01   0.141839E-08   0.210894E-06  -0.104446E-07
  2453   0.878328E+02   0.231813E+01   0.000000E+00  -0.213208E+01   0.141732E-08   0.211679E-06  -0.106626E-07
  2454   0.874851E+02   0.232601E+01   0.000000E+00  -0.209355E+01   0.141625E-08   0.212464E-06  -0.108782E-07
  2455   0.871367E+02   0.233416E+01   0.000000E+00  -0.205624E+01   0.141518E-08   0.213248E-06  -0.110916E-07
  2456   0.867883E+02   0.234255E+01   0.000000E+00  -0.202016E+01   0.141412E-08   0.214033E-06  -0.113026E-07
  2457   0.864399E+02   0.235119E+01   0.000000E+00  -0.198531E+01   0.141305E-08   0.214817E-06  -0.115114E-07
  2458   0.860907E+02   0.236008E+01   0.000000E+00  -0.195172E+01   0.141199E-08   0.215600E-06  -0.117178E-07
  2459   0.857409E+02   0.236920E+01   0.000000E+00  -0.191937E+01   0.141093E-08   0.216383E-06  -0.119220E-07
  2460   0.853917E+02   0.237854E+01   0.000000E+00  -0.188826E+01   0.140987E-08   0.217165E-06  -0.121238E-07
  2461   0.850426E+02   0.238811E+01   0.000000E+00  -0.185842E+01   0.140881E-08   0.217947E-06  -0.123233E-07
  2462   0.846927E+02   0.239788E+01   0.000000E+00  -0.182983E+01   0.140775E-08   0.218727E-06  -0.125204E-07
  2463   0.843442E+02   0.240786E+01   0.000000E+00  -0.180250E+01   0.140669E-08   0.219507E-06  -0.127152E-07
  2464   0.839951E+02   0.241804E+01   0.000000E+00  -0.177644E+01   0.140564E-08   0.220285E-06  -0.129077E-07
  2465   0.836467E+02   0.242840E+01   0.000000E+00  -0.175164E+01   0.140458E-08   0.221062E-06  -0.130977E-07
  2466   0.832983E+02   0.243894E+01   0.000000E+00  -0.172810E+01   0.140353E-08   0.221837E-06  -0.132855E-07
  2467   0.829506E+02   0.244965E+01   0.000000E+00  -0.170582E+01   0.140247E-08   0.222612E-06  -0.134708E-07
  2468   0.826037E+02   0.246053E+01   0.000000E+00  -0.168481E+01   0.140142E-08   0.223384E-06  -0.136538E-07
  2469   0.822575E+02   0.247156E+01   0.000000E+00  -0.166506E+01   0.140037E-08   0.224155E-06  -0.138344E-07
  2470   0.819113E+02   0.248275E+01   0.000000E+00  -0.164657E+01   0.139932E-08   0.224924E-06  -0.140126E-07
  2471   0.815666E+02   0.249407E+01   0.000000E+00  -0.162934E+01   0.139827E-08   0.225692E-06  -0.141884E-07
  2472   0.812226E+02   0.250552E+01   0.000000E+00  -0.161336E+01   0.139722E-08   0.226457E-06  -0.143618E-07
  2473   0.808794E+02   0.251710E+01   0.000000E+00  -0.159864E+01   0.139618E-08   0.227221E-06  -0.145328E-07
  2474   0.805370E+02   0.252879E+01   0.000000E+00  -0.158516E+01   0.139513E-08   0.227982E-06  -0.147013E-07
  2475   0.801960E+02   0.254059E+01   0.000000E+00  -0.157294E+01   0.139409E-08   0.228741E-06  -0.148675E-07
  2476   0.798557E+02   0.255250E+01   0.000000E+00  -0.156197E+01   0.139305E-08   0.229497E-06  -0.150312E-07
  2477   0.795170E+02   0.256450E+01   0.000000E+00  -0.155222E+01   0.139200E-08   0.230251E-06  -0.151925E-07
  2478   0.791797E+02   0.257658E+01   0.000000E+00  -0.154371E+01   0.139096E-08   0.231003E-06  -0.153513E-07
  2479   0.788439E+02   0.258873E+01   0.000000E+00  -0.153642E+01   0.138992E-08   0.231751E-06  -0.155077E-07
  2480   0.785089E+02   0.260096E+01   0.000000E+00  -0.153035E+01   0.138888E-08   0.232497E-06  -0.156616E-07
  2481   0.781760E+02   0.261325E+01   0.000000E+00  -0.152548E+01   0.138785E-08   0.233241E-06  -0.158130E-07
  2482   0.778447E+02   0.262560E+01   0.000000E+00  -0.152182E+01   0.138681E-08   0.233981E-06  -0.159620E-07
  2483   0.775149E+02   0.263800E+01   0.000000E+00  -0.151935E+01   0.138577E-08   0.234718E-06  -0.161085E-07
  2484   0.771865E+02   0.265043E+01   0.000000E+00  -0.151807E+01   0.138474E-08   0.235451E-06  -0.162525E-07
  2485   0.768604E+02   0.266290E+01   0.000000E+00  -0.151797E+01   0.138371E-08   0.236182E-06  -0.163940E-07
  2486   0.765365E+02   0.267539E+01   0.000000E+00  -0.151903E+01   0.138267E-08   0.236909E-06  -0.165331E-07
  2487   0.762141E+02   0.268789E+01   0.000000E+00  -0.152125E+01   0.138164E-08   0.237632E-06  -0.166696E-07
  2488   0.758939E+02   0.270041E+01   0.000000E+00  -0.152463E+01   0.138061E-08   0.238352E-06  -0.168036E-07
  2489   0.755752E+02   0.271292E+01   0.000000E+00  -0.152915E+01   0.137958E-08   0.239069E-06  -0.169351E-07
  2490   0.752587E+02   0.272543E+01   0.000000E+00  -0.153480E+01   0.137856E-08   0.239781E-06  -0.170640E-07
  2491   0.749452E+02   0.273792E+01   0.000000E+00  -0.154157E+01   0.137753E-08   0.240489E-06  -0.171904E-07
  2492   0.746332E+02   0.275039E+01   0.000000E+00  -0.154944E+01   0.137650E-08   0.241194E-06  -0.173143E-07
  2493   0.743234E+02   0.276283E+01   0.000000E+00  -0.155842E+01   0.137548E-08   0.241894E-06  -0.174357E-07
  2494   0.740163E+02   0.277525E+01   0.000000E+00  -0.156847E+01   0.137445E-08   0.242590E-06  -0.175545E-07
  2495   0.737114E+02   0.278761E+01   0.000000E+00  -0.157959E+01   0.137343E-08   0.243282E-06  -0.176707E-07
  2496   0.734090E+02   0.279992E+01   0.000000E+00  -0.159177E+01   0.137241E-08   0.243969E-06  -0.177843E-07
  2497   0.731091E+02   0.281218E+01   0.000000E+00  -0.160500E+01   0.137139E-08   0.244652E-06  -0.178954E-07
  2498   0.728118E+02   0.282438E+01   0.000000E+00  -0.161925E+01   0.137037E-08   0.245330E-06  -0.180039E-07
  2499   0.725171E+02   0.283649E+01   0.000000E+00  -0.163453E+01   0.136935E-08   0.246003E-06  -0.181099E-07
  2500   0.722250E+02   0.284854E+01   0.000000E+00  -0.165080E+01   0.136834E-08   0.246672E-06  -0.182132E-07
  2501   0.719356E+02   0.286049E+01   0.000000E+00  -0.166807E+01   0.136732E-08   0.247335E-06  -0.183139E-07
  2502   0.716489E+02   0.287234E+01   0.000000E+00  -0.168630E+01   0.136630E-08   0.247993E-06  -0.184120E-07
  2503   0.713650E+02   0.288410E+01   0.000000E+00  -0.170551E+01   0.136529E-08   0.248647E-06  -0.185076E-07
  2504   0.710839E+02   0.289574E+01   0.000000E+00  -0.172565E+01   0.136428E-08   0.249295E-06  -0.186006E-07
  2505   0.708057E+02   0.290728E+01   0.000000E+00  -0.174672E+01   0.136326E-08   0.249938E-06  -0.186909E-07
  2506   0.705303E+02   0.291869E+01   0.000000E+00  -0.176871E+01   0.136225E-08   0.250576E-06  -0.187788E-07
  2507   0.702580E+02   0.292998E+01   0.000000E+00  -0.179158E+01   0.136124E-08   0.251208E-06  -0.188640E-07
  2508   0.699886E+02   0.294113E+01   0.000000E+00  -0.181534E+01   0.136024E-08   0.251835E-06  -0.189467E-07
  2509   0.697223E+02   0.295215E+01   0.000000E+00  -0.183995E+01   0.135923E-08   0.252457E-06  -0.190269E-07
  2510   0.694590E+02   0.296302E+01   0.000000E+00  -0.186541E+01   0.135822E-08   0.253073E-06  -0.191045E-07
  2511   0.691989E+02   0.297375E+01   0.000000E+00  -0.189170E+01   0.135722E-08   0.253683E-06  -0.191796E-07
  2512   0.689419E+02   0.298431E+01   0.000000E+00  -0.191879E+01   0.135621E-08   0.254288E-06  -0.192521E-07
  2513   0.686880E+02   0.299471E+01   0.000000E+00  -0.194668E+01   0.135521E-08   0.254887E-06  -0.193221E-07
  2514   0.684374E+02   0.300495E+01   0.000000E+00  -0.197533E+01   0.135420E-08   0.255480E-06  -0.193896E-07
  2515   0.681900E+02   0.301501E+01   0.000000E+00  -0.200474E+01   0.135320E-08   0.256067E-06  -0.194546E-07
  2516   0.679459E+02   0.302489E+01   0.000000E+00  -0.203489E+01   0.135220E-08   0.256649E-06  -0.195171E-07
  2517   0.677050E+02   0.303459E+01   0.000000E+00  -0.206575E+01   0.135120E-08   0.257224E-06  -0.195771E-07
  2518   0.674673E+02   0.304410E+01   0.000000E+00  -0.209731E+01   0.135020E-08   0.257794E-06  -0.196346E-07
  2519   0.672331E+02   0.305342E+01   0.000000E+00  -0.212955E+01   0.134921E-08   0.258357E-06  -0.196896E-07
  2520   0.670021E+02   0.306252E+01   0.000000E+00  -0.216245E+01   0.134821E-08   0.258914E-06  -0.197421E-07
  2521   0.667745E+02   0.307143E+01   0.000000E+00  -0.219599E+01   0.134722E-08   0.259465E-06  -0.197921E-07
  2522   0.665503E+02   0.308013E+01   0.000000E+00  -0.223015E+01   0.134622E-08   0.260010E-06  -0.198397E-07
  2523   0.663295E+02   0.308862E+01   0.000000E+00  -0.226491E+01   0.134523E-08   0.260548E-06  -0.198848E-07
  2524   0.661121E+02   0.309689E+01   0.000000E+00  -0.230025E+01   0.134424E-08   0.261080E-06  -0.199275E-07
  2525   0.658982E+02   0.310494E+01   0.000000E+00  -0.233614E+01   0.134324E-08   0.261606E-06  -0.199677E-07
  2526   0.656877E+02   0.311275E+01   0.000000E+00  -0.237257E+01   0.134225E-08   0.262125E-06  -0.200055E-07
  2527   0.654806E+02   0.312035E+01   0.000000E+00  -0.240952E+01   0.134126E-08   0.262637E-06  -0.200408E-07
  2528   0.652770E+02   0.312770E+01   0.000000E+00  -0.244696E+01   0.134028E-08   0.263143E-06  -0.200737E-07
  2529   0.650769E+02   0.313482E+01   0.000000E+00  -0.248487E+01   0.133929E-08   0.263642E-06  -0.201042E-07
  2530   0.648803E+02   0.314170E+01   0.000000E+00  -0.252325E+01   0.133830E-08   0.264134E-06  -0.201323E-07
  2531   0.646872E+02   0.314833E+01   0.000000E+00  -0.256205E+01   0.133732E-08   0.264619E-06  -0.201579E-07
  2532   0.644976E+02   0.315471E+01   0.000000E+00  -0.260127E+01   0.133633E-08   0.265098E-06  -0.201812E-07
  2533   0.643114E+02   0.316084E+01   0.000000E+00  -0.264087E+01   0.133535E-08   0.265569E-06  -0.202020E-07
  2534   0.641289E+02   0.316672E+01   0.000000E+00  -0.268085E+01   0.133437E-08   0.266033E-06  -0.202205E-07
  2535   0.639497E+02   0.317233E+01   0.000000E+00  -0.272117E+01   0.133339E-08   0.266491E-06  -0.202366E-07
  2536   0.637740E+02   0.317768E+01   0.000000E+00  -0.276182E+01   0.133241E-08   0.266941E-06  -0.202503E-07
  2537   0.636019E+02   0.318276E+01   0.000000E+00  -0.280278E+01   0.133143E-08   0.267384E-06  -0.202616E-07
  2538   0.634332E+02   0.318757E+01   0.000000E+00  -0.284402E+01   0.133045E-08   0.267819E-06  -0.202705E-07
  2539   0.632680E+02   0.319211E+01   0.000000E+00  -0.288553E+01   0.132947E-08   0.268247E-06  -0.202771E-07
  2540   0.631063E+02   0.319637E+01   0.000000E+00  -0.292728E+01   0.132850E-08   0.268668E-06  -0.202814E-07
  2541   0.629481E+02   0.320036E+01   0.000000E+00  -0.296925E+01   0.132752E-08   0.269082E-06  -0.202833E-07
  2542   0.627933E+02   0.320406E+01   0.000000E+00  -0.301142E+01   0.132655E-08   0.269487E-06  -0.202828E-07
  2543   0.626421E+02   0.320749E+01   0.000000E+00  -0.305377E+01   0.132557E-08   0.269886E-06  -0.202800E-07
  2544   0.624943E+02   0.321063E+01   0.000000E+00  -0.309627E+01   0.132460E-08   0.270276E-06  -0.202749E-07
  2545   0.623499E+02   0.321350E+01   0.000000E+00  -0.313891E+01   0.132363E-08   0.270659E-06  -0.202675E-07
  2546   0.622090E+02   0.321608E+01   0.000000E+00  -0.318166E+01   0.132266E-08   0.271034E-06  -0.202577E-07
  2547   0.620715E+02   0.321837E+01   0.000000E+00  -0.322451E+01   0.132169E-08   0.271401E-06  -0.202457E-07
  2548   0.619374E+02   0.322038E+01   0.000000E+00  -0.326743E+01   0.132072E-08   0.271760E-06  -0.202313E-07
  2549   0.618066E+02   0.322210E+01   0.000000E+00  -0.331039E+01   0.131976E-08   0.272112E-06  -0.202147E-07
  2550   0.616792E+02   0.322352E+01   0.000000E+00  -0.335339E+01   0.131879E-08   0.272455E-06  -0.201957E-07
  2551   0.615552E+02   0.322465E+01   0.000000E+00  -0.339640E+01   0.131782E-08   0.272790E-06  -0.201745E-07
  2552   0.614345E+02   0.322548E+01   0.000000E+00  -0.343938E+01   0.131686E-08   0.273117E-06  -0.201510E-07
  2553   0.613171E+02   0.322602E+01   0.000000E+00  -0.348235E+01   0.131590E-08   0.273436E-06  -0.201252E-07
  2554   0.612029E+02   0.322626E+01   0.000000E+00  -0.352526E+01   0.131494E-08   0.273747E-06  -0.200972E-07
  2555   0.610920E+02   0.322619E+01   0.000000E+00  -0.356809E+01   0.131397E-08   0.274049E-06  -0.200671E-07
  2556   0.609842E+02   0.322583E+01   0.000000E+00  -0.361083E+01   0.131301E-08   0.274344E-06  -0.200347E-07
  2557   0.608798E+02   0.322517E+01   0.000000E+00  -0.365346E+01   0.131205E-08   0.274630E-06  -0.200001E-07
  2558   0.607784E+02   0.322422E+01   0.000000E+00  -0.369595E+01   0.131110E-08   0.274908E-06  -0.199634E-07
  2559   0.606802E+02   0.322296E+01   0.000000E+00  -0.373830E+01   0.131014E-08   0.275178E-06  -0.199246E-07
  2560   0.605852E+02   0.322140E+01   0.000000E+00  -0.378047E+01   0.130918E-08   0.275440E-06  -0.198836E-07
  2561   0.604932E+02   0.321954E+01   0.000000E+00  -0.382245E+01   0.130823E-08   0.275693E-06  -0.198405E-07
  2562   0.604042E+02   0.321738E+01   0.000000E+00  -0.386423E+01   0.130727E-08   0.275939E-06  -0.197954E-07
  2563   0.603183E+02   0.321492E+01   0.000000E+00  -0.390577E+01   0.130632E-08   0.276176E-06  -0.197481E-07
  2564   0.602353E+02   0.321216E+01   0.000000E+00  -0.394706E+01   0.130537E-08   0.276405E-06  -0.196989E-07
  2565   0.601553E+02   0.320909E+01   0.000000E+00  -0.398809E+01   0.130441E-08   0.276625E-06  -0.196476E-07
  2566   0.600781E+02   0.320573E+01   0.000000E+00  -0.402883E+01   0.130346E-08   0.276838E-06  -0.195943E-07
  2567   0.600038E+02   0.320206E+01   0.000000E+00  -0.406926E+01   0.130251E-08   0.277042E-06  -0.195390E-07
  2568   0.599323E+02   0.319810E+01   0.000000E+00  -0.410937E+01   0.130156E-08   0.277238E-06  -0.194817E-07
  2569   0.598637E+02   0.319383E+01   0.000000E+00  -0.414915E+01   0.130062E-08   0.277426E-06  -0.194225E-07
  2570   0.597977E+02   0.318928E+01   0.000000E+00  -0.418857E+01   0.129967E-08   0.277605E-06  -0.193613E-07
  2571   0.597346E+02   0.318443E+01   0.000000E+00  -0.422763E+01   0.129872E-08   0.277776E-06  -0.192982E-07
  2572   0.596740E+02   0.317929E+01   0.000000E+00  -0.426629E+01   0.129778E-08   0.277939E-06  -0.192333E-07
  2573   0.596162E+02   0.317387E+01   0.000000E+00  -0.430455E+01   0.129683E-08   0.278094E-06  -0.191664E-07
  2574   0.595610E+02   0.316816E+01   0.000000E+00  -0.434239E+01   0.129589E-08   0.278240E-06  -0.190977E-07
  2575   0.595082E+02   0.316217E+01   0.000000E+00  -0.437979E+01   0.129495E-08   0.278378E-06  -0.190271E-07
  2576   0.594581E+02   0.315590E+01   0.000000E+00  -0.441674E+01   0.129401E-08   0.278508E-06  -0.189547E-07
  2577   0.594103E+02   0.314934E+01   0.000000E+00  -0.445322E+01   0.129307E-08   0.278629E-06  -0.188805E-07
  2578   0.593650E+02   0.314250E+01   0.000000E+00  -0.448921E+01   0.129213E-08   0.278742E-06  -0.188045E-07
  2579   0.593221E+02   0.313540E+01   0.000000E+00  -0.452470E+01   0.129119E-08   0.278847E-06  -0.187268E-07
  2580   0.592814E+02   0.312801E+01   0.000000E+00  -0.455968E+01   0.129025E-08   0.278943E-06  -0.186473E-07
  2581   0.592430E+02   0.312035E+01   0.000000E+00  -0.459413E+01   0.128932E-08   0.279032E-06  -0.185660E-07
  2582   0.592069E+02   0.311243E+01   0.000000E+00  -0.462803E+01   0.128838E-08   0.279111E-06  -0.184830E-07
  2583   0.591729E+02   0.310423E+01   0.000000E+00  -0.466137E+01   0.128744E-08   0.279182E-06  -0.183984E-07
  2584   0.591410E+02   0.309578E+01   0.000000E+00  -0.469414E+01   0.128651E-08   0.279245E-06  -0.183120E-07
  2585   0.591112E+02   0.308706E+01   0.000000E+00  -0.472633E+01   0.128558E-08   0.279300E-06  -0.182240E-07
  2586   0.590834E+02   0.307808E+01   0.000000E+00  -0.475792E+01   0.128465E-08   0.279346E-06  -0.181344E-07
  2587   0.590576E+02   0.306885E+01   0.000000E+00  -0.478889E+01   0.128372E-08   0.279384E-06  -0.180431E-07
  2588   0.590337E+02   0.305937E+01   0.000000E+00  -0.481924E+01   0.128279E-08   0.279413E-06  -0.179502E-07
  2589   0.590117E+02   0.304964E+01   0.000000E+00  -0.484896E+01   0.128186E-08   0.279434E-06  -0.178558E-07
  2590   0.589915E+02   0.303966E+01   0.000000E+00  -0.487802E+01   0.128093E-08   0.279446E-06  -0.177597E-07
  2591   0.589730E+02   0.302944E+01   0.000000E+00  -0.490642E+01   0.128000E-08   0.279450E-06  -0.176621E-07
  2592   0.589562E+02   0.301898E+01   0.000000E+00  -0.493415E+01   0.127907E-08   0.279446E-06  -0.175630E-07
  2593   0.589411E+02   0.300828E+01   0.000000E+00  -0.496119E+01   0.127815E-08   0.279433E-06  -0.174624E-07
  2594   0.589276E+02   0.299735E+01   0.000000E+00  -0.498753E+01   0.127722E-08   0.279411E-06  -0.173603E-07
  2595   0.589155E+02   0.298619E+01   0.000000E+00  -0.501317E+01   0.127630E-08   0.279381E-06  -0.172566E-07
  2596   0.589050E+02   0.297480E+01   0.000000E+00  -0.503808E+01   0.127538E-08   0.279343E-06  -0.171516E-07
  2597   0.588958E+02   0.296319E+01   0.000000E+00  -0.506227E+01   0.127446E-08   0.279296E-06  -0.170451E-07
  2598   0.588880E+02   0.295136E+01   0.000000E+00  -0.508573E+01   0.127354E-08   0.279241E-06  -0.169371E-07
  2599   0.588815E+02   0.293932E+01   0.000000E+00  -0.510845E+01   0.127262E-08   0.279177E-06  -0.168278E-07
  2600   0.588763E+02   0.292707E+01   0.000000E+00  -0.513040E+01   0.127170E-08   0.279105E-06  -0.167171E-07
  2601   0.588724E+02   0.291461E+01   0.000000E+00  -0.515160E+01   0.127078E-08   0.279024E-06  -0.166050E-07
  2602   0.588695E+02   0.290196E+01   0.000000E+00  -0.517203E+01   0.126986E-08   0.278935E-06  -0.164915E-07
  2603   0.588678E+02   0.288911E+01   0.000000E+00  -0.519169E+01   0.126895E-08   0.278837E-06  -0.163768E-07
  2604   0.588670E+02   0.287607E+01   0.000000E+00  -0.521056E+01   0.126803E-08   0.278731E-06  -0.162607E-07
  2605   0.588673E+02   0.286284E+01   0.000000E+00  -0.522863E+01   0.126712E-08   0.278616E-06  -0.161433E-07
  2606   0.588684E+02   0.284942E+01   0.000000E+00  -0.524592E+01   0.126620E-08   0.278493E-06  -0.160246E-07
  2607   0.588704E+02   0.283583E+01   0.000000E+00  -0.526238E+01   0.126529E-08   0.278362E-06  -0.159047E-07
  2608   0.588732E+02   0.282206E+01   0.000000E+00  -0.527804E+01   0.126438E-08   0.278223E-06  -0.157836E-07
  2609   0.588768E+02   0.280812E+01   0.000000E+00  -0.529288E+01   0.126347E-08   0.278075E-06  -0.156613E-07
  2610   0.588810E+02   0.279400E+01   0.000000E+00  -0.530689E+01   0.126256E-08   0.277919E-06  -0.155377E-07
  2611   0.588859E+02   0.277973E+01   0.000000E+00  -0.532008E+01   0.126165E-08   0.277756E-06  -0.154130E-07
  2612   0.588913E+02   0.276530E+01   0.000000E+00  -0.533243E+01   0.126074E-08   0.277584E-06  -0.152871E-07
  2613   0.588972E+02   0.275071E+01   0.000000E+00  -0.534395E+01   0.125983E-08   0.277404E-06  -0.151601E-07
  2614   0.589036E+02   0.273598E+01   0.000000E+00  -0.535462E+01   0.125893E-08   0.277216E-06  -0.150319E-07
  2615   0.589105E+02   0.272110E+01   0.000000E+00  -0.536445E+01   0.125802E-08   0.277020E-06  -0.149027E-07
  2616   0.589176E+02   0.270608E+01   0.000000E+00  -0.537343E+01   0.125712E-08   0.276816E-06  -0.147724E-07
  2617   0.589251E+02   0.269092E+01   0.000000E+00  -0.538157E+01   0.125621E-08   0.276605E-06  -0.146410E-07
  2618   0.589328E+02   0.267564E+01   0.000000E+00  -0.538885E+01   0.125531E-08   0.276385E-06  -0.145086E-07
  2619   0.589407E+02   0.266023E+01   0.000000E+00  -0.539528E+01   0.125441E-08   0.276158E-06  -0.143751E-07
  2620   0.589487E+02   0.264470E+01   0.000000E+00  -0.540086E+01   0.125351E-08   0.275923E-06  -0.142407E-07
  2621   0.589568E+02   0.262907E+01   0.000000E+00  -0.540558E+01   0.125261E-08   0.275680E-06  -0.141052E-07
  2622   0.589650E+02   0.261331E+01   0.000000E+00  -0.540945E+01   0.125171E-08   0.275430E-06  -0.139688E-07
  2623   0.589731E+02   0.259746E+01   0.000000E+00  -0.541247E+01   0.125081E-08   0.275172E-06  -0.138315E-07
  2624   0.589812E+02   0.258150E+01   0.000000E+00  -0.541462E+01   0.124991E-08   0.274906E-06  -0.136932E-07
  2625   0.589890E+02   0.256545E+01   0.000000E+00  -0.541592E+01   0.124901E-08   0.274633E-06  -0.135540E-07
  2626   0.589968E+02   0.254931E+01   0.000000E+00  -0.541636E+01   0.124812E-08   0.274353E-06  -0.134139E-07
  2627   0.590043E+02   0.253308E+01   0.000000E+00  -0.541594E+01   0.124722E-08   0.274065E-06  -0.132729E-07
  2628   0.590114E+02   0.251678E+01   0.000000E+00  -0.541467E+01   0.124633E-08   0.273769E-06  -0.131311E-07
  2629   0.590182E+02   0.250040E+01   0.000000E+00  -0.541255E+01   0.124544E-08   0.273467E-06  -0.129885E-07
  2630   0.590245E+02   0.248394E+01   0.000000E+00  -0.540956E+01   0.124454E-08   0.273156E-06  -0.128450E-07
  2631   0.590305E+02   0.246742E+01   0.000000E+00  -0.540572E+01   0.124365E-08   0.272839E-06  -0.127008E-07
  2632   0.590359E+02   0.245085E+01   0.000000E+00  -0.540105E+01   0.124276E-08   0.272514E-06  -0.125558E-07
  2633   0.590408E+02   0.243422E+01   0.000000E+00  -0.539554E+01   0.124187E-08   0.272182E-06  -0.124100E-07
  2634   0.590450E+02   0.241754E+01   0.000000E+00  -0.538918E+01   0.124098E-08   0.271843E-06  -0.122635E-07
  2635   0.590487E+02   0.240083E+01   0.000000E+00  -0.538200E+01   0.124010E-08   0.271497E-06  -0.121162E-07
  2636   0.590517E+02   0.238408E+01   0.000000E+00  -0.537399E+01   0.123921E-08   0.271144E-06  -0.119683E-07
  2637   0.590540E+02   0.236729E+01   0.000000E+00  -0.536517E+01   0.123832E-08   0.270784E-06  -0.118197E-07
  2638   0.590555E+02   0.235048E+01   0.000000E+00  -0.535552E+01   0.123744E-08   0.270416E-06  -0.116704E-07
  2639   0.590562E+02   0.233366E+01   0.000000E+00  -0.534506E+01   0.123655E-08   0.270042E-06  -0.115205E-07
  2640   0.590560E+02   0.231681E+01   0.000000E+00  -0.533379E+01   0.123567E-08   0.269661E-06  -0.113699E-07
  2641   0.590550E+02   0.229996E+01   0.000000E+00  -0.532171E+01   0.123479E-08   0.269273E-06  -0.112188E-07
  2642   0.590529E+02   0.228309E+01   0.000000E+00  -0.530882E+01   0.123390E-08   0.268878E-06  -0.110671E-07
  2643   0.590498E+02   0.226622E+01   0.000000E+00  -0.529515E+01   0.123302E-08   0.268476E-06  -0.109148E-07
  2644   0.590457E+02   0.224936E+01   0.000000E+00  -0.528069E+01   0.123214E-08   0.268068E-06  -0.107619E-07
  2645   0.590404E+02   0.223251E+01   0.000000E+00  -0.526543E+01   0.123126E-08   0.267653E-06  -0.106086E-07
  2646   0.590340E+02   0.221566E+01   0.000000E+00  -0.524941E+01   0.123039E-08   0.267231E-06  -0.104547E-07
  2647   0.590265E+02   0.219883E+01   0.000000E+00  -0.523262E+01   0.122951E-08   0.266802E-06  -0.103003E-07
  2648   0.590177E+02   0.218203E+01   0.000000E+00  -0.521506E+01   0.122863E-08   0.266367E-06  -0.101455E-07
  2649   0.590077E+02   0.216526E+01   0.000000E+00  -0.519675E+01   0.122776E-08   0.265926E-06  -0.999022E-08
  2650   0.589963E+02   0.214851E+01   0.000000E+00  -0.517770E+01   0.122688E-08   0.265478E-06  -0.983451E-08
  2651   0.589837E+02   0.213181E+01   0.000000E+00  -0.515790E+01   0.122601E-08   0.265023E-06  -0.967838E-08
  2652   0.589696E+02   0.211515E+01   0.000000E+00  -0.513738E+01   0.122513E-08   0.264562E-06  -0.952186E-08
  2653   0.589541E+02   0.209853E+01   0.000000E+00  -0.511612E+01   0.122426E-08   0.264095E-06  -0.936496E-08
  2654   0.589371E+02   0.208196E+01   0.000000E+00  -0.509415E+01   0.122339E-08   0.263621E-06  -0.920770E-08
  2655   0.589186E+02   0.206544E+01   0.000000E+00  -0.507148E+01   0.122252E-08   0.263141E-06  -0.905011E-08
  2656   0.588985E+02   0.204899E+01   0.000000E+00  -0.504810E+01   0.122165E-08   0.262655E-06  -0.889219E-08
  2657   0.588768E+02   0.203260E+01   0.000000E+00  -0.502403E+01   0.122078E-08   0.262163E-06  -0.873398E-08
  2658   0.588535E+02   0.201628E+01   0.000000E+00  -0.499927E+01   0.121991E-08   0.261665E-06  -0.857547E-08
  2659   0.588286E+02   0.200002E+01   0.000000E+00  -0.497385E+01   0.121905E-08   0.261161E-06  -0.841671E-08
  2660   0.588019E+02   0.198385E+01   0.000000E+00  -0.494777E+01   0.121818E-08   0.260651E-06  -0.825769E-08
  2661   0.587736E+02   0.196776E+01   0.000000E+00  -0.492104E+01   0.121731E-08   0.260136E-06  -0.809844E-08
  2662   0.587436E+02   0.195176E+01   0.000000E+00  -0.489367E+01   0.121645E-08   0.259614E-06  -0.793899E-08
  2663   0.587118E+02   0.193585E+01   0.000000E+00  -0.486568E+01   0.121558E-08   0.259087E-06  -0.777934E-08
  2664   0.586783E+02   0.192002E+01   0.000000E+00  -0.483707E+01   0.121472E-08   0.258554E-06  -0.761951E-08
  2665   0.586429E+02   0.190431E+01   0.000000E+00  -0.480788E+01   0.121386E-08   0.258016E-06  -0.745954E-08
  2666   0.586057E+02   0.188869E+01   0.000000E+00  -0.477807E+01   0.121300E-08   0.257472E-06  -0.729942E-08
  2667   0.585667E+02   0.187318E+01   0.000000E+00  -0.474770E+01   0.121214E-08   0.256923E-06  -0.713918E-08
  2668   0.585259E+02   0.185778E+01   0.000000E+00  -0.471676E+01   0.121128E-08   0.256368E-06  -0.697884E-08
  2669   0.584831E+02   0.184250E+01   0.000000E+00  -0.468526E+01   0.121042E-08   0.255808E-06  -0.681842E-08
  2670   0.584384E+02   0.182733E+01   0.000000E+00  -0.465321E+01   0.120956E-08   0.255243E-06  -0.665793E-08
  2671   0.583918E+02   0.181229E+01   0.000000E+00  -0.462063E+01   0.120870E-08   0.254673E-06  -0.649740E-08
  2672   0.583432E+02   0.179738E+01   0.000000E+00  -0.458752E+01   0.120785E-08   0.254098E-06  -0.633684E-08
  2673   0.582926E+02   0.178259E+01   0.000000E+00  -0.455391E+01   0.120699E-08   0.253517E-06  -0.617626E-08
  2674   0.582401E+02   0.176793E+01   0.000000E+00  -0.451981E+01   0.120614E-08   0.252932E-06  -0.601570E-08
  2675   0.581855E+02   0.175341E+01   0.000000E+00  -0.448522E+01   0.120528E-08   0.252342E-06  -0.585516E-08
  2676   0.581289E+02   0.173902E+01   0.000000E+00  -0.445016E+01   0.120443E-08   0.251747E-06  -0.569467E-08
  2677   0.580702E+02   0.172479E+01   0.000000E+00  -0.441464E+01   0.120358E-08   0.251147E-06  -0.553424E-08
  2678   0.580095E+02   0.171069E+01   0.000000E+00  -0.437869E+01   0.120273E-08   0.250542E-06  -0.537390E-08
  2679   0.579468E+02   0.169675E+01   0.000000E+00  -0.434230E+01   0.120188E-08   0.249933E-06  -0.521365E-08
  2680   0.578820E+02   0.168296E+01   0.000000E+00  -0.430551E+01   0.120102E-08   0.249319E-06  -0.505352E-08
  2681   0.578152E+02   0.166932E+01   0.000000E+00  -0.426830E+01   0.120018E-08   0.248701E-06  -0.489353E-08
  2682   0.577462E+02   0.165585E+01   0.000000E+00  -0.423071E+01   0.119933E-08   0.248078E-06  -0.473369E-08
  2683   0.576750E+02   0.164253E+01   0.000000E+00  -0.419274E+01   0.119848E-08   0.247451E-06  -0.457403E-08
  2684   0.576018E+02   0.162938E+01   0.000000E+00  -0.415441E+01   0.119763E-08   0.246819E-06  -0.441455E-08
  2685   0.575264E+02   0.161639E+01   0.000000E+00  -0.411573E+01   0.119679E-08   0.246184E-06  -0.425529E-08
  2686   0.574488E+02   0.160358E+01   0.000000E+00  -0.407671E+01   0.119594E-08   0.245544E-06  -0.409626E-08
  2687   0.573692E+02   0.159094E+01   0.000000E+00  -0.403738E+01   0.119510E-08   0.244900E-06  -0.393747E-08
  2688   0.572874E+02   0.157846E+01   0.000000E+00  -0.399775E+01   0.119426E-08   0.244252E-06  -0.377894E-08
  2689   0.572034E+02   0.156617E+01   0.000000E+00  -0.395781E+01   0.119341E-08   0.243600E-06  -0.362070E-08
  2690   0.571174E+02   0.155406E+01   0.000000E+00  -0.391761E+01   0.119257E-08   0.242944E-06  -0.346276E-08
  2691   0.570292E+02   0.154213E+01   0.000000E+00  -0.387715E+01   0.119173E-08   0.242284E-06  -0.330514E-08
  2692   0.569389E+02   0.153039E+01   0.000000E+00  -0.383645E+01   0.119089E-08   0.241620E-06  -0.314785E-08
  2693   0.568464E+02   0.151883E+01   0.000000E+00  -0.379551E+01   0.119005E-08   0.240953E-06  -0.299092E-08
  2694   0.567518E+02   0.150747E+01   0.000000E+00  -0.375436E+01   0.118921E-08   0.240282E-06  -0.283437E-08
  2695   0.566551E+02   0.149629E+01   0.000000E+00  -0.371300E+01   0.118837E-08   0.239607E-06  -0.267821E-08
  2696   0.565562E+02   0.148530E+01   0.000000E+00  -0.367146E+01   0.118754E-08   0.238929E-06  -0.252246E-08
  2697   0.564553E+02   0.147451E+01   0.000000E+00  -0.362973E+01   0.118670E-08   0.238247E-06  -0.236714E-08
  2698   0.563522E+02   0.146392E+01   0.000000E+00  -0.358785E+01   0.118587E-08   0.237562E-06  -0.221226E-08
  2699   0.562470E+02   0.145352E+01   0.000000E+00  -0.354583E+01   0.118503E-08   0.236874E-06  -0.205786E-08
  2700   0.561396E+02   0.144332E+01   0.000000E+00  -0.350366E+01   0.118420E-08   0.236182E-06  -0.190393E-08
  2701   0.560302E+02   0.143333E+01   0.000000E+00  -0.346138E+01   0.118336E-08   0.235487E-06  -0.175051E-08
  2702   0.559185E+02   0.142353E+01   0.000000E+00  -0.341900E+01   0.118253E-08   0.234789E-06  -0.159760E-08
  2703   0.558049E+02   0.141394E+01   0.000000E+00  -0.337652E+01   0.118170E-08   0.234088E-06  -0.144522E-08
  2704   0.556890E+02   0.140455E+01   0.000000E+00  -0.333396E+01   0.118087E-08   0.233384E-06  -0.129337E-08
  2705   0.555712E+02   0.139537E+01   0.000000E+00  -0.329136E+01   0.118004E-08   0.232677E-06  -0.114207E-08
  2706   0.554511E+02   0.138639E+01   0.000000E+00  -0.324869E+01   0.117921E-08   0.231967E-06  -0.991329E-09
  2707   0.553291E+02   0.137762E+01   0.000000E+00  -0.320599E+01   0.117838E-08   0.231254E-06  -0.841158E-09
  2708   0.552049E+02   0.136906E+01   0.000000E+00  -0.316328E+01   0.117756E-08   0.230539E-06  -0.691569E-09
  2709   0.550788E+02   0.136071E+01   0.000000E+00  -0.312055E+01   0.117673E-08   0.229821E-06  -0.542573E-09
  2710   0.549506E+02   0.135256E+01   0.000000E+00  -0.307784E+01   0.117590E-08   0.229100E-06  -0.394181E-09
  2711   0.548203E+02   0.134464E+01   0.000000E+00  -0.303514E+01   0.117508E-08   0.228376E-06  -0.246405E-09
  2712   0.546882E+02   0.133691E+01   0.000000E+00  -0.299248E+01   0.117425E-08   0.227651E-06  -0.992558E-10
  2713   0.545539E+02   0.132940E+01   0.000000E+00  -0.294987E+01   0.117343E-08   0.226922E-06   0.472549E-10
  2714   0.544178E+02   0.132211E+01   0.000000E+00  -0.290732E+01   0.117261E-08   0.226192E-06   0.193116E-09
  2715   0.542797E+02   0.131503E+01   0.000000E+00  -0.286486E+01   0.117179E-08   0.225459E-06   0.338316E-09
  2716   0.541397E+02   0.130815E+01   0.000000E+00  -0.282248E+01   0.117096E-08   0.224724E-06   0.482844E-09
  2717   0.539977E+02   0.130149E+01   0.000000E+00  -0.278019E+01   0.117014E-08   0.223987E-06   0.626688E-09
  2718   0.538538E+02   0.129505E+01   0.000000E+00  -0.273802E+01   0.116932E-08   0.223247E-06   0.769837E-09
  2719   0.537081E+02   0.128881E+01   0.000000E+00  -0.269598E+01   0.116851E-08   0.222506E-06   0.912279E-09
  2720   0.535604E+02   0.128278E+01   0.000000E+00  -0.265408E+01   0.116769E-08   0.221763E-06   0.105400E-08
  2721   0.534108E+02   0.127697E+01   0.000000E+00  -0.261233E+01   0.116687E-08   0.221018E-06   0.119500E-08
  2722   0.532595E+02   0.127136E+01   0.000000E+00  -0.257075E+01   0.116605E-08   0.220271E-06   0.133526E-08
  2723   0.531064E+02   0.126597E+01   0.000000E+00  -0.252934E+01   0.116524E-08   0.219522E-06   0.147476E-08
  2724   0.529516E+02   0.126079E+01   0.000000E+00  -0.248813E+01   0.116442E-08   0.218772E-06   0.161350E-08
  2725   0.527950E+02   0.125582E+01   0.000000E+00  -0.244712E+01   0.116361E-08   0.218020E-06   0.175147E-08
  2726   0.526367E+02   0.125106E+01   0.000000E+00  -0.240632E+01   0.116280E-08   0.217266E-06   0.188865E-08
  2727   0.524768E+02   0.124651E+01   0.000000E+00  -0.236576E+01   0.116198E-08   0.216511E-06   0.202503E-08
  2728   0.523153E+02   0.124216E+01   0.000000E+00  -0.232543E+01   0.116117E-08   0.215755E-06   0.216061E-08
  2729   0.521523E+02   0.123802E+01   0.000000E+00  -0.228536E+01   0.116036E-08   0.214997E-06   0.229536E-08
  2730   0.519876E+02   0.123409E+01   0.000000E+00  -0.224556E+01   0.115955E-08   0.214238E-06   0.242929E-08
  2731   0.518215E+02   0.123037E+01   0.000000E+00  -0.220602E+01   0.115874E-08   0.213477E-06   0.256237E-08
  2732   0.516538E+02   0.122685E+01   0.000000E+00  -0.216678E+01   0.115793E-08   0.212716E-06   0.269460E-08
  2733   0.514846E+02   0.122353E+01   0.000000E+00  -0.212783E+01   0.115712E-08   0.211953E-06   0.282596E-08
  2734   0.513140E+02   0.122042E+01   0.000000E+00  -0.208920E+01   0.115632E-08   0.211189E-06   0.295645E-08
  2735   0.511419E+02   0.121750E+01   0.000000E+00  -0.205087E+01   0.115551E-08   0.210425E-06   0.308605E-08
  2736   0.509685E+02   0.121479E+01   0.000000E+00  -0.201288E+01   0.115470E-08   0.209659E-06   0.321475E-08
  2737   0.507937E+02   0.121227E+01   0.000000E+00  -0.197523E+01   0.115390E-08   0.208893E-06   0.334254E-08
  2738   0.506175E+02   0.120994E+01   0.000000E+00  -0.193794E+01   0.115309E-08   0.208126E-06   0.346941E-08
  2739   0.504401E+02   0.120781E+01   0.000000E+00  -0.190099E+01   0.115229E-08   0.207358E-06   0.359534E-08
  2740   0.502615E+02   0.120588E+01   0.000000E+00  -0.186443E+01   0.115149E-08   0.206590E-06   0.372034E-08
  2741   0.500816E+02   0.120413E+01   0.000000E+00  -0.182824E+01   0.115069E-08   0.205821E-06   0.384437E-08
  2742   0.499005E+02   0.120258E+01   0.000000E+00  -0.179244E+01   0.114988E-08   0.205052E-06   0.396744E-08
  2743   0.497183E+02   0.120122E+01   0.000000E+00  -0.175704E+01   0.114908E-08   0.204282E-06   0.408953E-08
  2744   0.495349E+02   0.120004E+01   0.000000E+00  -0.172206E+01   0.114828E-08   0.203512E-06   0.421063E-08
  2745   0.493505E+02   0.119904E+01   0.000000E+00  -0.168748E+01   0.114748E-08   0.202741E-06   0.433073E-08
  2746   0.491650E+02   0.119823E+01   0.000000E+00  -0.165334E+01   0.114669E-08   0.201970E-06   0.444982E-08
  2747   0.489784E+02   0.119759E+01   0.000000E+00  -0.161962E+01   0.114589E-08   0.201199E-06   0.456788E-08
  2748   0.487909E+02   0.119714E+01   0.000000E+00  -0.158635E+01   0.114509E-08   0.200428E-06   0.468491E-08
  2749   0.486023E+02   0.119687E+01   0.000000E+00  -0.155353E+01   0.114430E-08   0.199657E-06   0.480089E-08
  2750   0.484129E+02   0.119676E+01   0.000000E+00  -0.152117E+01   0.114350E-08   0.198886E-06   0.491581E-08
  2751   0.482225E+02   0.119682E+01   0.000000E+00  -0.148927E+01   0.114271E-08   0.198116E-06   0.502967E-08
  2752   0.480314E+02   0.119706E+01   0.000000E+00  -0.145785E+01   0.114191E-08   0.197345E-06   0.514245E-08
  2753   0.478394E+02   0.119746E+01   0.000000E+00  -0.142691E+01   0.114112E-08   0.196574E-06   0.525416E-08
  2754   0.476466E+02   0.119802E+01   0.000000E+00  -0.139646E+01   0.114033E-08   0.195804E-06   0.536479E-08
  2755   0.474532E+02   0.119876E+01   0.000000E+00  -0.136651E+01   0.113954E-08   0.195034E-06   0.547433E-08
  2756   0.472591E+02   0.119964E+01   0.000000E+00  -0.133706E+01   0.113875E-08   0.194265E-06   0.558278E-08
  2757   0.470644E+02   0.120069E+01   0.000000E+00  -0.130811E+01   0.113796E-08   0.193496E-06   0.569015E-08
  2758   0.468690E+02   0.120189E+01   0.000000E+00  -0.127969E+01   0.113717E-08   0.192727E-06   0.579642E-08
  2759   0.466731E+02   0.120324E+01   0.000000E+00  -0.125179E+01   0.113638E-08   0.191959E-06   0.590159E-08
  2760   0.464766E+02   0.120474E+01   0.000000E+00  -0.122440E+01   0.113559E-08   0.191192E-06   0.600565E-08
  2761   0.462796E+02   0.120638E+01   0.000000E+00  -0.119756E+01   0.113480E-08   0.190425E-06   0.610861E-08
  2762   0.460821E+02   0.120817E+01   0.000000E+00  -0.117125E+01   0.113402E-08   0.189660E-06   0.621047E-08
  2763   0.458842E+02   0.121010E+01   0.000000E+00  -0.114549E+01   0.113323E-08   0.188895E-06   0.631120E-08
  2764   0.456858E+02   0.121217E+01   0.000000E+00  -0.112027E+01   0.113245E-08   0.188130E-06   0.641082E-08
  2765   0.454871E+02   0.121436E+01   0.000000E+00  -0.109561E+01   0.113166E-08   0.187367E-06   0.650932E-08
  2766   0.452881E+02   0.121670E+01   0.000000E+00  -0.107149E+01   0.113088E-08   0.186605E-06   0.660669E-08
  2767   0.450888E+02   0.121916E+01   0.000000E+00  -0.104794E+01   0.113010E-08   0.185844E-06   0.670294E-08
  2768   0.448893E+02   0.122175E+01   0.000000E+00  -0.102495E+01   0.112931E-08   0.185084E-06   0.679805E-08
  2769   0.446896E+02   0.122446E+01   0.000000E+00  -0.100254E+01   0.112853E-08   0.184325E-06   0.689203E-08
  2770   0.444897E+02   0.122729E+01   0.000000E+00  -0.980683E+00   0.112775E-08   0.183568E-06   0.698487E-08
  2771   0.442896E+02   0.123024E+01   0.000000E+00  -0.959408E+00   0.112697E-08   0.182812E-06   0.707656E-08
  2772   0.440895E+02   0.123330E+01   0.000000E+00  -0.938706E+00   0.112619E-08   0.182057E-06   0.716710E-08
  2773   0.438893E+02   0.123647E+01   0.000000E+00  -0.918583E+00   0.112542E-08   0.181303E-06   0.725650E-08
  2774   0.436891E+02   0.123975E+01   0.000000E+00  -0.899039E+00   0.112464E-08   0.180551E-06   0.734474E-08
  2775   0.434889E+02   0.124313E+01   0.000000E+00  -0.880075E+00   0.112386E-08   0.179801E-06   0.743182E-08
  2776   0.432887E+02   0.124661E+01   0.000000E+00  -0.861705E+00   0.112309E-08   0.179052E-06   0.751774E-08
  2777   0.430886E+02   0.125019E+01   0.000000E+00  -0.843914E+00   0.112231E-08   0.178305E-06   0.760249E-08
  2778   0.428887E+02   0.125387E+01   0.000000E+00  -0.826718E+00   0.112154E-08   0.177560E-06   0.768608E-08
  2779   0.426889E+02   0.125763E+01   0.000000E+00  -0.810101E+00   0.112076E-08   0.176816E-06   0.776849E-08
  2780   0.424893E+02   0.126149E+01   0.000000E+00  -0.794079E+00   0.111999E-08   0.176074E-06   0.784972E-08
  2781   0.422900E+02   0.126543E+01   0.000000E+00  -0.778643E+00   0.111922E-08   0.175335E-06   0.792978E-08
  2782   0.420910E+02   0.126945E+01   0.000000E+00  -0.763794E+00   0.111845E-08   0.174597E-06   0.800864E-08
  2783   0.418923E+02   0.127355E+01   0.000000E+00  -0.749540E+00   0.111767E-08   0.173861E-06   0.808632E-08
  2784   0.416941E+02   0.127771E+01   0.000000E+00  -0.735876E+00   0.111690E-08   0.173127E-06   0.816281E-08
  2785   0.414962E+02   0.128196E+01   0.000000E+00  -0.722799E+00   0.111613E-08   0.172395E-06   0.823810E-08
  2786   0.412987E+02   0.128627E+01   0.000000E+00  -0.710311E+00   0.111537E-08   0.171666E-06   0.831220E-08
  2787   0.411018E+02   0.129065E+01   0.000000E+00  -0.698411E+00   0.111460E-08   0.170939E-06   0.838509E-08
  2788   0.409053E+02   0.129509E+01   0.000000E+00  -0.687100E+00   0.111383E-08   0.170214E-06   0.845677E-08
  2789   0.407093E+02   0.129959E+01   0.000000E+00  -0.676375E+00   0.111306E-08   0.169492E-06   0.852724E-08
  2790   0.405140E+02   0.130414E+01   0.000000E+00  -0.666236E+00   0.111230E-08   0.168772E-06   0.859650E-08
  2791   0.403193E+02   0.130874E+01   0.000000E+00  -0.656683E+00   0.111153E-08   0.168054E-06   0.866454E-08
  2792   0.401252E+02   0.131339E+01   0.000000E+00  -0.647712E+00   0.111077E-08   0.167339E-06   0.873136E-08
  2793   0.399318E+02   0.131809E+01   0.000000E+00  -0.639322E+00   0.111000E-08   0.166627E-06   0.879695E-08
  2794   0.397391E+02   0.132283E+01   0.000000E+00  -0.631510E+00   0.110924E-08   0.165918E-06   0.886131E-08
  2795   0.395472E+02   0.132760E+01   0.000000E+00  -0.624274E+00   0.110848E-08   0.165211E-06   0.892444E-08
  2796   0.393560E+02   0.133241E+01   0.000000E+00  -0.617612E+00   0.110772E-08   0.164507E-06   0.898634E-08
  2797   0.391656E+02   0.133725E+01   0.000000E+00  -0.611521E+00   0.110695E-08   0.163806E-06   0.904699E-08
  2798   0.389761E+02   0.134212E+01   0.000000E+00  -0.606000E+00   0.110619E-08   0.163108E-06   0.910640E-08
  2799   0.387875E+02   0.134701E+01   0.000000E+00  -0.601042E+00   0.110543E-08   0.162412E-06   0.916456E-08
  2800   0.385997E+02   0.135193E+01   0.000000E+00  -0.596647E+00   0.110468E-08   0.161720E-06   0.922147E-08
  2801   0.384129E+02   0.135686E+01   0.000000E+00  -0.592810E+00   0.110392E-08   0.161031E-06   0.927713E-08
  2802   0.382271E+02   0.136180E+01   0.000000E+00  -0.589527E+00   0.110316E-08   0.160345E-06   0.933153E-08
  2803   0.380422E+02   0.136676E+01   0.000000E+00  -0.586796E+00   0.110240E-08   0.159663E-06   0.938468E-08
  2804   0.378584E+02   0.137173E+01   0.000000E+00  -0.584612E+00   0.110165E-08   0.158983E-06   0.943659E-08
  2805   0.376757E+02   0.137670E+01   0.000000E+00  -0.582971E+00   0.110089E-08   0.158307E-06   0.948726E-08
  2806   0.374939E+02   0.138167E+01   0.000000E+00  -0.581870E+00   0.110014E-08   0.157634E-06   0.953669E-08
  2807   0.373133E+02   0.138664E+01   0.000000E+00  -0.581305E+00   0.109938E-08   0.156964E-06   0.958488E-08
  2808   0.371339E+02   0.139161E+01   0.000000E+00  -0.581270E+00   0.109863E-08   0.156298E-06   0.963184E-08
  2809   0.369555E+02   0.139656E+01   0.000000E+00  -0.581762E+00   0.109788E-08   0.155635E-06   0.967757E-08
  2810   0.367783E+02   0.140150E+01   0.000000E+00  -0.582777E+00   0.109712E-08   0.154975E-06   0.972207E-08
  2811   0.366023E+02   0.140643E+01   0.000000E+00  -0.584310E+00   0.109637E-08   0.154319E-06   0.976535E-08
  2812   0.364276E+02   0.141134E+01   0.000000E+00  -0.586355E+00   0.109562E-08   0.153666E-06   0.980741E-08
  2813   0.362541E+02   0.141623E+01   0.000000E+00  -0.588906E+00   0.109487E-08   0.153017E-06   0.984825E-08
  2814   0.360818E+02   0.142108E+01   0.000000E+00  -0.591956E+00   0.109412E-08   0.152371E-06   0.988788E-08
  2815   0.359109E+02   0.142592E+01   0.000000E+00  -0.595498E+00   0.109337E-08   0.151729E-06   0.992630E-08
  2816   0.357412E+02   0.143073E+01   0.000000E+00  -0.599528E+00   0.109263E-08   0.151091E-06   0.996351E-08
  2817   0.355730E+02   0.143550E+01   0.000000E+00  -0.604036E+00   0.109188E-08   0.150456E-06   0.999951E-08
  2818   0.354061E+02   0.144024E+01   0.000000E+00  -0.609018E+00   0.109113E-08   0.149824E-06   0.100343E-07
  2819   0.352407E+02   0.144493E+01   0.000000E+00  -0.614467E+00   0.109039E-08   0.149197E-06   0.100679E-07
  2820   0.350766E+02   0.144959E+01   0.000000E+00  -0.620376E+00   0.108964E-08   0.148573E-06   0.101003E-07
  2821   0.349139E+02   0.145420E+01   0.000000E+00  -0.626737E+00   0.108890E-08   0.147953E-06   0.101316E-07
  2822   0.347527E+02   0.145877E+01   0.000000E+00  -0.633546E+00   0.108815E-08   0.147336E-06   0.101616E-07
  2823   0.345929E+02   0.146329E+01   0.000000E+00  -0.640795E+00   0.108741E-08   0.146724E-06   0.101904E-07
  2824   0.344347E+02   0.146775E+01   0.000000E+00  -0.648476E+00   0.108667E-08   0.146115E-06   0.102181E-07
  2825   0.342779E+02   0.147217E+01   0.000000E+00  -0.656584E+00   0.108593E-08   0.145510E-06   0.102446E-07
  2826   0.341227E+02   0.147651E+01   0.000000E+00  -0.665111E+00   0.108518E-08   0.144909E-06   0.102699E-07
  2827   0.339690E+02   0.148081E+01   0.000000E+00  -0.674048E+00   0.108444E-08   0.144312E-06   0.102941E-07
  2828   0.338168E+02   0.148504E+01   0.000000E+00  -0.683387E+00   0.108370E-08   0.143719E-06   0.103170E-07
  2829   0.336661E+02   0.148920E+01   0.000000E+00  -0.693121E+00   0.108297E-08   0.143130E-06   0.103389E-07
  2830   0.335170E+02   0.149330E+01   0.000000E+00  -0.703241E+00   0.108223E-08   0.142544E-06   0.103595E-07
  2831   0.333696E+02   0.149732E+01   0.000000E+00  -0.713739E+00   0.108149E-08   0.141963E-06   0.103790E-07
  2832   0.332238E+02   0.150127E+01   0.000000E+00  -0.724608E+00   0.108075E-08   0.141386E-06   0.103973E-07
  2833   0.330795E+02   0.150515E+01   0.000000E+00  -0.735838E+00   0.108002E-08   0.140813E-06   0.104145E-07
  2834   0.329369E+02   0.150896E+01   0.000000E+00  -0.747421E+00   0.107928E-08   0.140245E-06   0.104305E-07
  2835   0.327959E+02   0.151268E+01   0.000000E+00  -0.759350E+00   0.107855E-08   0.139680E-06   0.104454E-07
  2836   0.326566E+02   0.151632E+01   0.000000E+00  -0.771621E+00   0.107781E-08   0.139120E-06   0.104592E-07
  2837   0.325190E+02   0.151988E+01   0.000000E+00  -0.784212E+00   0.107708E-08   0.138564E-06   0.104718E-07
  2838   0.323830E+02   0.152335E+01   0.000000E+00  -0.797129E+00   0.107634E-08   0.138012E-06   0.104832E-07
  2839   0.322487E+02   0.152673E+01   0.000000E+00  -0.810359E+00   0.107561E-08   0.137464E-06   0.104935E-07
  2840   0.321160E+02   0.153001E+01   0.000000E+00  -0.823893E+00   0.107488E-08   0.136921E-06   0.105027E-07
  2841   0.319850E+02   0.153321E+01   0.000000E+00  -0.837717E+00   0.107415E-08   0.136382E-06   0.105108E-07
  2842   0.318558E+02   0.153632E+01   0.000000E+00  -0.851830E+00   0.107342E-08   0.135848E-06   0.105178E-07
  2843   0.317283E+02   0.153932E+01   0.000000E+00  -0.866219E+00   0.107269E-08   0.135318E-06   0.105236E-07
  2844   0.316025E+02   0.154224E+01   0.000000E+00  -0.880867E+00   0.107196E-08   0.134792E-06   0.105283E-07
  2845   0.314784E+02   0.154504E+01   0.000000E+00  -0.895783E+00   0.107123E-08   0.134271E-06   0.105319E-07
  2846   0.313560E+02   0.154776E+01   0.000000E+00  -0.910937E+00   0.107050E-08   0.133755E-06   0.105344E-07
  2847   0.312354E+02   0.155037E+01   0.000000E+00  -0.926335E+00   0.106978E-08   0.133243E-06   0.105358E-07
  2848   0.311166E+02   0.155287E+01   0.000000E+00  -0.941965E+00   0.106905E-08   0.132735E-06   0.105360E-07
  2849   0.309994E+02   0.155528E+01   0.000000E+00  -0.957809E+00   0.106832E-08   0.132233E-06   0.105352E-07
  2850   0.308840E+02   0.155757E+01   0.000000E+00  -0.973869E+00   0.106760E-08   0.131734E-06   0.105333E-07
  2851   0.307704E+02   0.155976E+01   0.000000E+00  -0.990130E+00   0.106687E-08   0.131241E-06   0.105303E-07
  2852   0.306585E+02   0.156183E+01   0.000000E+00  -0.100659E+01   0.106615E-08   0.130752E-06   0.105262E-07
  2853   0.305483E+02   0.156380E+01   0.000000E+00  -0.102323E+01   0.106543E-08   0.130268E-06   0.105210E-07
  2854   0.304399E+02   0.156565E+01   0.000000E+00  -0.104005E+01   0.106470E-08   0.129789E-06   0.105147E-07
  2855   0.303332E+02   0.156738E+01   0.000000E+00  -0.105703E+01   0.106398E-08   0.129314E-06   0.105074E-07
  2856   0.302282E+02   0.156900E+01   0.000000E+00  -0.107417E+01   0.106326E-08   0.128844E-06   0.104990E-07
  2857   0.301250E+02   0.157050E+01   0.000000E+00  -0.109146E+01   0.106254E-08   0.128378E-06   0.104896E-07
  2858   0.300236E+02   0.157188E+01   0.000000E+00  -0.110889E+01   0.106182E-08   0.127918E-06   0.104791E-07
  2859   0.299238E+02   0.157315E+01   0.000000E+00  -0.112645E+01   0.106110E-08   0.127462E-06   0.104675E-07
  2860   0.298258E+02   0.157429E+01   0.000000E+00  -0.114413E+01   0.106038E-08   0.127010E-06   0.104550E-07
  2861   0.297295E+02   0.157531E+01   0.000000E+00  -0.116192E+01   0.105967E-08   0.126564E-06   0.104414E-07
  2862   0.296350E+02   0.157621E+01   0.000000E+00  -0.117981E+01   0.105895E-08   0.126122E-06   0.104268E-07
  2863   0.295421E+02   0.157699E+01   0.000000E+00  -0.119780E+01   0.105823E-08   0.125685E-06   0.104112E-07
  2864   0.294510E+02   0.157764E+01   0.000000E+00  -0.121587E+01   0.105752E-08   0.125252E-06   0.103946E-07
  2865   0.293615E+02   0.157817E+01   0.000000E+00  -0.123402E+01   0.105680E-08   0.124825E-06   0.103770E-07
  2866   0.292737E+02   0.157857E+01   0.000000E+00  -0.125223E+01   0.105609E-08   0.124402E-06   0.103584E-07
  2867   0.291877E+02   0.157884E+01   0.000000E+00  -0.127051E+01   0.105537E-08   0.123983E-06   0.103389E-07
  2868   0.291033E+02   0.157898E+01   0.000000E+00  -0.128883E+01   0.105466E-08   0.123570E-06   0.103183E-07
  2869   0.290206E+02   0.157900E+01   0.000000E+00  -0.130719E+01   0.105395E-08   0.123161E-06   0.102968E-07
  2870   0.289395E+02   0.157889E+01   0.000000E+00  -0.132558E+01   0.105323E-08   0.122757E-06   0.102743E-07
  2871   0.288600E+02   0.157865E+01   0.000000E+00  -0.134399E+01   0.105252E-08   0.122357E-06   0.102509E-07
  2872   0.287822E+02   0.157828E+01   0.000000E+00  -0.136241E+01   0.105181E-08   0.121962E-06   0.102265E-07
  2873   0.287061E+02   0.157779E+01   0.000000E+00  -0.138084E+01   0.105110E-08   0.121572E-06   0.102012E-07
  2874   0.286316E+02   0.157717E+01   0.000000E+00  -0.139927E+01   0.105039E-08   0.121187E-06   0.101750E-07
  2875   0.285586E+02   0.157641E+01   0.000000E+00  -0.141768E+01   0.104968E-08   0.120807E-06   0.101479E-07
  2876   0.284873E+02   0.157554E+01   0.000000E+00  -0.143608E+01   0.104897E-08   0.120431E-06   0.101198E-07
  2877   0.284176E+02   0.157453E+01   0.000000E+00  -0.145443E+01   0.104827E-08   0.120060E-06   0.100908E-07
  2878   0.283494E+02   0.157340E+01   0.000000E+00  -0.147276E+01   0.104756E-08   0.119693E-06   0.100609E-07
  2879   0.282827E+02   0.157213E+01   0.000000E+00  -0.149103E+01   0.104685E-08   0.119332E-06   0.100301E-07
  2880   0.282176E+02   0.157073E+01   0.000000E+00  -0.150925E+01   0.104615E-08   0.118975E-06   0.999846E-08
  2881   0.281541E+02   0.156922E+01   0.000000E+00  -0.152740E+01   0.104544E-08   0.118623E-06   0.996591E-08
  2882   0.280920E+02   0.156757E+01   0.000000E+00  -0.154548E+01   0.104474E-08   0.118275E-06   0.993249E-08
  2883   0.280315E+02   0.156579E+01   0.000000E+00  -0.156349E+01   0.104403E-08   0.117933E-06   0.989820E-08
  2884   0.279724E+02   0.156388E+01   0.000000E+00  -0.158140E+01   0.104333E-08   0.117595E-06   0.986305E-08
  2885   0.279148E+02   0.156185E+01   0.000000E+00  -0.159922E+01   0.104263E-08   0.117262E-06   0.982705E-08
  2886   0.278586E+02   0.155970E+01   0.000000E+00  -0.161694E+01   0.104193E-08   0.116933E-06   0.979020E-08
  2887   0.278038E+02   0.155741E+01   0.000000E+00  -0.163454E+01   0.104122E-08   0.116610E-06   0.975251E-08
  2888   0.277505E+02   0.155500E+01   0.000000E+00  -0.165202E+01   0.104052E-08   0.116291E-06   0.971400E-08
  2889   0.276985E+02   0.155247E+01   0.000000E+00  -0.166938E+01   0.103982E-08   0.115977E-06   0.967466E-08
  2890   0.276480E+02   0.154981E+01   0.000000E+00  -0.168660E+01   0.103912E-08   0.115668E-06   0.963451E-08
  2891   0.275987E+02   0.154702E+01   0.000000E+00  -0.170368E+01   0.103842E-08   0.115363E-06   0.959354E-08
  2892   0.275509E+02   0.154412E+01   0.000000E+00  -0.172061E+01   0.103773E-08   0.115063E-06   0.955177E-08
  2893   0.275043E+02   0.154109E+01   0.000000E+00  -0.173739E+01   0.103703E-08   0.114768E-06   0.950921E-08
  2894   0.274591E+02   0.153794E+01   0.000000E+00  -0.175400E+01   0.103633E-08   0.114478E-06   0.946586E-08
  2895   0.274152E+02   0.153467E+01   0.000000E+00  -0.177045E+01   0.103564E-08   0.114193E-06   0.942173E-08
  2896   0.273724E+02   0.153129E+01   0.000000E+00  -0.178671E+01   0.103494E-08   0.113912E-06   0.937683E-08
  2897   0.273310E+02   0.152778E+01   0.000000E+00  -0.180279E+01   0.103425E-08   0.113636E-06   0.933115E-08
  2898   0.272908E+02   0.152415E+01   0.000000E+00  -0.181868E+01   0.103355E-08   0.113365E-06   0.928472E-08
  2899   0.272517E+02   0.152041E+01   0.000000E+00  -0.183438E+01   0.103286E-08   0.113099E-06   0.923754E-08
  2900   0.272139E+02   0.151655E+01   0.000000E+00  -0.184986E+01   0.103216E-08   0.112837E-06   0.918961E-08
  2901   0.271772E+02   0.151257E+01   0.000000E+00  -0.186515E+01   0.103147E-08   0.112580E-06   0.914094E-08
  2902   0.271416E+02   0.150849E+01   0.000000E+00  -0.188021E+01   0.103078E-08   0.112328E-06   0.909155E-08
  2903   0.271071E+02   0.150428E+01   0.000000E+00  -0.189504E+01   0.103009E-08   0.112081E-06   0.904144E-08
  2904   0.270738E+02   0.149997E+01   0.000000E+00  -0.190966E+01   0.102940E-08   0.111839E-06   0.899061E-08
  2905   0.270415E+02   0.149554E+01   0.000000E+00  -0.192404E+01   0.102871E-08   0.111601E-06   0.893909E-08
  2906   0.270103E+02   0.149100E+01   0.000000E+00  -0.193818E+01   0.102802E-08   0.111368E-06   0.888688E-08
  2907   0.269800E+02   0.148636E+01   0.000000E+00  -0.195207E+01   0.102733E-08   0.111139E-06   0.883398E-08
  2908   0.269508E+02   0.148160E+01   0.000000E+00  -0.196572E+01   0.102664E-08   0.110916E-06   0.878041E-08
  2909   0.269226E+02   0.147675E+01   0.000000E+00  -0.197911E+01   0.102595E-08   0.110697E-06   0.872618E-08
  2910   0.268953E+02   0.147179E+01   0.000000E+00  -0.199224E+01   0.102526E-08   0.110482E-06   0.867130E-08
  2911   0.268690E+02   0.146673E+01   0.000000E+00  -0.200511E+01   0.102458E-08   0.110273E-06   0.861577E-08
  2912   0.268436E+02   0.146157E+01   0.000000E+00  -0.201770E+01   0.102389E-08   0.110068E-06   0.855961E-08
  2913   0.268191E+02   0.145631E+01   0.000000E+00  -0.203002E+01   0.102321E-08   0.109867E-06   0.850282E-08
  2914   0.267955E+02   0.145096E+01   0.000000E+00  -0.204207E+01   0.102252E-08   0.109671E-06   0.844541E-08
  2915   0.267727E+02   0.144550E+01   0.000000E+00  -0.205382E+01   0.102184E-08   0.109480E-06   0.838741E-08
  2916   0.267506E+02   0.143995E+01   0.000000E+00  -0.206529E+01   0.102116E-08   0.109293E-06   0.832880E-08
  2917   0.267294E+02   0.143430E+01   0.000000E+00  -0.207647E+01   0.102047E-08   0.109111E-06   0.826961E-08
  2918   0.267090E+02   0.142857E+01   0.000000E+00  -0.208735E+01   0.101979E-08   0.108934E-06   0.820983E-08
  2919   0.266893E+02   0.142275E+01   0.000000E+00  -0.209793E+01   0.101911E-08   0.108760E-06   0.814949E-08
  2920   0.266704E+02   0.141683E+01   0.000000E+00  -0.210821E+01   0.101843E-08   0.108592E-06   0.808859E-08
  2921   0.266521E+02   0.141083E+01   0.000000E+00  -0.211819E+01   0.101775E-08   0.108428E-06   0.802715E-08
  2922   0.266345E+02   0.140474E+01   0.000000E+00  -0.212785E+01   0.101707E-08   0.108268E-06   0.796516E-08
  2923   0.266176E+02   0.139858E+01   0.000000E+00  -0.213721E+01   0.101639E-08   0.108113E-06   0.790264E-08
  2924   0.266012E+02   0.139233E+01   0.000000E+00  -0.214625E+01   0.101571E-08   0.107962E-06   0.783959E-08
  2925   0.265855E+02   0.138600E+01   0.000000E+00  -0.215497E+01   0.101503E-08   0.107816E-06   0.777604E-08
  2926   0.265704E+02   0.137959E+01   0.000000E+00  -0.216337E+01   0.101435E-08   0.107674E-06   0.771198E-08
  2927   0.265558E+02   0.137312E+01   0.000000E+00  -0.217144E+01   0.101368E-08   0.107536E-06   0.764743E-08
  2928   0.265417E+02   0.136656E+01   0.000000E+00  -0.217920E+01   0.101300E-08   0.107403E-06   0.758240E-08
  2929   0.265281E+02   0.135992E+01   0.000000E+00  -0.218662E+01   0.101232E-08   0.107275E-06   0.751689E-08
  2930   0.265151E+02   0.135323E+01   0.000000E+00  -0.219371E+01   0.101165E-08   0.107150E-06   0.745092E-08
  2931   0.265024E+02   0.134646E+01   0.000000E+00  -0.220047E+01   0.101098E-08   0.107030E-06   0.738449E-08
  2932   0.264902E+02   0.133962E+01   0.000000E+00  -0.220690E+01   0.101030E-08   0.106914E-06   0.731762E-08
  2933   0.264784E+02   0.133273E+01   0.000000E+00  -0.221299E+01   0.100963E-08   0.106803E-06   0.725030E-08
  2934   0.264670E+02   0.132577E+01   0.000000E+00  -0.221874E+01   0.100896E-08   0.106696E-06   0.718257E-08
  2935   0.264559E+02   0.131875E+01   0.000000E+00  -0.222415E+01   0.100828E-08   0.106593E-06   0.711441E-08
  2936   0.264452E+02   0.131168E+01   0.000000E+00  -0.222923E+01   0.100761E-08   0.106494E-06   0.704584E-08
  2937   0.264348E+02   0.130456E+01   0.000000E+00  -0.223397E+01   0.100694E-08   0.106400E-06   0.697688E-08
  2938   0.264247E+02   0.129738E+01   0.000000E+00  -0.223837E+01   0.100627E-08   0.106310E-06   0.690753E-08
  2939   0.264148E+02   0.129014E+01   0.000000E+00  -0.224243E+01   0.100560E-08   0.106224E-06   0.683779E-08
  2940   0.264052E+02   0.128287E+01   0.000000E+00  -0.224615E+01   0.100493E-08   0.106143E-06   0.676768E-08
  2941   0.263958E+02   0.127554E+01   0.000000E+00  -0.224952E+01   0.100426E-08   0.106065E-06   0.669722E-08
  2942   0.263866E+02   0.126817E+01   0.000000E+00  -0.225255E+01   0.100360E-08   0.105992E-06   0.662640E-08
  2943   0.263776E+02   0.126077E+01   0.000000E+00  -0.225524E+01   0.100293E-08   0.105923E-06   0.655524E-08
  2944   0.263687E+02   0.125332E+01   0.000000E+00  -0.225759E+01   0.100226E-08   0.105858E-06   0.648374E-08
  2945   0.263599E+02   0.124582E+01   0.000000E+00  -0.225958E+01   0.100160E-08   0.105797E-06   0.641193E-08
  2946   0.263513E+02   0.123830E+01   0.000000E+00  -0.226123E+01   0.100093E-08   0.105740E-06   0.633979E-08
  2947   0.263427E+02   0.123074E+01   0.000000E+00  -0.226255E+01   0.100026E-08   0.105688E-06   0.626736E-08
  2948   0.263342E+02   0.122315E+01   0.000000E+00  -0.226352E+01   0.999600E-09   0.105639E-06   0.619462E-08
  2949   0.263258E+02   0.121553E+01   0.000000E+00  -0.226415E+01   0.998936E-09   0.105594E-06   0.612160E-08
  2950   0.263173E+02   0.120788E+01   0.000000E+00  -0.226444E+01   0.998273E-09   0.105554E-06   0.604831E-08
  2951   0.263088E+02   0.120022E+01   0.000000E+00  -0.226439E+01   0.997610E-09   0.105518E-06   0.597474E-08
  2952   0.263003E+02   0.119252E+01   0.000000E+00  -0.226399E+01   0.996948E-09   0.105485E-06   0.590092E-08
  2953   0.262917E+02   0.118480E+01   0.000000E+00  -0.226326E+01   0.996287E-09   0.105457E-06   0.582685E-08
  2954   0.262832E+02   0.117707E+01   0.000000E+00  -0.226219E+01   0.995626E-09   0.105432E-06   0.575254E-08
  2955   0.262745E+02   0.116932E+01   0.000000E+00  -0.226079E+01   0.994965E-09   0.105412E-06   0.567799E-08
  2956   0.262657E+02   0.116155E+01   0.000000E+00  -0.225905E+01   0.994305E-09   0.105395E-06   0.560322E-08
  2957   0.262567E+02   0.115378E+01   0.000000E+00  -0.225697E+01   0.993646E-09   0.105382E-06   0.552823E-08
  2958   0.262476E+02   0.114598E+01   0.000000E+00  -0.225457E+01   0.992988E-09   0.105373E-06   0.545304E-08
  2959   0.262383E+02   0.113819E+01   0.000000E+00  -0.225183E+01   0.992330E-09   0.105368E-06   0.537765E-08
  2960   0.262288E+02   0.113038E+01   0.000000E+00  -0.224876E+01   0.991672E-09   0.105366E-06   0.530208E-08
  2961   0.262191E+02   0.112257E+01   0.000000E+00  -0.224537E+01   0.991015E-09   0.105368E-06   0.522632E-08
  2962   0.262092E+02   0.111477E+01   0.000000E+00  -0.224165E+01   0.990359E-09   0.105374E-06   0.515039E-08
  2963   0.261990E+02   0.110695E+01   0.000000E+00  -0.223761E+01   0.989703E-09   0.105383E-06   0.507429E-08
  2964   0.261886E+02   0.109914E+01   0.000000E+00  -0.223325E+01   0.989048E-09   0.105396E-06   0.499805E-08
  2965   0.261778E+02   0.109134E+01   0.000000E+00  -0.222858E+01   0.988393E-09   0.105412E-06   0.492165E-08
  2966   0.261668E+02   0.108354E+01   0.000000E+00  -0.222360E+01   0.987739E-09   0.105432E-06   0.484513E-08
  2967   0.261555E+02   0.107575E+01   0.000000E+00  -0.221830E+01   0.987086E-09   0.105455E-06   0.476847E-08
  2968   0.261437E+02   0.106798E+01   0.000000E+00  -0.221270E+01   0.986433E-09   0.105482E-06   0.469169E-08
  2969   0.261317E+02   0.106021E+01   0.000000E+00  -0.220679E+01   0.985780E-09   0.105512E-06   0.461480E-08
  2970   0.261193E+02   0.105246E+01   0.000000E+00  -0.220058E+01   0.985129E-09   0.105545E-06   0.453781E-08
  2971   0.261065E+02   0.104472E+01   0.000000E+00  -0.219407E+01   0.984478E-09   0.105582E-06   0.446073E-08
  2972   0.260933E+02   0.103700E+01   0.000000E+00  -0.218728E+01   0.983827E-09   0.105622E-06   0.438356E-08
  2973   0.260797E+02   0.102930E+01   0.000000E+00  -0.218018E+01   0.983177E-09   0.105665E-06   0.430632E-08
  2974   0.260656E+02   0.102163E+01   0.000000E+00  -0.217280E+01   0.982527E-09   0.105712E-06   0.422901E-08
  2975   0.260511E+02   0.101398E+01   0.000000E+00  -0.216514E+01   0.981878E-09   0.105761E-06   0.415164E-08
  2976   0.260362E+02   0.100636E+01   0.000000E+00  -0.215719E+01   0.981230E-09   0.105814E-06   0.407422E-08
  2977   0.260208E+02   0.998760E+00   0.000000E+00  -0.214897E+01   0.980582E-09   0.105870E-06   0.399676E-08
  2978   0.260048E+02   0.991190E+00   0.000000E+00  -0.214048E+01   0.979935E-09   0.105928E-06   0.391927E-08
  2979   0.259884E+02   0.983651E+00   0.000000E+00  -0.213172E+01   0.979288E-09   0.105990E-06   0.384175E-08
  2980   0.259715E+02   0.976148E+00   0.000000E+00  -0.212269E+01   0.978642E-09   0.106055E-06   0.376422E-08
  2981   0.259540E+02   0.968683E+00   0.000000E+00  -0.211341E+01   0.977997E-09   0.106123E-06   0.368668E-08
  2982   0.259360E+02   0.961254E+00   0.000000E+00  -0.210388E+01   0.977352E-09   0.106193E-06   0.360914E-08
  2983   0.259175E+02   0.953863E+00   0.000000E+00  -0.209409E+01   0.976707E-09   0.106267E-06   0.353162E-08
  2984   0.258984E+02   0.946509E+00   0.000000E+00  -0.208405E+01   0.976063E-09   0.106343E-06   0.345411E-08
  2985   0.258787E+02   0.939199E+00   0.000000E+00  -0.207379E+01   0.975420E-09   0.106422E-06   0.337664E-08
  2986   0.258585E+02   0.931934E+00   0.000000E+00  -0.206328E+01   0.974777E-09   0.106504E-06   0.329920E-08
  2987   0.258376E+02   0.924714E+00   0.000000E+00  -0.205254E+01   0.974135E-09   0.106589E-06   0.322181E-08
  2988   0.258163E+02   0.917546E+00   0.000000E+00  -0.204157E+01   0.973493E-09   0.106676E-06   0.314447E-08
  2989   0.257942E+02   0.910422E+00   0.000000E+00  -0.203038E+01   0.972852E-09   0.106766E-06   0.306719E-08
  2990   0.257715E+02   0.903350E+00   0.000000E+00  -0.201898E+01   0.972212E-09   0.106858E-06   0.298999E-08
  2991   0.257482E+02   0.896323E+00   0.000000E+00  -0.200735E+01   0.971572E-09   0.106954E-06   0.291286E-08
  2992   0.257242E+02   0.889355E+00   0.000000E+00  -0.199552E+01   0.970933E-09   0.107051E-06   0.283583E-08
  2993   0.256997E+02   0.882439E+00   0.000000E+00  -0.198349E+01   0.970294E-09   0.107151E-06   0.275890E-08
  2994   0.256743E+02   0.875582E+00   0.000000E+00  -0.197125E+01   0.969655E-09   0.107254E-06   0.268207E-08
  2995   0.256484E+02   0.868785E+00   0.000000E+00  -0.195883E+01   0.969018E-09   0.107359E-06   0.260535E-08
  2996   0.256218E+02   0.862040E+00   0.000000E+00  -0.194621E+01   0.968380E-09   0.107466E-06   0.252876E-08
  2997   0.255945E+02   0.855362E+00   0.000000E+00  -0.193342E+01   0.967744E-09   0.107576E-06   0.245231E-08
  2998   0.255665E+02   0.848743E+00   0.000000E+00  -0.192045E+01   0.967108E-09   0.107688E-06   0.237599E-08
  2999   0.255379E+02   0.842191E+00   0.000000E+00  -0.190731E+01   0.966472E-09   0.107802E-06   0.229983E-08
  3000   0.255086E+02   0.835699E+00   0.000000E+00  -0.189401E+01   0.965837E-09   0.107919E-06   0.222382E-08
  3001   0.254786E+02   0.829281E+00   0.000000E+00  -0.188054E+01   0.965203E-09   0.108037E-06   0.214798E-08
  3002   0.254478E+02   0.822922E+00   0.000000E+00  -0.186692E+01   0.964569E-09   0.108158E-06   0.207232E-08
  3003   0.254165E+02   0.816637E+00   0.000000E+00  -0.185316E+01   0.963936E-09   0.108281E-06   0.199684E-08
  3004   0.253843E+02   0.810419E+00   0.000000E+00  -0.183925E+01   0.963303E-09   0.108406E-06   0.192154E-08
  3005   0.253515E+02   0.804276E+00   0.000000E+00  -0.182520E+01   0.962671E-09   0.108534E-06   0.184643E-08
  3006   0.253180E+02   0.798199E+00   0.000000E+00  -0.181102E+01   0.962039E-09   0.108663E-06   0.177153E-08
  3007   0.252837E+02   0.792205E+00   0.000000E+00  -0.179671E+01   0.961408E-09   0.108794E-06   0.169683E-08
  3008   0.252487E+02   0.786277E+00   0.000000E+00  -0.178229E+01   0.960777E-09   0.108927E-06   0.162235E-08
  3009   0.252129E+02   0.780423E+00   0.000000E+00  -0.176773E+01   0.960147E-09   0.109062E-06   0.154808E-08
  3010   0.251765E+02   0.774651E+00   0.000000E+00  -0.175308E+01   0.959518E-09   0.109199E-06   0.147404E-08
  3011   0.251393E+02   0.768953E+00   0.000000E+00  -0.173832E+01   0.958889E-09   0.109337E-06   0.140023E-08
  3012   0.251014E+02   0.763330E+00   0.000000E+00  -0.172345E+01   0.958260E-09   0.109478E-06   0.132666E-08
  3013   0.250627E+02   0.757788E+00   0.000000E+00  -0.170849E+01   0.957633E-09   0.109620E-06   0.125333E-08
  3014   0.250233E+02   0.752328E+00   0.000000E+00  -0.169345E+01   0.957005E-09   0.109764E-06   0.118026E-08
  3015   0.249832E+02   0.746949E+00   0.000000E+00  -0.167832E+01   0.956378E-09   0.109909E-06   0.110744E-08
  3016   0.249424E+02   0.741646E+00   0.000000E+00  -0.166312E+01   0.955752E-09   0.110056E-06   0.103488E-08
  3017   0.249008E+02   0.736427E+00   0.000000E+00  -0.164784E+01   0.955126E-09   0.110205E-06   0.962598E-09
  3018   0.248585E+02   0.731291E+00   0.000000E+00  -0.163249E+01   0.954501E-09   0.110355E-06   0.890590E-09
  3019   0.248154E+02   0.726237E+00   0.000000E+00  -0.161709E+01   0.953877E-09   0.110507E-06   0.818865E-09
  3020   0.247716E+02   0.721268E+00   0.000000E+00  -0.160162E+01   0.953253E-09   0.110660E-06   0.747429E-09
  3021   0.247271E+02   0.716382E+00   0.000000E+00  -0.158611E+01   0.952629E-09   0.110815E-06   0.676289E-09
  3022   0.246818E+02   0.711581E+00   0.000000E+00  -0.157056E+01   0.952006E-09   0.110971E-06   0.605452E-09
  3023   0.246359E+02   0.706866E+00   0.000000E+00  -0.155497E+01   0.951384E-09   0.111128E-06   0.534922E-09
  3024   0.245892E+02   0.702236E+00   0.000000E+00  -0.153934E+01   0.950762E-09   0.111287E-06   0.464708E-09
  3025   0.245418E+02   0.697693E+00   0.000000E+00  -0.152368E+01   0.950140E-09   0.111447E-06   0.394816E-09
  3026   0.244937E+02   0.693236E+00   0.000000E+00  -0.150801E+01   0.949520E-09   0.111608E-06   0.325251E-09
  3027   0.244449E+02   0.688867E+00   0.000000E+00  -0.149232E+01   0.948899E-09   0.111771E-06   0.256020E-09
  3028   0.243953E+02   0.684585E+00   0.000000E+00  -0.147662E+01   0.948279E-09   0.111934E-06   0.187130E-09
  3029   0.243452E+02   0.680392E+00   0.000000E+00  -0.146092E+01   0.947660E-09   0.112099E-06   0.118587E-09
  3030   0.242943E+02   0.676287E+00   0.000000E+00  -0.144522E+01   0.947041E-09   0.112265E-06   0.503980E-10
  3031   0.242428E+02   0.672271E+00   0.000000E+00  -0.142953E+01   0.946423E-09   0.112432E-06  -0.174316E-10
  3032   0.241906E+02   0.668342E+00   0.000000E+00  -0.141384E+01   0.945805E-09   0.112599E-06  -0.848949E-10
  3033   0.241377E+02   0.664502E+00   0.000000E+00  -0.139818E+01   0.945188E-09   0.112768E-06  -0.151985E-09
  3034   0.240842E+02   0.660752E+00   0.000000E+00  -0.138254E+01   0.944571E-09   0.112938E-06  -0.218697E-09
  3035   0.240300E+02   0.657091E+00   0.000000E+00  -0.136692E+01   0.943955E-09   0.113109E-06  -0.285023E-09
  3036   0.239751E+02   0.653518E+00   0.000000E+00  -0.135135E+01   0.943340E-09   0.113280E-06  -0.350957E-09
  3037   0.239196E+02   0.650035E+00   0.000000E+00  -0.133581E+01   0.942725E-09   0.113453E-06  -0.416493E-09
  3038   0.238635E+02   0.646641E+00   0.000000E+00  -0.132031E+01   0.942110E-09   0.113626E-06  -0.481624E-09
  3039   0.238068E+02   0.643336E+00   0.000000E+00  -0.130486E+01   0.941496E-09   0.113800E-06  -0.546344E-09
  3040   0.237494E+02   0.640120E+00   0.000000E+00  -0.128946E+01   0.940883E-09   0.113974E-06  -0.610646E-09
  3041   0.236915E+02   0.636992E+00   0.000000E+00  -0.127413E+01   0.940270E-09   0.114149E-06  -0.674524E-09
  3042   0.236329E+02   0.633955E+00   0.000000E+00  -0.125885E+01   0.939657E-09   0.114325E-06  -0.737973E-09
  3043   0.235738E+02   0.631005E+00   0.000000E+00  -0.124365E+01   0.939045E-09   0.114502E-06  -0.800984E-09
  3044   0.235141E+02   0.628145E+00   0.000000E+00  -0.122852E+01   0.938434E-09   0.114679E-06  -0.863552E-09
  3045   0.234538E+02   0.625372E+00   0.000000E+00  -0.121347E+01   0.937823E-09   0.114856E-06  -0.925670E-09
  3046   0.233930E+02   0.622688E+00   0.000000E+00  -0.119850E+01   0.937212E-09   0.115034E-06  -0.987333E-09
  3047   0.233316E+02   0.620091E+00   0.000000E+00  -0.118362E+01   0.936603E-09   0.115212E-06  -0.104853E-08
  3048   0.232696E+02   0.617582E+00   0.000000E+00  -0.116883E+01   0.935993E-09   0.115391E-06  -0.110926E-08
  3049   0.232071E+02   0.615161E+00   0.000000E+00  -0.115414E+01   0.935384E-09   0.115570E-06  -0.116952E-08
  3050   0.231441E+02   0.612826E+00   0.000000E+00  -0.113954E+01   0.934776E-09   0.115750E-06  -0.122930E-08
  3051   0.230806E+02   0.610578E+00   0.000000E+00  -0.112506E+01   0.934168E-09   0.115929E-06  -0.128858E-08
  3052   0.230166E+02   0.608415E+00   0.000000E+00  -0.111068E+01   0.933561E-09   0.116109E-06  -0.134738E-08
  3053   0.229520E+02   0.606338E+00   0.000000E+00  -0.109642E+01   0.932954E-09   0.116290E-06  -0.140568E-08
  3054   0.228870E+02   0.604347E+00   0.000000E+00  -0.108227E+01   0.932348E-09   0.116470E-06  -0.146350E-08
  3055   0.228216E+02   0.602440E+00   0.000000E+00  -0.106826E+01   0.931742E-09   0.116651E-06  -0.152081E-08
  3056   0.227557E+02   0.600617E+00   0.000000E+00  -0.105436E+01   0.931137E-09   0.116831E-06  -0.157762E-08
  3057   0.226893E+02   0.598878E+00   0.000000E+00  -0.104060E+01   0.930532E-09   0.117012E-06  -0.163394E-08
  3058   0.226226E+02   0.597222E+00   0.000000E+00  -0.102698E+01   0.929928E-09   0.117193E-06  -0.168975E-08
  3059   0.225554E+02   0.595649E+00   0.000000E+00  -0.101349E+01   0.929324E-09   0.117374E-06  -0.174506E-08
  3060   0.224879E+02   0.594157E+00   0.000000E+00  -0.100014E+01   0.928721E-09   0.117555E-06  -0.179986E-08
  3061   0.224198E+02   0.592746E+00   0.000000E+00  -0.986944E+00   0.928118E-09   0.117736E-06  -0.185415E-08
  3062   0.223515E+02   0.591416E+00   0.000000E+00  -0.973900E+00   0.927516E-09   0.117917E-06  -0.190793E-08
  3063   0.222828E+02   0.590165E+00   0.000000E+00  -0.961004E+00   0.926914E-09   0.118098E-06  -0.196120E-08
  3064   0.222137E+02   0.588993E+00   0.000000E+00  -0.948264E+00   0.926313E-09   0.118279E-06  -0.201395E-08
  3065   0.221442E+02   0.587899E+00   0.000000E+00  -0.935687E+00   0.925713E-09   0.118459E-06  -0.206618E-08
  3066   0.220745E+02   0.586883E+00   0.000000E+00  -0.923274E+00   0.925112E-09   0.118640E-06  -0.211790E-08
  3067   0.220044E+02   0.585942E+00   0.000000E+00  -0.911025E+00   0.924513E-09   0.118820E-06  -0.216909E-08
  3068   0.219339E+02   0.585078E+00   0.000000E+00  -0.898946E+00   0.923913E-09   0.119000E-06  -0.221976E-08
  3069   0.218632E+02   0.584288E+00   0.000000E+00  -0.887038E+00   0.923315E-09   0.119180E-06  -0.226990E-08
  3070   0.217923E+02   0.583573E+00   0.000000E+00  -0.875308E+00   0.922717E-09   0.119360E-06  -0.231951E-08
  3071   0.217210E+02   0.582929E+00   0.000000E+00  -0.863757E+00   0.922119E-09   0.119540E-06  -0.236860E-08
  3072   0.216495E+02   0.582359E+00   0.000000E+00  -0.852391E+00   0.921522E-09   0.119719E-06  -0.241715E-08
  3073   0.215777E+02   0.581859E+00   0.000000E+00  -0.841204E+00   0.920925E-09   0.119898E-06  -0.246517E-08
  3074   0.215058E+02   0.581429E+00   0.000000E+00  -0.830203E+00   0.920329E-09   0.120076E-06  -0.251265E-08
  3075   0.214336E+02   0.581069E+00   0.000000E+00  -0.819394E+00   0.919733E-09   0.120254E-06  -0.255959E-08
  3076   0.213612E+02   0.580776E+00   0.000000E+00  -0.808771E+00   0.919138E-09   0.120432E-06  -0.260600E-08
  3077   0.212886E+02   0.580550E+00   0.000000E+00  -0.798349E+00   0.918544E-09   0.120609E-06  -0.265185E-08
  3078   0.212159E+02   0.580391E+00   0.000000E+00  -0.788120E+00   0.917949E-09   0.120786E-06  -0.269717E-08
  3079   0.211431E+02   0.580296E+00   0.000000E+00  -0.778085E+00   0.917356E-09   0.120962E-06  -0.274194E-08
  3080   0.210700E+02   0.580266E+00   0.000000E+00  -0.768249E+00   0.916762E-09   0.121138E-06  -0.278615E-08
  3081   0.209969E+02   0.580297E+00   0.000000E+00  -0.758622E+00   0.916170E-09   0.121313E-06  -0.282982E-08
  3082   0.209236E+02   0.580391E+00   0.000000E+00  -0.749195E+00   0.915578E-09   0.121488E-06  -0.287294E-08
  3083   0.208502E+02   0.580545E+00   0.000000E+00  -0.739972E+00   0.914986E-09   0.121662E-06  -0.291549E-08
  3084   0.207766E+02   0.580757E+00   0.000000E+00  -0.730957E+00   0.914395E-09   0.121835E-06  -0.295750E-08
  3085   0.207031E+02   0.581029E+00   0.000000E+00  -0.722151E+00   0.913804E-09   0.122008E-06  -0.299894E-08
  3086   0.206294E+02   0.581356E+00   0.000000E+00  -0.713554E+00   0.913214E-09   0.122180E-06  -0.303982E-08
  3087   0.205558E+02   0.581740E+00   0.000000E+00  -0.705168E+00   0.912625E-09   0.122351E-06  -0.308013E-08
  3088   0.204820E+02   0.582177E+00   0.000000E+00  -0.696996E+00   0.912035E-09   0.122521E-06  -0.311988E-08
  3089   0.204083E+02   0.582669E+00   0.000000E+00  -0.689038E+00   0.911446E-09   0.122691E-06  -0.315906E-08
  3090   0.203346E+02   0.583212E+00   0.000000E+00  -0.681294E+00   0.910858E-09   0.122860E-06  -0.319767E-08
  3091   0.202609E+02   0.583807E+00   0.000000E+00  -0.673767E+00   0.910271E-09   0.123028E-06  -0.323571E-08
  3092   0.201872E+02   0.584451E+00   0.000000E+00  -0.666458E+00   0.909683E-09   0.123195E-06  -0.327318E-08
  3093   0.201136E+02   0.585144E+00   0.000000E+00  -0.659366E+00   0.909097E-09   0.123362E-06  -0.331007E-08
  3094   0.200400E+02   0.585883E+00   0.000000E+00  -0.652492E+00   0.908510E-09   0.123527E-06  -0.334638E-08
  3095   0.199665E+02   0.586670E+00   0.000000E+00  -0.645839E+00   0.907925E-09   0.123692E-06  -0.338211E-08
  3096   0.198931E+02   0.587499E+00   0.000000E+00  -0.639403E+00   0.907339E-09   0.123855E-06  -0.341725E-08
  3097   0.198198E+02   0.588373E+00   0.000000E+00  -0.633190E+00   0.906754E-09   0.124018E-06  -0.345181E-08
  3098   0.197465E+02   0.589288E+00   0.000000E+00  -0.627196E+00   0.906170E-09   0.124179E-06  -0.348579E-08
  3099   0.196733E+02   0.590245E+00   0.000000E+00  -0.621423E+00   0.905586E-09   0.124340E-06  -0.351917E-08
  3100   0.196004E+02   0.591240E+00   0.000000E+00  -0.615872E+00   0.905003E-09   0.124499E-06  -0.355197E-08
  3101   0.195275E+02   0.592273E+00   0.000000E+00  -0.610541E+00   0.904420E-09   0.124657E-06  -0.358417E-08
  3102   0.194549E+02   0.593344E+00   0.000000E+00  -0.605431E+00   0.903838E-09   0.124815E-06  -0.361578E-08
  3103   0.193824E+02   0.594448E+00   0.000000E+00  -0.600542E+00   0.903256E-09   0.124971E-06  -0.364679E-08
  3104   0.193100E+02   0.595588E+00   0.000000E+00  -0.595874E+00   0.902675E-09   0.125125E-06  -0.367722E-08
  3105   0.192379E+02   0.596760E+00   0.000000E+00  -0.591427E+00   0.902094E-09   0.125279E-06  -0.370705E-08
  3106   0.191660E+02   0.597963E+00   0.000000E+00  -0.587200E+00   0.901513E-09   0.125432E-06  -0.373629E-08
  3107   0.190943E+02   0.599197E+00   0.000000E+00  -0.583192E+00   0.900933E-09   0.125583E-06  -0.376495E-08
  3108   0.190229E+02   0.600458E+00   0.000000E+00  -0.579405E+00   0.900354E-09   0.125733E-06  -0.379301E-08
  3109   0.189517E+02   0.601747E+00   0.000000E+00  -0.575836E+00   0.899775E-09   0.125881E-06  -0.382049E-08
  3110   0.188807E+02   0.603061E+00   0.000000E+00  -0.572486E+00   0.899196E-09   0.126029E-06  -0.384738E-08
  3111   0.188100E+02   0.604401E+00   0.000000E+00  -0.569354E+00   0.898618E-09   0.126175E-06  -0.387368E-08
  3112   0.187396E+02   0.605762E+00   0.000000E+00  -0.566439E+00   0.898041E-09   0.126320E-06  -0.389939E-08
  3113   0.186695E+02   0.607146E+00   0.000000E+00  -0.563741E+00   0.897464E-09   0.126463E-06  -0.392452E-08
  3114   0.185996E+02   0.608549E+00   0.000000E+00  -0.561258E+00   0.896887E-09   0.126605E-06  -0.394906E-08
  3115   0.185301E+02   0.609972E+00   0.000000E+00  -0.558989E+00   0.896311E-09   0.126745E-06  -0.397302E-08
  3116   0.184609E+02   0.611413E+00   0.000000E+00  -0.556933E+00   0.895736E-09   0.126885E-06  -0.399639E-08
  3117   0.183920E+02   0.612869E+00   0.000000E+00  -0.555088E+00   0.895160E-09   0.127022E-06  -0.401918E-08
  3118   0.183236E+02   0.614341E+00   0.000000E+00  -0.553454E+00   0.894586E-09   0.127159E-06  -0.404138E-08
  3119   0.182554E+02   0.615827E+00   0.000000E+00  -0.552029E+00   0.894012E-09   0.127293E-06  -0.406301E-08
  3120   0.181876E+02   0.617325E+00   0.000000E+00  -0.550812E+00   0.893438E-09   0.127427E-06  -0.408405E-08
  3121   0.181203E+02   0.618834E+00   0.000000E+00  -0.549801E+00   0.892865E-09   0.127558E-06  -0.410451E-08
  3122   0.180533E+02   0.620354E+00   0.000000E+00  -0.548994E+00   0.892292E-09   0.127688E-06  -0.412438E-08
  3123   0.179867E+02   0.621881E+00   0.000000E+00  -0.548389E+00   0.891720E-09   0.127817E-06  -0.414368E-08
  3124   0.179205E+02   0.623415E+00   0.000000E+00  -0.547986E+00   0.891148E-09   0.127944E-06  -0.416240E-08
  3125   0.178547E+02   0.624956E+00   0.000000E+00  -0.547782E+00   0.890576E-09   0.128070E-06  -0.418054E-08
  3126   0.177894E+02   0.626501E+00   0.000000E+00  -0.547776E+00   0.890006E-09   0.128193E-06  -0.419810E-08
  3127   0.177245E+02   0.628049E+00   0.000000E+00  -0.547965E+00   0.889435E-09   0.128316E-06  -0.421508E-08
  3128   0.176600E+02   0.629600E+00   0.000000E+00  -0.548347E+00   0.888865E-09   0.128436E-06  -0.423149E-08
  3129   0.175960E+02   0.631151E+00   0.000000E+00  -0.548921E+00   0.888296E-09   0.128555E-06  -0.424732E-08
  3130   0.175325E+02   0.632701E+00   0.000000E+00  -0.549683E+00   0.887727E-09   0.128672E-06  -0.426257E-08
  3131   0.174693E+02   0.634251E+00   0.000000E+00  -0.550632E+00   0.887158E-09   0.128787E-06  -0.427725E-08
  3132   0.174068E+02   0.635797E+00   0.000000E+00  -0.551764E+00   0.886590E-09   0.128901E-06  -0.429135E-08
  3133   0.173446E+02   0.637339E+00   0.000000E+00  -0.553079E+00   0.886023E-09   0.129013E-06  -0.430488E-08
  3134   0.172830E+02   0.638876E+00   0.000000E+00  -0.554573E+00   0.885455E-09   0.129123E-06  -0.431784E-08
  3135   0.172219E+02   0.640406E+00   0.000000E+00  -0.556245E+00   0.884889E-09   0.129231E-06  -0.433022E-08
  3136   0.171613E+02   0.641929E+00   0.000000E+00  -0.558090E+00   0.884323E-09   0.129337E-06  -0.434203E-08
  3137   0.171012E+02   0.643442E+00   0.000000E+00  -0.560107E+00   0.883757E-09   0.129442E-06  -0.435326E-08
  3138   0.170416E+02   0.644946E+00   0.000000E+00  -0.562294E+00   0.883192E-09   0.129544E-06  -0.436393E-08
  3139   0.169826E+02   0.646438E+00   0.000000E+00  -0.564647E+00   0.882627E-09   0.129645E-06  -0.437403E-08
  3140   0.169240E+02   0.647917E+00   0.000000E+00  -0.567164E+00   0.882063E-09   0.129744E-06  -0.438355E-08
  3141   0.168660E+02   0.649383E+00   0.000000E+00  -0.569842E+00   0.881499E-09   0.129841E-06  -0.439251E-08
  3142   0.168086E+02   0.650834E+00   0.000000E+00  -0.572677E+00   0.880935E-09   0.129936E-06  -0.440089E-08
  3143   0.167517E+02   0.652269E+00   0.000000E+00  -0.575668E+00   0.880372E-09   0.130029E-06  -0.440871E-08
  3144   0.166954E+02   0.653687E+00   0.000000E+00  -0.578811E+00   0.879810E-09   0.130120E-06  -0.441596E-08
  3145   0.166396E+02   0.655088E+00   0.000000E+00  -0.582104E+00   0.879248E-09   0.130208E-06  -0.442264E-08
  3146   0.165844E+02   0.656470E+00   0.000000E+00  -0.585542E+00   0.878686E-09   0.130295E-06  -0.442876E-08
  3147   0.165298E+02   0.657832E+00   0.000000E+00  -0.589124E+00   0.878125E-09   0.130380E-06  -0.443431E-08
  3148   0.164758E+02   0.659174E+00   0.000000E+00  -0.592846E+00   0.877565E-09   0.130463E-06  -0.443930E-08
  3149   0.164223E+02   0.660493E+00   0.000000E+00  -0.596704E+00   0.877005E-09   0.130543E-06  -0.444372E-08
  3150   0.163695E+02   0.661790E+00   0.000000E+00  -0.600695E+00   0.876445E-09   0.130622E-06  -0.444758E-08
  3151   0.163172E+02   0.663063E+00   0.000000E+00  -0.604817E+00   0.875886E-09   0.130698E-06  -0.445087E-08
  3152   0.162655E+02   0.664311E+00   0.000000E+00  -0.609065E+00   0.875327E-09   0.130772E-06  -0.445360E-08
  3153   0.162144E+02   0.665533E+00   0.000000E+00  -0.613438E+00   0.874769E-09   0.130844E-06  -0.445578E-08
  3154   0.161639E+02   0.666728E+00   0.000000E+00  -0.617930E+00   0.874211E-09   0.130914E-06  -0.445740E-08
  3155   0.161140E+02   0.667896E+00   0.000000E+00  -0.622540E+00   0.873653E-09   0.130982E-06  -0.445847E-08
  3156   0.160647E+02   0.669035E+00   0.000000E+00  -0.627263E+00   0.873096E-09   0.131047E-06  -0.445900E-08
  3157   0.160160E+02   0.670144E+00   0.000000E+00  -0.632096E+00   0.872540E-09   0.131111E-06  -0.445898E-08
  3158   0.159679E+02   0.671224E+00   0.000000E+00  -0.637035E+00   0.871983E-09   0.131172E-06  -0.445842E-08
  3159   0.159205E+02   0.672271E+00   0.000000E+00  -0.642078E+00   0.871428E-09   0.131231E-06  -0.445733E-08
  3160   0.158736E+02   0.673287E+00   0.000000E+00  -0.647222E+00   0.870873E-09   0.131288E-06  -0.445570E-08
  3161   0.158274E+02   0.674269E+00   0.000000E+00  -0.652461E+00   0.870318E-09   0.131343E-06  -0.445354E-08
  3162   0.157818E+02   0.675217E+00   0.000000E+00  -0.657793E+00   0.869764E-09   0.131395E-06  -0.445085E-08
  3163   0.157367E+02   0.676132E+00   0.000000E+00  -0.663214E+00   0.869210E-09   0.131446E-06  -0.444764E-08
  3164   0.156923E+02   0.677011E+00   0.000000E+00  -0.668721E+00   0.868657E-09   0.131494E-06  -0.444391E-08
  3165   0.156486E+02   0.677854E+00   0.000000E+00  -0.674311E+00   0.868104E-09   0.131540E-06  -0.443966E-08
  3166   0.156054E+02   0.678661E+00   0.000000E+00  -0.679980E+00   0.867551E-09   0.131584E-06  -0.443490E-08
  3167   0.155628E+02   0.679429E+00   0.000000E+00  -0.685724E+00   0.866999E-09   0.131626E-06  -0.442963E-08
  3168   0.155209E+02   0.680161E+00   0.000000E+00  -0.691540E+00   0.866448E-09   0.131666E-06  -0.442386E-08
  3169   0.154796E+02   0.680853E+00   0.000000E+00  -0.697424E+00   0.865897E-09   0.131703E-06  -0.441757E-08
  3170   0.154389E+02   0.681506E+00   0.000000E+00  -0.703372E+00   0.865346E-09   0.131739E-06  -0.441079E-08
  3171   0.153988E+02   0.682118E+00   0.000000E+00  -0.709382E+00   0.864796E-09   0.131772E-06  -0.440351E-08
  3172   0.153593E+02   0.682691E+00   0.000000E+00  -0.715448E+00   0.864246E-09   0.131803E-06  -0.439574E-08
  3173   0.153205E+02   0.683221E+00   0.000000E+00  -0.721570E+00   0.863697E-09   0.131832E-06  -0.438748E-08
  3174   0.152822E+02   0.683710E+00   0.000000E+00  -0.727741E+00   0.863148E-09   0.131858E-06  -0.437873E-08
  3175   0.152446E+02   0.684155E+00   0.000000E+00  -0.733959E+00   0.862599E-09   0.131883E-06  -0.436950E-08
  3176   0.152076E+02   0.684558E+00   0.000000E+00  -0.740220E+00   0.862051E-09   0.131905E-06  -0.435978E-08
  3177   0.151711E+02   0.684918E+00   0.000000E+00  -0.746520E+00   0.861504E-09   0.131925E-06  -0.434959E-08
  3178   0.151353E+02   0.685234E+00   0.000000E+00  -0.752857E+00   0.860957E-09   0.131943E-06  -0.433893E-08
  3179   0.151000E+02   0.685508E+00   0.000000E+00  -0.759230E+00   0.860410E-09   0.131959E-06  -0.432779E-08
  3180   0.150654E+02   0.685736E+00   0.000000E+00  -0.765626E+00   0.859864E-09   0.131973E-06  -0.431619E-08
  3181   0.150313E+02   0.685920E+00   0.000000E+00  -0.772052E+00   0.859318E-09   0.131984E-06  -0.430413E-08
  3182   0.149979E+02   0.686060E+00   0.000000E+00  -0.778492E+00   0.858773E-09   0.131994E-06  -0.429160E-08
  3183   0.149650E+02   0.686155E+00   0.000000E+00  -0.784962E+00   0.858228E-09   0.132001E-06  -0.427862E-08
  3184   0.149328E+02   0.686205E+00   0.000000E+00  -0.791440E+00   0.857684E-09   0.132006E-06  -0.426518E-08
  3185   0.149010E+02   0.686209E+00   0.000000E+00  -0.797925E+00   0.857140E-09   0.132009E-06  -0.425130E-08
  3186   0.148699E+02   0.686167E+00   0.000000E+00  -0.804424E+00   0.856596E-09   0.132009E-06  -0.423696E-08
  3187   0.148394E+02   0.686079E+00   0.000000E+00  -0.810924E+00   0.856053E-09   0.132008E-06  -0.422219E-08
  3188   0.148094E+02   0.685945E+00   0.000000E+00  -0.817424E+00   0.855510E-09   0.132004E-06  -0.420697E-08
  3189   0.147799E+02   0.685764E+00   0.000000E+00  -0.823924E+00   0.854968E-09   0.131998E-06  -0.419132E-08
  3190   0.147511E+02   0.685536E+00   0.000000E+00  -0.830416E+00   0.854427E-09   0.131990E-06  -0.417523E-08
  3191   0.147228E+02   0.685261E+00   0.000000E+00  -0.836901E+00   0.853885E-09   0.131980E-06  -0.415871E-08
  3192   0.146950E+02   0.684939E+00   0.000000E+00  -0.843371E+00   0.853344E-09   0.131967E-06  -0.414177E-08
  3193   0.146678E+02   0.684569E+00   0.000000E+00  -0.849827E+00   0.852804E-09   0.131953E-06  -0.412440E-08
  3194   0.146411E+02   0.684152E+00   0.000000E+00  -0.856260E+00   0.852264E-09   0.131936E-06  -0.410661E-08
  3195   0.146149E+02   0.683689E+00   0.000000E+00  -0.862670E+00   0.851724E-09   0.131917E-06  -0.408840E-08
  3196   0.145892E+02   0.683177E+00   0.000000E+00  -0.869052E+00   0.851185E-09   0.131896E-06  -0.406978E-08
  3197   0.145641E+02   0.682619E+00   0.000000E+00  -0.875410E+00   0.850646E-09   0.131872E-06  -0.405075E-08
  3198   0.145395E+02   0.682012E+00   0.000000E+00  -0.881732E+00   0.850108E-09   0.131847E-06  -0.403132E-08
  3199   0.145155E+02   0.681359E+00   0.000000E+00  -0.888016E+00   0.849570E-09   0.131819E-06  -0.401148E-08
  3200   0.144918E+02   0.680657E+00   0.000000E+00  -0.894264E+00   0.849033E-09   0.131789E-06  -0.399123E-08
  3201   0.144686E+02   0.679908E+00   0.000000E+00  -0.900467E+00   0.848496E-09   0.131757E-06  -0.397060E-08
  3202   0.144461E+02   0.679111E+00   0.000000E+00  -0.906625E+00   0.847959E-09   0.131723E-06  -0.394957E-08
  3203   0.144239E+02   0.678265E+00   0.000000E+00  -0.912731E+00   0.847423E-09   0.131686E-06  -0.392815E-08
  3204   0.144022E+02   0.677373E+00   0.000000E+00  -0.918785E+00   0.846887E-09   0.131648E-06  -0.390635E-08
  3205   0.143809E+02   0.676433E+00   0.000000E+00  -0.924787E+00   0.846352E-09   0.131607E-06  -0.388417E-08
  3206   0.143601E+02   0.675446E+00   0.000000E+00  -0.930730E+00   0.845817E-09   0.131564E-06  -0.386161E-08
  3207   0.143398E+02   0.674412E+00   0.000000E+00  -0.936606E+00   0.845283E-09   0.131518E-06  -0.383868E-08
  3208   0.143199E+02   0.673332E+00   0.000000E+00  -0.942423E+00   0.844749E-09   0.131471E-06  -0.381539E-08
  3209   0.143004E+02   0.672205E+00   0.000000E+00  -0.948180E+00   0.844215E-09   0.131421E-06  -0.379174E-08
  3210   0.142814E+02   0.671032E+00   0.000000E+00  -0.953855E+00   0.843682E-09   0.131369E-06  -0.376773E-08
  3211   0.142627E+02   0.669813E+00   0.000000E+00  -0.959464E+00   0.843150E-09   0.131315E-06  -0.374337E-08
  3212   0.142445E+02   0.668549E+00   0.000000E+00  -0.964998E+00   0.842617E-09   0.131258E-06  -0.371866E-08
  3213   0.142267E+02   0.667239E+00   0.000000E+00  -0.970458E+00   0.842085E-09   0.131199E-06  -0.369361E-08
  3214   0.142093E+02   0.665884E+00   0.000000E+00  -0.975837E+00   0.841554E-09   0.131138E-06  -0.366822E-08
  3215   0.141922E+02   0.664483E+00   0.000000E+00  -0.981126E+00   0.841023E-09   0.131075E-06  -0.364250E-08
  3216   0.141756E+02   0.663038E+00   0.000000E+00  -0.986341E+00   0.840492E-09   0.131009E-06  -0.361645E-08
  3217   0.141593E+02   0.661548E+00   0.000000E+00  -0.991459E+00   0.839962E-09   0.130941E-06  -0.359007E-08
  3218   0.141434E+02   0.660013E+00   0.000000E+00  -0.996488E+00   0.839433E-09   0.130871E-06  -0.356337E-08
  3219   0.141278E+02   0.658434E+00   0.000000E+00  -0.100142E+01   0.838903E-09   0.130799E-06  -0.353635E-08
  3220   0.141125E+02   0.656812E+00   0.000000E+00  -0.100626E+01   0.838374E-09   0.130724E-06  -0.350903E-08
  3221   0.140976E+02   0.655147E+00   0.000000E+00  -0.101101E+01   0.837846E-09   0.130647E-06  -0.348139E-08
  3222   0.140830E+02   0.653439E+00   0.000000E+00  -0.101565E+01   0.837318E-09   0.130567E-06  -0.345345E-08
  3223   0.140687E+02   0.651689E+00   0.000000E+00  -0.102019E+01   0.836790E-09   0.130486E-06  -0.342522E-08
  3224   0.140547E+02   0.649897E+00   0.000000E+00  -0.102464E+01   0.836263E-09   0.130402E-06  -0.339669E-08
  3225   0.140410E+02   0.648064E+00   0.000000E+00  -0.102897E+01   0.835737E-09   0.130315E-06  -0.336787E-08
  3226   0.140276E+02   0.646190E+00   0.000000E+00  -0.103320E+01   0.835210E-09   0.130226E-06  -0.333877E-08
  3227   0.140145E+02   0.644275E+00   0.000000E+00  -0.103732E+01   0.834684E-09   0.130135E-06  -0.330939E-08
  3228   0.140016E+02   0.642321E+00   0.000000E+00  -0.104132E+01   0.834159E-09   0.130042E-06  -0.327973E-08
  3229   0.139891E+02   0.640327E+00   0.000000E+00  -0.104521E+01   0.833634E-09   0.129946E-06  -0.324980E-08
  3230   0.139768E+02   0.638293E+00   0.000000E+00  -0.104899E+01   0.833109E-09   0.129848E-06  -0.321960E-08
  3231   0.139646E+02   0.636222E+00   0.000000E+00  -0.105265E+01   0.832585E-09   0.129747E-06  -0.318914E-08
  3232   0.139528E+02   0.634112E+00   0.000000E+00  -0.105619E+01   0.832061E-09   0.129644E-06  -0.315842E-08
  3233   0.139411E+02   0.631966E+00   0.000000E+00  -0.105961E+01   0.831538E-09   0.129539E-06  -0.312745E-08
  3234   0.139296E+02   0.629783E+00   0.000000E+00  -0.106292E+01   0.831015E-09   0.129431E-06  -0.309624E-08
  3235   0.139184E+02   0.627563E+00   0.000000E+00  -0.106610E+01   0.830492E-09   0.129321E-06  -0.306477E-08
  3236   0.139073E+02   0.625310E+00   0.000000E+00  -0.106915E+01   0.829970E-09   0.129208E-06  -0.303307E-08
  3237   0.138965E+02   0.623022E+00   0.000000E+00  -0.107208E+01   0.829448E-09   0.129094E-06  -0.300113E-08
  3238   0.138858E+02   0.620700E+00   0.000000E+00  -0.107488E+01   0.828927E-09   0.128976E-06  -0.296896E-08
  3239   0.138752E+02   0.618346E+00   0.000000E+00  -0.107756E+01   0.828406E-09   0.128856E-06  -0.293657E-08
  3240   0.138649E+02   0.615959E+00   0.000000E+00  -0.108010E+01   0.827886E-09   0.128734E-06  -0.290395E-08
  3241   0.138547E+02   0.613541E+00   0.000000E+00  -0.108252E+01   0.827365E-09   0.128609E-06  -0.287112E-08
  3242   0.138446E+02   0.611092E+00   0.000000E+00  -0.108481E+01   0.826846E-09   0.128482E-06  -0.283807E-08
  3243   0.138346E+02   0.608612E+00   0.000000E+00  -0.108696E+01   0.826327E-09   0.128353E-06  -0.280481E-08
  3244   0.138248E+02   0.606103E+00   0.000000E+00  -0.108898E+01   0.825808E-09   0.128221E-06  -0.277135E-08
  3245   0.138151E+02   0.603564E+00   0.000000E+00  -0.109087E+01   0.825289E-09   0.128086E-06  -0.273769E-08
  3246   0.138054E+02   0.600998E+00   0.000000E+00  -0.109262E+01   0.824771E-09   0.127949E-06  -0.270384E-08
  3247   0.137959E+02   0.598404E+00   0.000000E+00  -0.109424E+01   0.824254E-09   0.127810E-06  -0.266979E-08
  3248   0.137865E+02   0.595782E+00   0.000000E+00  -0.109571E+01   0.823737E-09   0.127668E-06  -0.263557E-08
  3249   0.137771E+02   0.593136E+00   0.000000E+00  -0.109706E+01   0.823220E-09   0.127524E-06  -0.260115E-08
  3250   0.137678E+02   0.590463E+00   0.000000E+00  -0.109826E+01   0.822703E-09   0.127377E-06  -0.256656E-08
  3251   0.137585E+02   0.587766E+00   0.000000E+00  -0.109933E+01   0.822187E-09   0.127227E-06  -0.253180E-08
  3252   0.137492E+02   0.585045E+00   0.000000E+00  -0.110025E+01   0.821672E-09   0.127076E-06  -0.249688E-08
  3253   0.137400E+02   0.582301E+00   0.000000E+00  -0.110104E+01   0.821157E-09   0.126921E-06  -0.246179E-08
  3254   0.137309E+02   0.579534E+00   0.000000E+00  -0.110169E+01   0.820642E-09   0.126765E-06  -0.242654E-08
  3255   0.137216E+02   0.576747E+00   0.000000E+00  -0.110220E+01   0.820128E-09   0.126606E-06  -0.239114E-08
  3256   0.137125E+02   0.573939E+00   0.000000E+00  -0.110257E+01   0.819614E-09   0.126445E-06  -0.235559E-08
  3257   0.137033E+02   0.571111E+00   0.000000E+00  -0.110280E+01   0.819100E-09   0.126282E-06  -0.231990E-08
  3258   0.136942E+02   0.568263E+00   0.000000E+00  -0.110288E+01   0.818587E-09   0.126117E-06  -0.228408E-08
  3259   0.136849E+02   0.565398E+00   0.000000E+00  -0.110283E+01   0.818074E-09   0.125950E-06  -0.224812E-08
  3260   0.136757E+02   0.562515E+00   0.000000E+00  -0.110264E+01   0.817562E-09   0.125781E-06  -0.221204E-08
  3261   0.136664E+02   0.559615E+00   0.000000E+00  -0.110230E+01   0.817050E-09   0.125611E-06  -0.217583E-08
  3262   0.136571E+02   0.556699E+00   0.000000E+00  -0.110183E+01   0.816539E-09   0.125438E-06  -0.213951E-08
  3263   0.136477E+02   0.553768E+00   0.000000E+00  -0.110121E+01   0.816028E-09   0.125264E-06  -0.210308E-08
  3264   0.136382E+02   0.550822E+00   0.000000E+00  -0.110044E+01   0.815517E-09   0.125088E-06  -0.206654E-08
  3265   0.136286E+02   0.547862E+00   0.000000E+00  -0.109955E+01   0.815007E-09   0.124910E-06  -0.202990E-08
  3266   0.136190E+02   0.544889E+00   0.000000E+00  -0.109851E+01   0.814497E-09   0.124731E-06  -0.199316E-08
  3267   0.136093E+02   0.541902E+00   0.000000E+00  -0.109732E+01   0.813987E-09   0.124551E-06  -0.195633E-08
  3268   0.135994E+02   0.538905E+00   0.000000E+00  -0.109599E+01   0.813478E-09   0.124369E-06  -0.191942E-08
  3269   0.135895E+02   0.535897E+00   0.000000E+00  -0.109453E+01   0.812970E-09   0.124186E-06  -0.188243E-08
  3270   0.135794E+02   0.532880E+00   0.000000E+00  -0.109293E+01   0.812461E-09   0.124002E-06  -0.184536E-08
  3271   0.135692E+02   0.529854E+00   0.000000E+00  -0.109119E+01   0.811954E-09   0.123816E-06  -0.180822E-08
  3272   0.135589E+02   0.526820E+00   0.000000E+00  -0.108931E+01   0.811446E-09   0.123629E-06  -0.177101E-08
  3273   0.135484E+02   0.523779E+00   0.000000E+00  -0.108730E+01   0.810939E-09   0.123442E-06  -0.173375E-08
  3274   0.135379E+02   0.520732E+00   0.000000E+00  -0.108515E+01   0.810432E-09   0.123253E-06  -0.169642E-08
  3275   0.135271E+02   0.517680E+00   0.000000E+00  -0.108286E+01   0.809926E-09   0.123063E-06  -0.165905E-08
  3276   0.135162E+02   0.514623E+00   0.000000E+00  -0.108045E+01   0.809420E-09   0.122873E-06  -0.162164E-08
  3277   0.135051E+02   0.511562E+00   0.000000E+00  -0.107789E+01   0.808915E-09   0.122681E-06  -0.158418E-08
  3278   0.134938E+02   0.508498E+00   0.000000E+00  -0.107521E+01   0.808410E-09   0.122489E-06  -0.154669E-08
  3279   0.134824E+02   0.505431E+00   0.000000E+00  -0.107239E+01   0.807905E-09   0.122297E-06  -0.150917E-08
  3280   0.134708E+02   0.502363E+00   0.000000E+00  -0.106944E+01   0.807401E-09   0.122104E-06  -0.147162E-08
  3281   0.134590E+02   0.499294E+00   0.000000E+00  -0.106637E+01   0.806897E-09   0.121910E-06  -0.143405E-08
  3282   0.134469E+02   0.496225E+00   0.000000E+00  -0.106316E+01   0.806393E-09   0.121715E-06  -0.139647E-08
  3283   0.134347E+02   0.493156E+00   0.000000E+00  -0.105983E+01   0.805890E-09   0.121521E-06  -0.135888E-08
  3284   0.134223E+02   0.490089E+00   0.000000E+00  -0.105637E+01   0.805387E-09   0.121326E-06  -0.132129E-08
  3285   0.134096E+02   0.487025E+00   0.000000E+00  -0.105279E+01   0.804885E-09   0.121131E-06  -0.128370E-08
  3286   0.133968E+02   0.483964E+00   0.000000E+00  -0.104908E+01   0.804383E-09   0.120935E-06  -0.124611E-08
  3287   0.133837E+02   0.480908E+00   0.000000E+00  -0.104526E+01   0.803882E-09   0.120739E-06  -0.120853E-08
  3288   0.133703E+02   0.477856E+00   0.000000E+00  -0.104131E+01   0.803380E-09   0.120544E-06  -0.117097E-08
  3289   0.133567E+02   0.474809E+00   0.000000E+00  -0.103725E+01   0.802880E-09   0.120348E-06  -0.113343E-08
  3290   0.133429E+02   0.471770E+00   0.000000E+00  -0.103307E+01   0.802379E-09   0.120152E-06  -0.109592E-08
  3291   0.133289E+02   0.468737E+00   0.000000E+00  -0.102876E+01   0.801879E-09   0.119957E-06  -0.105843E-08
  3292   0.133145E+02   0.465711E+00   0.000000E+00  -0.102435E+01   0.801380E-09   0.119762E-06  -0.102099E-08
  3293   0.132999E+02   0.462694E+00   0.000000E+00  -0.101983E+01   0.800881E-09   0.119567E-06  -0.983584E-09
  3294   0.132851E+02   0.459686E+00   0.000000E+00  -0.101518E+01   0.800382E-09   0.119372E-06  -0.946226E-09
  3295   0.132699E+02   0.456688E+00   0.000000E+00  -0.101044E+01   0.799884E-09   0.119178E-06  -0.908920E-09
  3296   0.132544E+02   0.453701E+00   0.000000E+00  -0.100558E+01   0.799385E-09   0.118984E-06  -0.871671E-09
  3297   0.132388E+02   0.450725E+00   0.000000E+00  -0.100062E+01   0.798888E-09   0.118791E-06  -0.834483E-09
  3298   0.132228E+02   0.447761E+00   0.000000E+00  -0.995551E+00   0.798391E-09   0.118598E-06  -0.797362E-09
  3299   0.132065E+02   0.444811E+00   0.000000E+00  -0.990381E+00   0.797894E-09   0.118406E-06  -0.760313E-09
  3300   0.131900E+02   0.441873E+00   0.000000E+00  -0.985114E+00   0.797397E-09   0.118215E-06  -0.723342E-09
  3301   0.131731E+02   0.438951E+00   0.000000E+00  -0.979743E+00   0.796901E-09   0.118024E-06  -0.686452E-09
  3302   0.131559E+02   0.436044E+00   0.000000E+00  -0.974283E+00   0.796406E-09   0.117834E-06  -0.649647E-09
  3303   0.131385E+02   0.433152E+00   0.000000E+00  -0.968727E+00   0.795910E-09   0.117645E-06  -0.612930E-09
  3304   0.131207E+02   0.430277E+00   0.000000E+00  -0.963074E+00   0.795415E-09   0.117456E-06  -0.576304E-09
  3305   0.131027E+02   0.427419E+00   0.000000E+00  -0.957331E+00   0.794921E-09   0.117268E-06  -0.539771E-09
  3306   0.130842E+02   0.424578E+00   0.000000E+00  -0.951500E+00   0.794427E-09   0.117080E-06  -0.503335E-09
  3307   0.130656E+02   0.421756E+00   0.000000E+00  -0.945587E+00   0.793933E-09   0.116892E-06  -0.466998E-09
  3308   0.130466E+02   0.418953E+00   0.000000E+00  -0.939585E+00   0.793440E-09   0.116705E-06  -0.430763E-09
  3309   0.130272E+02   0.416169E+00   0.000000E+00  -0.933493E+00   0.792947E-09   0.116517E-06  -0.394633E-09
  3310   0.130075E+02   0.413404E+00   0.000000E+00  -0.927328E+00   0.792454E-09   0.116330E-06  -0.358611E-09
  3311   0.129875E+02   0.410660E+00   0.000000E+00  -0.921088E+00   0.791962E-09   0.116142E-06  -0.322699E-09
  3312   0.129672E+02   0.407937E+00   0.000000E+00  -0.914759E+00   0.791470E-09   0.115954E-06  -0.286901E-09
  3313   0.129465E+02   0.405236E+00   0.000000E+00  -0.908363E+00   0.790979E-09   0.115766E-06  -0.251219E-09
  3314   0.129256E+02   0.402557E+00   0.000000E+00  -0.901893E+00   0.790488E-09   0.115578E-06  -0.215656E-09
  3315   0.129042E+02   0.399902E+00   0.000000E+00  -0.895356E+00   0.789997E-09   0.115389E-06  -0.180216E-09
  3316   0.128826E+02   0.397270E+00   0.000000E+00  -0.888752E+00   0.789507E-09   0.115200E-06  -0.144900E-09
  3317   0.128606E+02   0.394661E+00   0.000000E+00  -0.882074E+00   0.789017E-09   0.115010E-06  -0.109712E-09
  3318   0.128382E+02   0.392077E+00   0.000000E+00  -0.875336E+00   0.788527E-09   0.114819E-06  -0.746543E-10
  3319   0.128155E+02   0.389518E+00   0.000000E+00  -0.868539E+00   0.788038E-09   0.114627E-06  -0.397300E-10
  3320   0.127924E+02   0.386983E+00   0.000000E+00  -0.861683E+00   0.787549E-09   0.114435E-06  -0.494200E-11
  3321   0.127691E+02   0.384475E+00   0.000000E+00  -0.854759E+00   0.787061E-09   0.114241E-06   0.297070E-10
  3322   0.127453E+02   0.381992E+00   0.000000E+00  -0.847791E+00   0.786573E-09   0.114047E-06   0.642140E-10
  3323   0.127213E+02   0.379535E+00   0.000000E+00  -0.840764E+00   0.786085E-09   0.113851E-06   0.985764E-10
  3324   0.126968E+02   0.377106E+00   0.000000E+00  -0.833685E+00   0.785598E-09   0.113654E-06   0.132791E-09
  3325   0.126720E+02   0.374705E+00   0.000000E+00  -0.826561E+00   0.785111E-09   0.113456E-06   0.166855E-09
  3326   0.126469E+02   0.372331E+00   0.000000E+00  -0.819393E+00   0.784625E-09   0.113256E-06   0.200767E-09
  3327   0.126214E+02   0.369985E+00   0.000000E+00  -0.812180E+00   0.784139E-09   0.113055E-06   0.234522E-09
  3328   0.125957E+02   0.367668E+00   0.000000E+00  -0.804922E+00   0.783653E-09   0.112852E-06   0.268117E-09
  3329   0.125695E+02   0.365381E+00   0.000000E+00  -0.797627E+00   0.783168E-09   0.112648E-06   0.301552E-09
  3330   0.125430E+02   0.363122E+00   0.000000E+00  -0.790303E+00   0.782683E-09   0.112441E-06   0.334821E-09
  3331   0.125162E+02   0.360894E+00   0.000000E+00  -0.782934E+00   0.782198E-09   0.112233E-06   0.367923E-09
  3332   0.124891E+02   0.358695E+00   0.000000E+00  -0.775543E+00   0.781714E-09   0.112023E-06   0.400855E-09
  3333   0.124615E+02   0.356528E+00   0.000000E+00  -0.768122E+00   0.781230E-09   0.111811E-06   0.433614E-09
  3334   0.124337E+02   0.354390E+00   0.000000E+00  -0.760671E+00   0.780747E-09   0.111597E-06   0.466196E-09
  3335   0.124056E+02   0.352284E+00   0.000000E+00  -0.753191E+00   0.780264E-09   0.111380E-06   0.498600E-09
  3336   0.123770E+02   0.350208E+00   0.000000E+00  -0.745696E+00   0.779781E-09   0.111161E-06   0.530822E-09
  3337   0.123482E+02   0.348165E+00   0.000000E+00  -0.738177E+00   0.779299E-09   0.110940E-06   0.562860E-09
  3338   0.123191E+02   0.346153E+00   0.000000E+00  -0.730641E+00   0.778817E-09   0.110716E-06   0.594710E-09
  3339   0.122896E+02   0.344172E+00   0.000000E+00  -0.723089E+00   0.778335E-09   0.110490E-06   0.626370E-09
  3340   0.122598E+02   0.342224E+00   0.000000E+00  -0.715526E+00   0.777854E-09   0.110261E-06   0.657836E-09
  3341   0.122297E+02   0.340309E+00   0.000000E+00  -0.707951E+00   0.777373E-09   0.110029E-06   0.689107E-09
  3342   0.121992E+02   0.338426E+00   0.000000E+00  -0.700368E+00   0.776893E-09   0.109794E-06   0.720179E-09
  3343   0.121685E+02   0.336576E+00   0.000000E+00  -0.692780E+00   0.776413E-09   0.109557E-06   0.751050E-09
  3344   0.121374E+02   0.334760E+00   0.000000E+00  -0.685188E+00   0.775933E-09   0.109316E-06   0.781716E-09
  3345   0.121060E+02   0.332976E+00   0.000000E+00  -0.677596E+00   0.775454E-09   0.109073E-06   0.812175E-09
  3346   0.120743E+02   0.331225E+00   0.000000E+00  -0.670004E+00   0.774975E-09   0.108826E-06   0.842424E-09
  3347   0.120423E+02   0.329509E+00   0.000000E+00  -0.662416E+00   0.774496E-09   0.108576E-06   0.872460E-09
  3348   0.120100E+02   0.327826E+00   0.000000E+00  -0.654833E+00   0.774018E-09   0.108322E-06   0.902279E-09
  3349   0.119775E+02   0.326176E+00   0.000000E+00  -0.647259E+00   0.773540E-09   0.108065E-06   0.931881E-09
  3350   0.119446E+02   0.324560E+00   0.000000E+00  -0.639695E+00   0.773063E-09   0.107804E-06   0.961261E-09
  3351   0.119114E+02   0.322978E+00   0.000000E+00  -0.632142E+00   0.772586E-09   0.107540E-06   0.990416E-09
  3352   0.118779E+02   0.321431E+00   0.000000E+00  -0.624604E+00   0.772109E-09   0.107272E-06   0.101935E-08
  3353   0.118442E+02   0.319916E+00   0.000000E+00  -0.617082E+00   0.771632E-09   0.107001E-06   0.104805E-08
  3354   0.118102E+02   0.318436E+00   0.000000E+00  -0.609579E+00   0.771156E-09   0.106727E-06   0.107652E-08
  3355   0.117759E+02   0.316990E+00   0.000000E+00  -0.602096E+00   0.770681E-09   0.106449E-06   0.110477E-08
  3356   0.117413E+02   0.315578E+00   0.000000E+00  -0.594637E+00   0.770206E-09   0.106169E-06   0.113278E-08
  3357   0.117064E+02   0.314200E+00   0.000000E+00  -0.587202E+00   0.769731E-09   0.105885E-06   0.116056E-08
  3358   0.116713E+02   0.312856E+00   0.000000E+00  -0.579794E+00   0.769256E-09   0.105598E-06   0.118810E-08
  3359   0.116359E+02   0.311546E+00   0.000000E+00  -0.572416E+00   0.768782E-09   0.105309E-06   0.121541E-08
  3360   0.116003E+02   0.310270E+00   0.000000E+00  -0.565069E+00   0.768308E-09   0.105017E-06   0.124248E-08
  3361   0.115644E+02   0.309028E+00   0.000000E+00  -0.557755E+00   0.767835E-09   0.104723E-06   0.126931E-08
  3362   0.115282E+02   0.307820E+00   0.000000E+00  -0.550477E+00   0.767362E-09   0.104426E-06   0.129590E-08
  3363   0.114919E+02   0.306646E+00   0.000000E+00  -0.543237E+00   0.766889E-09   0.104127E-06   0.132224E-08
  3364   0.114553E+02   0.305506E+00   0.000000E+00  -0.536038E+00   0.766417E-09   0.103826E-06   0.134835E-08
  3365   0.114185E+02   0.304400E+00   0.000000E+00  -0.528879E+00   0.765945E-09   0.103523E-06   0.137420E-08
  3366   0.113814E+02   0.303327E+00   0.000000E+00  -0.521764E+00   0.765473E-09   0.103218E-06   0.139982E-08
  3367   0.113441E+02   0.302288E+00   0.000000E+00  -0.514695E+00   0.765002E-09   0.102911E-06   0.142518E-08
  3368   0.113066E+02   0.301282E+00   0.000000E+00  -0.507673E+00   0.764531E-09   0.102603E-06   0.145029E-08
  3369   0.112689E+02   0.300309E+00   0.000000E+00  -0.500699E+00   0.764061E-09   0.102293E-06   0.147515E-08
  3370   0.112310E+02   0.299370E+00   0.000000E+00  -0.493777E+00   0.763591E-09   0.101981E-06   0.149976E-08
  3371   0.111928E+02   0.298463E+00   0.000000E+00  -0.486906E+00   0.763121E-09   0.101668E-06   0.152412E-08
  3372   0.111545E+02   0.297590E+00   0.000000E+00  -0.480090E+00   0.762651E-09   0.101354E-06   0.154822E-08
  3373   0.111160E+02   0.296748E+00   0.000000E+00  -0.473328E+00   0.762182E-09   0.101039E-06   0.157206E-08
  3374   0.110773E+02   0.295939E+00   0.000000E+00  -0.466625E+00   0.761714E-09   0.100723E-06   0.159564E-08
  3375   0.110384E+02   0.295162E+00   0.000000E+00  -0.459981E+00   0.761245E-09   0.100405E-06   0.161897E-08
  3376   0.109993E+02   0.294417E+00   0.000000E+00  -0.453396E+00   0.760777E-09   0.100087E-06   0.164203E-08
  3377   0.109601E+02   0.293704E+00   0.000000E+00  -0.446874E+00   0.760310E-09   0.997689E-07   0.166483E-08
  3378   0.109207E+02   0.293022E+00   0.000000E+00  -0.440416E+00   0.759842E-09   0.994498E-07   0.168736E-08
  3379   0.108811E+02   0.292371E+00   0.000000E+00  -0.434023E+00   0.759376E-09   0.991303E-07   0.170963E-08
  3380   0.108415E+02   0.291751E+00   0.000000E+00  -0.427696E+00   0.758909E-09   0.988105E-07   0.173163E-08
  3381   0.108016E+02   0.291162E+00   0.000000E+00  -0.421438E+00   0.758443E-09   0.984905E-07   0.175336E-08
  3382   0.107616E+02   0.290603E+00   0.000000E+00  -0.415249E+00   0.757977E-09   0.981704E-07   0.177482E-08
  3383   0.107214E+02   0.290075E+00   0.000000E+00  -0.409130E+00   0.757511E-09   0.978504E-07   0.179601E-08
  3384   0.106812E+02   0.289575E+00   0.000000E+00  -0.403084E+00   0.757046E-09   0.975305E-07   0.181692E-08
  3385   0.106408E+02   0.289106E+00   0.000000E+00  -0.397111E+00   0.756582E-09   0.972109E-07   0.183756E-08
  3386   0.106003E+02   0.288666E+00   0.000000E+00  -0.391213E+00   0.756117E-09   0.968917E-07   0.185792E-08
  3387   0.105596E+02   0.288253E+00   0.000000E+00  -0.385391E+00   0.755653E-09   0.965729E-07   0.187801E-08
  3388   0.105189E+02   0.287870E+00   0.000000E+00  -0.379645E+00   0.755189E-09   0.962548E-07   0.189781E-08
  3389   0.104782E+02   0.287515E+00   0.000000E+00  -0.373979E+00   0.754726E-09   0.959374E-07   0.191734E-08
  3390   0.104372E+02   0.287187E+00   0.000000E+00  -0.368391E+00   0.754263E-09   0.956209E-07   0.193658E-08
  3391   0.103962E+02   0.286887E+00   0.000000E+00  -0.362886E+00   0.753800E-09   0.953053E-07   0.195554E-08
  3392   0.103552E+02   0.286614E+00   0.000000E+00  -0.357461E+00   0.753338E-09   0.949908E-07   0.197421E-08
  3393   0.103141E+02   0.286368E+00   0.000000E+00  -0.352120E+00   0.752876E-09   0.946775E-07   0.199259E-08
  3394   0.102729E+02   0.286147E+00   0.000000E+00  -0.346863E+00   0.752414E-09   0.943655E-07   0.201069E-08
  3395   0.102317E+02   0.285954E+00   0.000000E+00  -0.341690E+00   0.751953E-09   0.940549E-07   0.202849E-08
  3396   0.101905E+02   0.285785E+00   0.000000E+00  -0.336603E+00   0.751492E-09   0.937459E-07   0.204601E-08
  3397   0.101491E+02   0.285642E+00   0.000000E+00  -0.331603E+00   0.751032E-09   0.934384E-07   0.206323E-08
  3398   0.101078E+02   0.285523E+00   0.000000E+00  -0.326691E+00   0.750571E-09   0.931328E-07   0.208015E-08
  3399   0.100664E+02   0.285429E+00   0.000000E+00  -0.321866E+00   0.750112E-09   0.928291E-07   0.209679E-08
  3400   0.100250E+02   0.285358E+00   0.000000E+00  -0.317131E+00   0.749652E-09   0.925273E-07   0.211312E-08
  3401   0.998352E+01   0.285311E+00   0.000000E+00  -0.312486E+00   0.749193E-09   0.922277E-07   0.212915E-08
  3402   0.994207E+01   0.285287E+00   0.000000E+00  -0.307931E+00   0.748734E-09   0.919302E-07   0.214489E-08
  3403   0.990069E+01   0.285285E+00   0.000000E+00  -0.303467E+00   0.748275E-09   0.916349E-07   0.216033E-08
  3404   0.985924E+01   0.285305E+00   0.000000E+00  -0.299095E+00   0.747817E-09   0.913418E-07   0.217547E-08
  3405   0.981780E+01   0.285347E+00   0.000000E+00  -0.294815E+00   0.747360E-09   0.910510E-07   0.219031E-08
  3406   0.977635E+01   0.285410E+00   0.000000E+00  -0.290629E+00   0.746902E-09   0.907625E-07   0.220486E-08
  3407   0.973497E+01   0.285494E+00   0.000000E+00  -0.286537E+00   0.746445E-09   0.904764E-07   0.221911E-08
  3408   0.969359E+01   0.285598E+00   0.000000E+00  -0.282538E+00   0.745988E-09   0.901927E-07   0.223306E-08
  3409   0.965229E+01   0.285722E+00   0.000000E+00  -0.278634E+00   0.745531E-09   0.899114E-07   0.224672E-08
  3410   0.961099E+01   0.285865E+00   0.000000E+00  -0.274825E+00   0.745076E-09   0.896326E-07   0.226009E-08
  3411   0.956976E+01   0.286027E+00   0.000000E+00  -0.271112E+00   0.744620E-09   0.893563E-07   0.227316E-08
  3412   0.952854E+01   0.286207E+00   0.000000E+00  -0.267495E+00   0.744164E-09   0.890826E-07   0.228594E-08
  3413   0.948738E+01   0.286405E+00   0.000000E+00  -0.263974E+00   0.743709E-09   0.888115E-07   0.229843E-08
  3414   0.944630E+01   0.286620E+00   0.000000E+00  -0.260550E+00   0.743255E-09   0.885430E-07   0.231062E-08
  3415   0.940530E+01   0.286852E+00   0.000000E+00  -0.257223E+00   0.742800E-09   0.882772E-07   0.232252E-08
  3416   0.936429E+01   0.287100E+00   0.000000E+00  -0.253993E+00   0.742346E-09   0.880142E-07   0.233413E-08
  3417   0.932344E+01   0.287363E+00   0.000000E+00  -0.250860E+00   0.741892E-09   0.877539E-07   0.234545E-08
  3418   0.928266E+01   0.287643E+00   0.000000E+00  -0.247825E+00   0.741439E-09   0.874964E-07   0.235648E-08
  3419   0.924202E+01   0.287937E+00   0.000000E+00  -0.244886E+00   0.740986E-09   0.872417E-07   0.236722E-08
  3420   0.920139E+01   0.288245E+00   0.000000E+00  -0.242046E+00   0.740533E-09   0.869900E-07   0.237767E-08
  3421   0.916090E+01   0.288567E+00   0.000000E+00  -0.239302E+00   0.740081E-09   0.867411E-07   0.238783E-08
  3422   0.912057E+01   0.288903E+00   0.000000E+00  -0.236657E+00   0.739629E-09   0.864953E-07   0.239770E-08
  3423   0.908030E+01   0.289251E+00   0.000000E+00  -0.234108E+00   0.739177E-09   0.862524E-07   0.240728E-08
  3424   0.904019E+01   0.289611E+00   0.000000E+00  -0.231657E+00   0.738726E-09   0.860127E-07   0.241658E-08
  3425   0.900015E+01   0.289984E+00   0.000000E+00  -0.229303E+00   0.738275E-09   0.857759E-07   0.242559E-08
  3426   0.896033E+01   0.290367E+00   0.000000E+00  -0.227045E+00   0.737824E-09   0.855424E-07   0.243432E-08
  3427   0.892059E+01   0.290761E+00   0.000000E+00  -0.224884E+00   0.737374E-09   0.853120E-07   0.244276E-08
  3428   0.888100E+01   0.291165E+00   0.000000E+00  -0.222821E+00   0.736924E-09   0.850848E-07   0.245091E-08
  3429   0.884155E+01   0.291579E+00   0.000000E+00  -0.220853E+00   0.736475E-09   0.848609E-07   0.245878E-08
  3430   0.880225E+01   0.292002E+00   0.000000E+00  -0.218981E+00   0.736025E-09   0.846402E-07   0.246636E-08
  3431   0.876311E+01   0.292434E+00   0.000000E+00  -0.217204E+00   0.735576E-09   0.844230E-07   0.247366E-08
  3432   0.872411E+01   0.292873E+00   0.000000E+00  -0.215522E+00   0.735128E-09   0.842091E-07   0.248068E-08
  3433   0.868533E+01   0.293321E+00   0.000000E+00  -0.213936E+00   0.734679E-09   0.839986E-07   0.248742E-08
  3434   0.864670E+01   0.293775E+00   0.000000E+00  -0.212442E+00   0.734231E-09   0.837915E-07   0.249387E-08
  3435   0.860822E+01   0.294236E+00   0.000000E+00  -0.211043E+00   0.733784E-09   0.835880E-07   0.250004E-08
  3436   0.856996E+01   0.294704E+00   0.000000E+00  -0.209736E+00   0.733337E-09   0.833880E-07   0.250593E-08
  3437   0.853185E+01   0.295176E+00   0.000000E+00  -0.208523E+00   0.732890E-09   0.831916E-07   0.251154E-08
  3438   0.849397E+01   0.295654E+00   0.000000E+00  -0.207401E+00   0.732443E-09   0.829988E-07   0.251687E-08
  3439   0.845630E+01   0.296136E+00   0.000000E+00  -0.206371E+00   0.731997E-09   0.828097E-07   0.252192E-08
  3440   0.841879E+01   0.296622E+00   0.000000E+00  -0.205431E+00   0.731551E-09   0.826243E-07   0.252669E-08
  3441   0.838150E+01   0.297112E+00   0.000000E+00  -0.204582E+00   0.731105E-09   0.824426E-07   0.253118E-08
  3442   0.834443E+01   0.297604E+00   0.000000E+00  -0.203823E+00   0.730660E-09   0.822648E-07   0.253540E-08
  3443   0.830758E+01   0.298099E+00   0.000000E+00  -0.203152E+00   0.730215E-09   0.820907E-07   0.253933E-08
  3444   0.827096E+01   0.298596E+00   0.000000E+00  -0.202569E+00   0.729771E-09   0.819205E-07   0.254299E-08
  3445   0.823448E+01   0.299094E+00   0.000000E+00  -0.202072E+00   0.729326E-09   0.817543E-07   0.254637E-08
  3446   0.819831E+01   0.299594E+00   0.000000E+00  -0.201663E+00   0.728882E-09   0.815919E-07   0.254948E-08
  3447   0.816235E+01   0.300094E+00   0.000000E+00  -0.201339E+00   0.728439E-09   0.814336E-07   0.255231E-08
  3448   0.812670E+01   0.300594E+00   0.000000E+00  -0.201099E+00   0.727996E-09   0.812793E-07   0.255487E-08
  3449   0.809119E+01   0.301094E+00   0.000000E+00  -0.200943E+00   0.727553E-09   0.811291E-07   0.255715E-08
  3450   0.805597E+01   0.301593E+00   0.000000E+00  -0.200870E+00   0.727110E-09   0.809830E-07   0.255916E-08
  3451   0.802099E+01   0.302091E+00   0.000000E+00  -0.200878E+00   0.726668E-09   0.808410E-07   0.256089E-08
  3452   0.798622E+01   0.302586E+00   0.000000E+00  -0.200967E+00   0.726226E-09   0.807030E-07   0.256235E-08
  3453   0.795175E+01   0.303079E+00   0.000000E+00  -0.201136E+00   0.725785E-09   0.805688E-07   0.256355E-08
  3454   0.791758E+01   0.303570E+00   0.000000E+00  -0.201384E+00   0.725343E-09   0.804384E-07   0.256447E-08
  3455   0.788363E+01   0.304057E+00   0.000000E+00  -0.201710E+00   0.724903E-09   0.803114E-07   0.256512E-08
  3456   0.784990E+01   0.304541E+00   0.000000E+00  -0.202113E+00   0.724462E-09   0.801878E-07   0.256551E-08
  3457   0.781648E+01   0.305021E+00   0.000000E+00  -0.202592E+00   0.724022E-09   0.800674E-07   0.256564E-08
  3458   0.778334E+01   0.305495E+00   0.000000E+00  -0.203145E+00   0.723582E-09   0.799501E-07   0.256550E-08
  3459   0.775043E+01   0.305966E+00   0.000000E+00  -0.203772E+00   0.723142E-09   0.798356E-07   0.256509E-08
  3460   0.771782E+01   0.306430E+00   0.000000E+00  -0.204472E+00   0.722703E-09   0.797239E-07   0.256443E-08
  3461   0.768551E+01   0.306888E+00   0.000000E+00  -0.205243E+00   0.722264E-09   0.796147E-07   0.256351E-08
  3462   0.765349E+01   0.307340E+00   0.000000E+00  -0.206085E+00   0.721826E-09   0.795080E-07   0.256233E-08
  3463   0.762170E+01   0.307784E+00   0.000000E+00  -0.206996E+00   0.721387E-09   0.794035E-07   0.256089E-08
  3464   0.759027E+01   0.308222E+00   0.000000E+00  -0.207975E+00   0.720949E-09   0.793011E-07   0.255920E-08
  3465   0.755907E+01   0.308652E+00   0.000000E+00  -0.209021E+00   0.720512E-09   0.792006E-07   0.255725E-08
  3466   0.752817E+01   0.309074E+00   0.000000E+00  -0.210132E+00   0.720075E-09   0.791020E-07   0.255506E-08
  3467   0.749757E+01   0.309487E+00   0.000000E+00  -0.211307E+00   0.719638E-09   0.790049E-07   0.255261E-08
  3468   0.746726E+01   0.309892E+00   0.000000E+00  -0.212546E+00   0.719201E-09   0.789093E-07   0.254991E-08
  3469   0.743724E+01   0.310287E+00   0.000000E+00  -0.213846E+00   0.718765E-09   0.788150E-07   0.254697E-08
  3470   0.740753E+01   0.310673E+00   0.000000E+00  -0.215207E+00   0.718329E-09   0.787219E-07   0.254378E-08
  3471   0.737811E+01   0.311049E+00   0.000000E+00  -0.216628E+00   0.717893E-09   0.786297E-07   0.254034E-08
  3472   0.734900E+01   0.311414E+00   0.000000E+00  -0.218106E+00   0.717458E-09   0.785383E-07   0.253666E-08
  3473   0.732019E+01   0.311768E+00   0.000000E+00  -0.219641E+00   0.717023E-09   0.784477E-07   0.253274E-08
  3474   0.729167E+01   0.312111E+00   0.000000E+00  -0.221232E+00   0.716588E-09   0.783575E-07   0.252857E-08
  3475   0.726346E+01   0.312443E+00   0.000000E+00  -0.222876E+00   0.716154E-09   0.782677E-07   0.252417E-08
  3476   0.723555E+01   0.312763E+00   0.000000E+00  -0.224575E+00   0.715720E-09   0.781781E-07   0.251953E-08
  3477   0.720796E+01   0.313069E+00   0.000000E+00  -0.226324E+00   0.715286E-09   0.780885E-07   0.251465E-08
  3478   0.718066E+01   0.313364E+00   0.000000E+00  -0.228123E+00   0.714853E-09   0.779988E-07   0.250954E-08
  3479   0.715367E+01   0.313646E+00   0.000000E+00  -0.229971E+00   0.714420E-09   0.779088E-07   0.250419E-08
  3480   0.712699E+01   0.313915E+00   0.000000E+00  -0.231866E+00   0.713987E-09   0.778184E-07   0.249861E-08
  3481   0.710062E+01   0.314171E+00   0.000000E+00  -0.233806E+00   0.713555E-09   0.777274E-07   0.249280E-08
  3482   0.707455E+01   0.314413E+00   0.000000E+00  -0.235790E+00   0.713123E-09   0.776356E-07   0.248676E-08
  3483   0.704881E+01   0.314642E+00   0.000000E+00  -0.237817E+00   0.712691E-09   0.775429E-07   0.248050E-08
  3484   0.702337E+01   0.314856E+00   0.000000E+00  -0.239885E+00   0.712260E-09   0.774491E-07   0.247400E-08
  3485   0.699824E+01   0.315056E+00   0.000000E+00  -0.241993E+00   0.711829E-09   0.773541E-07   0.246728E-08
  3486   0.697342E+01   0.315242E+00   0.000000E+00  -0.244139E+00   0.711398E-09   0.772577E-07   0.246034E-08
  3487   0.694892E+01   0.315412E+00   0.000000E+00  -0.246321E+00   0.710967E-09   0.771598E-07   0.245318E-08
  3488   0.692472E+01   0.315568E+00   0.000000E+00  -0.248539E+00   0.710537E-09   0.770601E-07   0.244579E-08
  3489   0.690083E+01   0.315707E+00   0.000000E+00  -0.250792E+00   0.710107E-09   0.769586E-07   0.243819E-08
  3490   0.687726E+01   0.315832E+00   0.000000E+00  -0.253077E+00   0.709678E-09   0.768551E-07   0.243036E-08
  3491   0.685398E+01   0.315941E+00   0.000000E+00  -0.255392E+00   0.709249E-09   0.767493E-07   0.242232E-08
  3492   0.683102E+01   0.316033E+00   0.000000E+00  -0.257738E+00   0.708820E-09   0.766413E-07   0.241407E-08
  3493   0.680837E+01   0.316109E+00   0.000000E+00  -0.260111E+00   0.708391E-09   0.765307E-07   0.240560E-08
  3494   0.678602E+01   0.316169E+00   0.000000E+00  -0.262511E+00   0.707963E-09   0.764175E-07   0.239692E-08
  3495   0.676399E+01   0.316212E+00   0.000000E+00  -0.264936E+00   0.707535E-09   0.763015E-07   0.238802E-08
  3496   0.674225E+01   0.316239E+00   0.000000E+00  -0.267385E+00   0.707107E-09   0.761824E-07   0.237892E-08
  3497   0.672083E+01   0.316249E+00   0.000000E+00  -0.269855E+00   0.706680E-09   0.760603E-07   0.236961E-08
  3498   0.669971E+01   0.316241E+00   0.000000E+00  -0.272346E+00   0.706253E-09   0.759349E-07   0.236009E-08
  3499   0.667890E+01   0.316217E+00   0.000000E+00  -0.274856E+00   0.705827E-09   0.758060E-07   0.235037E-08
  3500   0.665838E+01   0.316175E+00   0.000000E+00  -0.277384E+00   0.705400E-09   0.756735E-07   0.234044E-08
  3501   0.663817E+01   0.316115E+00   0.000000E+00  -0.279928E+00   0.704974E-09   0.755373E-07   0.233031E-08
  3502   0.661826E+01   0.316037E+00   0.000000E+00  -0.282488E+00   0.704549E-09   0.753975E-07   0.231999E-08
  3503   0.659864E+01   0.315942E+00   0.000000E+00  -0.285061E+00   0.704123E-09   0.752543E-07   0.230946E-08
  3504   0.657932E+01   0.315828E+00   0.000000E+00  -0.287646E+00   0.703698E-09   0.751079E-07   0.229874E-08
  3505   0.656029E+01   0.315697E+00   0.000000E+00  -0.290241E+00   0.703273E-09   0.749586E-07   0.228782E-08
  3506   0.654155E+01   0.315547E+00   0.000000E+00  -0.292846E+00   0.702849E-09   0.748063E-07   0.227672E-08
  3507   0.652311E+01   0.315378E+00   0.000000E+00  -0.295458E+00   0.702425E-09   0.746515E-07   0.226543E-08
  3508   0.650496E+01   0.315192E+00   0.000000E+00  -0.298076E+00   0.702001E-09   0.744942E-07   0.225395E-08
  3509   0.648709E+01   0.314987E+00   0.000000E+00  -0.300699E+00   0.701577E-09   0.743346E-07   0.224229E-08
  3510   0.646951E+01   0.314763E+00   0.000000E+00  -0.303326E+00   0.701154E-09   0.741730E-07   0.223045E-08
  3511   0.645222E+01   0.314521E+00   0.000000E+00  -0.305954E+00   0.700731E-09   0.740095E-07   0.221843E-08
  3512   0.643521E+01   0.314262E+00   0.000000E+00  -0.308583E+00   0.700309E-09   0.738443E-07   0.220624E-08
  3513   0.641848E+01   0.313982E+00   0.000000E+00  -0.311210E+00   0.699886E-09   0.736777E-07   0.219388E-08
  3514   0.640203E+01   0.313685E+00   0.000000E+00  -0.313836E+00   0.699464E-09   0.735096E-07   0.218134E-08
  3515   0.638584E+01   0.313369E+00   0.000000E+00  -0.316459E+00   0.699043E-09   0.733405E-07   0.216863E-08
  3516   0.636994E+01   0.313034E+00   0.000000E+00  -0.319077E+00   0.698621E-09   0.731705E-07   0.215577E-08
  3517   0.635431E+01   0.312680E+00   0.000000E+00  -0.321688E+00   0.698200E-09   0.729996E-07   0.214273E-08
  3518   0.633894E+01   0.312307E+00   0.000000E+00  -0.324292E+00   0.697780E-09   0.728283E-07   0.212954E-08
  3519   0.632383E+01   0.311916E+00   0.000000E+00  -0.326888E+00   0.697359E-09   0.726565E-07   0.211619E-08
  3520   0.630899E+01   0.311505E+00   0.000000E+00  -0.329473E+00   0.696939E-09   0.724846E-07   0.210268E-08
  3521   0.629441E+01   0.311076E+00   0.000000E+00  -0.332048E+00   0.696519E-09   0.723127E-07   0.208902E-08
  3522   0.628008E+01   0.310628E+00   0.000000E+00  -0.334610E+00   0.696100E-09   0.721410E-07   0.207521E-08
  3523   0.626601E+01   0.310161E+00   0.000000E+00  -0.337158E+00   0.695681E-09   0.719697E-07   0.206126E-08
  3524   0.625219E+01   0.309676E+00   0.000000E+00  -0.339692E+00   0.695262E-09   0.717989E-07   0.204715E-08
  3525   0.623861E+01   0.309171E+00   0.000000E+00  -0.342209E+00   0.694843E-09   0.716289E-07   0.203290E-08
  3526   0.622529E+01   0.308648E+00   0.000000E+00  -0.344709E+00   0.694425E-09   0.714599E-07   0.201852E-08
  3527   0.621220E+01   0.308107E+00   0.000000E+00  -0.347190E+00   0.694007E-09   0.712920E-07   0.200399E-08
  3528   0.619935E+01   0.307547E+00   0.000000E+00  -0.349651E+00   0.693589E-09   0.711254E-07   0.198933E-08
  3529   0.618674E+01   0.306969E+00   0.000000E+00  -0.352092E+00   0.693172E-09   0.709604E-07   0.197453E-08
  3530   0.617436E+01   0.306372E+00   0.000000E+00  -0.354510E+00   0.692755E-09   0.707970E-07   0.195961E-08
  3531   0.616220E+01   0.305757E+00   0.000000E+00  -0.356906E+00   0.692338E-09   0.706356E-07   0.194455E-08
  3532   0.615027E+01   0.305123E+00   0.000000E+00  -0.359278E+00   0.691922E-09   0.704762E-07   0.192938E-08
  3533   0.613856E+01   0.304471E+00   0.000000E+00  -0.361624E+00   0.691506E-09   0.703191E-07   0.191407E-08
  3534   0.612707E+01   0.303802E+00   0.000000E+00  -0.363945E+00   0.691090E-09   0.701645E-07   0.189865E-08
  3535   0.611579E+01   0.303114E+00   0.000000E+00  -0.366237E+00   0.690674E-09   0.700125E-07   0.188311E-08
  3536   0.610472E+01   0.302409E+00   0.000000E+00  -0.368502E+00   0.690259E-09   0.698634E-07   0.186745E-08
  3537   0.609386E+01   0.301687E+00   0.000000E+00  -0.370737E+00   0.689844E-09   0.697173E-07   0.185167E-08
  3538   0.608321E+01   0.300948E+00   0.000000E+00  -0.372943E+00   0.689429E-09   0.695744E-07   0.183579E-08
  3539   0.607275E+01   0.300192E+00   0.000000E+00  -0.375116E+00   0.689015E-09   0.694349E-07   0.181980E-08
  3540   0.606250E+01   0.299418E+00   0.000000E+00  -0.377258E+00   0.688601E-09   0.692990E-07   0.180370E-08
  3541   0.605243E+01   0.298628E+00   0.000000E+00  -0.379366E+00   0.688187E-09   0.691669E-07   0.178750E-08
  3542   0.604255E+01   0.297821E+00   0.000000E+00  -0.381440E+00   0.687774E-09   0.690388E-07   0.177120E-08
  3543   0.603286E+01   0.296998E+00   0.000000E+00  -0.383480E+00   0.687361E-09   0.689148E-07   0.175480E-08
  3544   0.602335E+01   0.296159E+00   0.000000E+00  -0.385483E+00   0.686948E-09   0.687952E-07   0.173830E-08
  3545   0.601402E+01   0.295303E+00   0.000000E+00  -0.387450E+00   0.686536E-09   0.686801E-07   0.172171E-08
  3546   0.600486E+01   0.294432E+00   0.000000E+00  -0.389379E+00   0.686123E-09   0.685698E-07   0.170503E-08
  3547   0.599588E+01   0.293545E+00   0.000000E+00  -0.391270E+00   0.685711E-09   0.684643E-07   0.168825E-08
  3548   0.598705E+01   0.292642E+00   0.000000E+00  -0.393122E+00   0.685300E-09   0.683640E-07   0.167140E-08
  3549   0.597839E+01   0.291724E+00   0.000000E+00  -0.394934E+00   0.684889E-09   0.682690E-07   0.165446E-08
  3550   0.596989E+01   0.290791E+00   0.000000E+00  -0.396705E+00   0.684478E-09   0.681794E-07   0.163743E-08
  3551   0.596154E+01   0.289843E+00   0.000000E+00  -0.398435E+00   0.684067E-09   0.680955E-07   0.162033E-08
  3552   0.595335E+01   0.288881E+00   0.000000E+00  -0.400123E+00   0.683656E-09   0.680172E-07   0.160315E-08
  3553   0.594530E+01   0.287904E+00   0.000000E+00  -0.401768E+00   0.683246E-09   0.679447E-07   0.158590E-08
  3554   0.593739E+01   0.286913E+00   0.000000E+00  -0.403369E+00   0.682836E-09   0.678778E-07   0.156857E-08
  3555   0.592962E+01   0.285908E+00   0.000000E+00  -0.404927E+00   0.682427E-09   0.678165E-07   0.155117E-08
  3556   0.592199E+01   0.284890E+00   0.000000E+00  -0.406440E+00   0.682018E-09   0.677610E-07   0.153370E-08
  3557   0.591449E+01   0.283858E+00   0.000000E+00  -0.407907E+00   0.681609E-09   0.677111E-07   0.151617E-08
  3558   0.590711E+01   0.282813E+00   0.000000E+00  -0.409329E+00   0.681200E-09   0.676668E-07   0.149857E-08
  3559   0.589986E+01   0.281755E+00   0.000000E+00  -0.410704E+00   0.680792E-09   0.676283E-07   0.148090E-08
  3560   0.589272E+01   0.280685E+00   0.000000E+00  -0.412033E+00   0.680384E-09   0.675954E-07   0.146318E-08
  3561   0.588571E+01   0.279602E+00   0.000000E+00  -0.413314E+00   0.679976E-09   0.675682E-07   0.144539E-08
  3562   0.587880E+01   0.278507E+00   0.000000E+00  -0.414547E+00   0.679569E-09   0.675466E-07   0.142755E-08
  3563   0.587200E+01   0.277400E+00   0.000000E+00  -0.415732E+00   0.679162E-09   0.675308E-07   0.140965E-08
  3564   0.586530E+01   0.276281E+00   0.000000E+00  -0.416867E+00   0.678755E-09   0.675205E-07   0.139169E-08
  3565   0.585870E+01   0.275150E+00   0.000000E+00  -0.417953E+00   0.678348E-09   0.675160E-07   0.137368E-08
  3566   0.585220E+01   0.274008E+00   0.000000E+00  -0.418989E+00   0.677942E-09   0.675171E-07   0.135563E-08
  3567   0.584578E+01   0.272855E+00   0.000000E+00  -0.419975E+00   0.677536E-09   0.675239E-07   0.133752E-08
  3568   0.583945E+01   0.271692E+00   0.000000E+00  -0.420910E+00   0.677130E-09   0.675364E-07   0.131937E-08
  3569   0.583320E+01   0.270518E+00   0.000000E+00  -0.421794E+00   0.676725E-09   0.675545E-07   0.130117E-08
  3570   0.582703E+01   0.269333E+00   0.000000E+00  -0.422628E+00   0.676320E-09   0.675783E-07   0.128293E-08
  3571   0.582093E+01   0.268140E+00   0.000000E+00  -0.423409E+00   0.675915E-09   0.676078E-07   0.126465E-08
  3572   0.581492E+01   0.266937E+00   0.000000E+00  -0.424140E+00   0.675511E-09   0.676429E-07   0.124633E-08
  3573   0.580897E+01   0.265724E+00   0.000000E+00  -0.424818E+00   0.675106E-09   0.676837E-07   0.122798E-08
  3574   0.580307E+01   0.264504E+00   0.000000E+00  -0.425445E+00   0.674703E-09   0.677302E-07   0.120958E-08
  3575   0.579724E+01   0.263274E+00   0.000000E+00  -0.426019E+00   0.674299E-09   0.677823E-07   0.119116E-08
  3576   0.579147E+01   0.262037E+00   0.000000E+00  -0.426541E+00   0.673896E-09   0.678401E-07   0.117270E-08
  3577   0.578575E+01   0.260792E+00   0.000000E+00  -0.427011E+00   0.673493E-09   0.679036E-07   0.115422E-08
  3578   0.578008E+01   0.259538E+00   0.000000E+00  -0.427428E+00   0.673090E-09   0.679727E-07   0.113570E-08
  3579   0.577445E+01   0.258278E+00   0.000000E+00  -0.427793E+00   0.672688E-09   0.680475E-07   0.111716E-08
  3580   0.576887E+01   0.257011E+00   0.000000E+00  -0.428104E+00   0.672285E-09   0.681280E-07   0.109860E-08
  3581   0.576332E+01   0.255737E+00   0.000000E+00  -0.428364E+00   0.671884E-09   0.682141E-07   0.108002E-08
  3582   0.575780E+01   0.254456E+00   0.000000E+00  -0.428570E+00   0.671482E-09   0.683059E-07   0.106141E-08
  3583   0.575231E+01   0.253169E+00   0.000000E+00  -0.428724E+00   0.671081E-09   0.684033E-07   0.104279E-08
  3584   0.574686E+01   0.251877E+00   0.000000E+00  -0.428825E+00   0.670680E-09   0.685065E-07   0.102415E-08
  3585   0.574142E+01   0.250579E+00   0.000000E+00  -0.428873E+00   0.670279E-09   0.686153E-07   0.100550E-08
  3586   0.573600E+01   0.249276E+00   0.000000E+00  -0.428869E+00   0.669879E-09   0.687297E-07   0.986831E-09
  3587   0.573061E+01   0.247968E+00   0.000000E+00  -0.428813E+00   0.669479E-09   0.688498E-07   0.968155E-09
  3588   0.572522E+01   0.246656E+00   0.000000E+00  -0.428704E+00   0.669079E-09   0.689756E-07   0.949471E-09
  3589   0.571985E+01   0.245340E+00   0.000000E+00  -0.428544E+00   0.668680E-09   0.691070E-07   0.930780E-09
  3590   0.571447E+01   0.244019E+00   0.000000E+00  -0.428330E+00   0.668280E-09   0.692441E-07   0.912084E-09
  3591   0.570910E+01   0.242695E+00   0.000000E+00  -0.428066E+00   0.667881E-09   0.693869E-07   0.893385E-09
  3592   0.570373E+01   0.241369E+00   0.000000E+00  -0.427750E+00   0.667483E-09   0.695354E-07   0.874685E-09
  3593   0.569836E+01   0.240039E+00   0.000000E+00  -0.427382E+00   0.667084E-09   0.696894E-07   0.855986E-09
  3594   0.569297E+01   0.238706E+00   0.000000E+00  -0.426963E+00   0.666687E-09   0.698492E-07   0.837291E-09
  3595   0.568758E+01   0.237370E+00   0.000000E+00  -0.426492E+00   0.666289E-09   0.700146E-07   0.818599E-09
  3596   0.568216E+01   0.236033E+00   0.000000E+00  -0.425971E+00   0.665891E-09   0.701857E-07   0.799915E-09
  3597   0.567673E+01   0.234694E+00   0.000000E+00  -0.425399E+00   0.665494E-09   0.703624E-07   0.781239E-09
  3598   0.567129E+01   0.233354E+00   0.000000E+00  -0.424777E+00   0.665097E-09   0.705448E-07   0.762574E-09
  3599   0.566582E+01   0.232013E+00   0.000000E+00  -0.424105E+00   0.664701E-09   0.707329E-07   0.743921E-09
  3600   0.566032E+01   0.230671E+00   0.000000E+00  -0.423384E+00   0.664304E-09   0.709266E-07   0.725282E-09
  3601   0.565480E+01   0.229329E+00   0.000000E+00  -0.422614E+00   0.663908E-09   0.711260E-07   0.706659E-09
  3602   0.564924E+01   0.227987E+00   0.000000E+00  -0.421796E+00   0.663513E-09   0.713306E-07   0.688055E-09
  3603   0.564365E+01   0.226646E+00   0.000000E+00  -0.420929E+00   0.663117E-09   0.715402E-07   0.669470E-09
  3604   0.563803E+01   0.225305E+00   0.000000E+00  -0.420015E+00   0.662722E-09   0.717544E-07   0.650908E-09
  3605   0.563236E+01   0.223965E+00   0.000000E+00  -0.419053E+00   0.662327E-09   0.719728E-07   0.632369E-09
  3606   0.562666E+01   0.222627E+00   0.000000E+00  -0.418045E+00   0.661933E-09   0.721951E-07   0.613856E-09
  3607   0.562091E+01   0.221290E+00   0.000000E+00  -0.416990E+00   0.661538E-09   0.724209E-07   0.595371E-09
  3608   0.561511E+01   0.219954E+00   0.000000E+00  -0.415890E+00   0.661144E-09   0.726498E-07   0.576916E-09
  3609   0.560925E+01   0.218621E+00   0.000000E+00  -0.414743E+00   0.660751E-09   0.728816E-07   0.558492E-09
  3610   0.560335E+01   0.217290E+00   0.000000E+00  -0.413551E+00   0.660357E-09   0.731158E-07   0.540102E-09
  3611   0.559740E+01   0.215962E+00   0.000000E+00  -0.412315E+00   0.659964E-09   0.733521E-07   0.521748E-09
  3612   0.559138E+01   0.214637E+00   0.000000E+00  -0.411035E+00   0.659571E-09   0.735902E-07   0.503431E-09
  3613   0.558530E+01   0.213315E+00   0.000000E+00  -0.409711E+00   0.659179E-09   0.738296E-07   0.485153E-09
  3614   0.557917E+01   0.211997E+00   0.000000E+00  -0.408345E+00   0.658787E-09   0.740701E-07   0.466916E-09
  3615   0.557297E+01   0.210682E+00   0.000000E+00  -0.406936E+00   0.658395E-09   0.743112E-07   0.448723E-09
  3616   0.556670E+01   0.209371E+00   0.000000E+00  -0.405486E+00   0.658003E-09   0.745526E-07   0.430575E-09
  3617   0.556037E+01   0.208065E+00   0.000000E+00  -0.403994E+00   0.657611E-09   0.747939E-07   0.412474E-09
  3618   0.555396E+01   0.206764E+00   0.000000E+00  -0.402462E+00   0.657220E-09   0.750349E-07   0.394421E-09
  3619   0.554748E+01   0.205468E+00   0.000000E+00  -0.400890E+00   0.656829E-09   0.752751E-07   0.376420E-09
  3620   0.554093E+01   0.204176E+00   0.000000E+00  -0.399278E+00   0.656439E-09   0.755142E-07   0.358472E-09
  3621   0.553430E+01   0.202890E+00   0.000000E+00  -0.397627E+00   0.656049E-09   0.757518E-07   0.340579E-09
  3622   0.552759E+01   0.201610E+00   0.000000E+00  -0.395939E+00   0.655658E-09   0.759876E-07   0.322742E-09
  3623   0.552080E+01   0.200336E+00   0.000000E+00  -0.394212E+00   0.655269E-09   0.762211E-07   0.304964E-09
  3624   0.551393E+01   0.199067E+00   0.000000E+00  -0.392449E+00   0.654879E-09   0.764522E-07   0.287247E-09
  3625   0.550697E+01   0.197805E+00   0.000000E+00  -0.390650E+00   0.654490E-09   0.766803E-07   0.269592E-09
  3626   0.549993E+01   0.196549E+00   0.000000E+00  -0.388815E+00   0.654101E-09   0.769051E-07   0.252001E-09
  3627   0.549280E+01   0.195301E+00   0.000000E+00  -0.386946E+00   0.653713E-09   0.771264E-07   0.234477E-09
  3628   0.548559E+01   0.194060E+00   0.000000E+00  -0.385043E+00   0.653324E-09   0.773436E-07   0.217022E-09
  3629   0.547829E+01   0.192826E+00   0.000000E+00  -0.383107E+00   0.652936E-09   0.775566E-07   0.199637E-09
  3630   0.547090E+01   0.191600E+00   0.000000E+00  -0.381139E+00   0.652548E-09   0.777648E-07   0.182323E-09
  3631   0.546341E+01   0.190382E+00   0.000000E+00  -0.379141E+00   0.652161E-09   0.779680E-07   0.165084E-09
  3632   0.545583E+01   0.189172E+00   0.000000E+00  -0.377110E+00   0.651774E-09   0.781658E-07   0.147921E-09
  3633   0.544817E+01   0.187970E+00   0.000000E+00  -0.375051E+00   0.651387E-09   0.783578E-07   0.130836E-09
  3634   0.544040E+01   0.186777E+00   0.000000E+00  -0.372962E+00   0.651000E-09   0.785437E-07   0.113831E-09
  3635   0.543255E+01   0.185592E+00   0.000000E+00  -0.370845E+00   0.650614E-09   0.787232E-07   0.969083E-10
  3636   0.542460E+01   0.184417E+00   0.000000E+00  -0.368700E+00   0.650228E-09   0.788958E-07   0.800689E-10
  3637   0.541655E+01   0.183251E+00   0.000000E+00  -0.366529E+00   0.649842E-09   0.790612E-07   0.633153E-10
  3638   0.540840E+01   0.182094E+00   0.000000E+00  -0.364332E+00   0.649456E-09   0.792191E-07   0.466493E-10
  3639   0.540015E+01   0.180946E+00   0.000000E+00  -0.362109E+00   0.649071E-09   0.793690E-07   0.300729E-10
  3640   0.539180E+01   0.179808E+00   0.000000E+00  -0.359863E+00   0.648686E-09   0.795107E-07   0.135881E-10
  3641   0.538336E+01   0.178680E+00   0.000000E+00  -0.357593E+00   0.648301E-09   0.796438E-07  -0.280335E-11
  3642   0.537481E+01   0.177562E+00   0.000000E+00  -0.355300E+00   0.647917E-09   0.797679E-07  -0.190994E-10
  3643   0.536616E+01   0.176455E+00   0.000000E+00  -0.352986E+00   0.647532E-09   0.798827E-07  -0.352981E-10
  3644   0.535742E+01   0.175358E+00   0.000000E+00  -0.350652E+00   0.647148E-09   0.799878E-07  -0.513975E-10
  3645   0.534857E+01   0.174271E+00   0.000000E+00  -0.348297E+00   0.646765E-09   0.800829E-07  -0.673957E-10
  3646   0.533962E+01   0.173195E+00   0.000000E+00  -0.345924E+00   0.646381E-09   0.801676E-07  -0.832909E-10
  3647   0.533056E+01   0.172131E+00   0.000000E+00  -0.343531E+00   0.645998E-09   0.802415E-07  -0.990810E-10
  3648   0.532141E+01   0.171077E+00   0.000000E+00  -0.341122E+00   0.645616E-09   0.803042E-07  -0.114764E-09
  3649   0.531215E+01   0.170035E+00   0.000000E+00  -0.338695E+00   0.645233E-09   0.803556E-07  -0.130338E-09
  3650   0.530279E+01   0.169003E+00   0.000000E+00  -0.336253E+00   0.644851E-09   0.803950E-07  -0.145802E-09
  3651   0.529332E+01   0.167984E+00   0.000000E+00  -0.333796E+00   0.644469E-09   0.804225E-07  -0.161152E-09
  3652   0.528375E+01   0.166976E+00   0.000000E+00  -0.331325E+00   0.644087E-09   0.804381E-07  -0.176390E-09
  3653   0.527408E+01   0.165979E+00   0.000000E+00  -0.328840E+00   0.643705E-09   0.804422E-07  -0.191513E-09
  3654   0.526430E+01   0.164994E+00   0.000000E+00  -0.326343E+00   0.643324E-09   0.804353E-07  -0.206521E-09
  3655   0.525442E+01   0.164022E+00   0.000000E+00  -0.323835E+00   0.642943E-09   0.804177E-07  -0.221413E-09
  3656   0.524444E+01   0.163062E+00   0.000000E+00  -0.321316E+00   0.642562E-09   0.803898E-07  -0.236189E-09
  3657   0.523436E+01   0.162114E+00   0.000000E+00  -0.318787E+00   0.642182E-09   0.803519E-07  -0.250848E-09
  3658   0.522418E+01   0.161178E+00   0.000000E+00  -0.316250E+00   0.641802E-09   0.803044E-07  -0.265388E-09
  3659   0.521390E+01   0.160255E+00   0.000000E+00  -0.313705E+00   0.641422E-09   0.802477E-07  -0.279810E-09
  3660   0.520351E+01   0.159344E+00   0.000000E+00  -0.311153E+00   0.641042E-09   0.801822E-07  -0.294113E-09
  3661   0.519304E+01   0.158446E+00   0.000000E+00  -0.308595E+00   0.640663E-09   0.801082E-07  -0.308296E-09
  3662   0.518245E+01   0.157562E+00   0.000000E+00  -0.306031E+00   0.640284E-09   0.800261E-07  -0.322358E-09
  3663   0.517178E+01   0.156690E+00   0.000000E+00  -0.303463E+00   0.639905E-09   0.799363E-07  -0.336298E-09
  3664   0.516100E+01   0.155830E+00   0.000000E+00  -0.300891E+00   0.639527E-09   0.798391E-07  -0.350116E-09
  3665   0.515012E+01   0.154984E+00   0.000000E+00  -0.298316E+00   0.639148E-09   0.797349E-07  -0.363811E-09
  3666   0.513915E+01   0.154150E+00   0.000000E+00  -0.295738E+00   0.638770E-09   0.796242E-07  -0.377382E-09
  3667   0.512808E+01   0.153330E+00   0.000000E+00  -0.293160E+00   0.638393E-09   0.795071E-07  -0.390828E-09
  3668   0.511692E+01   0.152523E+00   0.000000E+00  -0.290581E+00   0.638015E-09   0.793843E-07  -0.404149E-09
  3669   0.510566E+01   0.151729E+00   0.000000E+00  -0.288002E+00   0.637638E-09   0.792559E-07  -0.417345E-09
  3670   0.509431E+01   0.150948E+00   0.000000E+00  -0.285425E+00   0.637261E-09   0.791224E-07  -0.430413E-09
  3671   0.508286E+01   0.150181E+00   0.000000E+00  -0.282850E+00   0.636884E-09   0.789841E-07  -0.443354E-09
  3672   0.507133E+01   0.149427E+00   0.000000E+00  -0.280277E+00   0.636508E-09   0.788414E-07  -0.456167E-09
  3673   0.505970E+01   0.148685E+00   0.000000E+00  -0.277708E+00   0.636132E-09   0.786948E-07  -0.468851E-09
  3674   0.504799E+01   0.147958E+00   0.000000E+00  -0.275144E+00   0.635756E-09   0.785445E-07  -0.481405E-09
  3675   0.503618E+01   0.147244E+00   0.000000E+00  -0.272584E+00   0.635380E-09   0.783909E-07  -0.493829E-09
  3676   0.502429E+01   0.146544E+00   0.000000E+00  -0.270030E+00   0.635005E-09   0.782345E-07  -0.506122E-09
  3677   0.501230E+01   0.145856E+00   0.000000E+00  -0.267483E+00   0.634630E-09   0.780755E-07  -0.518283E-09
  3678   0.500024E+01   0.145182E+00   0.000000E+00  -0.264944E+00   0.634255E-09   0.779143E-07  -0.530311E-09
  3679   0.498809E+01   0.144521E+00   0.000000E+00  -0.262413E+00   0.633880E-09   0.777514E-07  -0.542206E-09
  3680   0.497587E+01   0.143874E+00   0.000000E+00  -0.259891E+00   0.633506E-09   0.775871E-07  -0.553967E-09
  3681   0.496356E+01   0.143241E+00   0.000000E+00  -0.257378E+00   0.633132E-09   0.774217E-07  -0.565593E-09
  3682   0.495117E+01   0.142620E+00   0.000000E+00  -0.254876E+00   0.632758E-09   0.772557E-07  -0.577084E-09
  3683   0.493870E+01   0.142013E+00   0.000000E+00  -0.252385E+00   0.632385E-09   0.770893E-07  -0.588438E-09
  3684   0.492615E+01   0.141420E+00   0.000000E+00  -0.249906E+00   0.632012E-09   0.769231E-07  -0.599655E-09
  3685   0.491353E+01   0.140840E+00   0.000000E+00  -0.247439E+00   0.631639E-09   0.767573E-07  -0.610735E-09
  3686   0.490083E+01   0.140272E+00   0.000000E+00  -0.244985E+00   0.631266E-09   0.765923E-07  -0.621676E-09
  3687   0.488806E+01   0.139718E+00   0.000000E+00  -0.242545E+00   0.630893E-09   0.764285E-07  -0.632478E-09
  3688   0.487522E+01   0.139177E+00   0.000000E+00  -0.240120E+00   0.630521E-09   0.762662E-07  -0.643140E-09
  3689   0.486231E+01   0.138650E+00   0.000000E+00  -0.237710E+00   0.630149E-09   0.761059E-07  -0.653661E-09
  3690   0.484933E+01   0.138135E+00   0.000000E+00  -0.235316E+00   0.629778E-09   0.759479E-07  -0.664041E-09
  3691   0.483629E+01   0.137634E+00   0.000000E+00  -0.232939E+00   0.629406E-09   0.757926E-07  -0.674278E-09
  3692   0.482319E+01   0.137145E+00   0.000000E+00  -0.230579E+00   0.629035E-09   0.756403E-07  -0.684373E-09
  3693   0.481002E+01   0.136669E+00   0.000000E+00  -0.228238E+00   0.628664E-09   0.754915E-07  -0.694325E-09
  3694   0.479680E+01   0.136206E+00   0.000000E+00  -0.225915E+00   0.628294E-09   0.753464E-07  -0.704131E-09
  3695   0.478352E+01   0.135756E+00   0.000000E+00  -0.223610E+00   0.627923E-09   0.752055E-07  -0.713793E-09
  3696   0.477018E+01   0.135319E+00   0.000000E+00  -0.221327E+00   0.627553E-09   0.750691E-07  -0.723309E-09
  3697   0.475679E+01   0.134895E+00   0.000000E+00  -0.219064E+00   0.627183E-09   0.749377E-07  -0.732679E-09
  3698   0.474335E+01   0.134482E+00   0.000000E+00  -0.216821E+00   0.626814E-09   0.748115E-07  -0.741901E-09
  3699   0.472986E+01   0.134083E+00   0.000000E+00  -0.214600E+00   0.626445E-09   0.746909E-07  -0.750975E-09
  3700   0.471632E+01   0.133696E+00   0.000000E+00  -0.212400E+00   0.626076E-09   0.745764E-07  -0.759900E-09
  3701   0.470273E+01   0.133320E+00   0.000000E+00  -0.210224E+00   0.625707E-09   0.744682E-07  -0.768676E-09
  3702   0.468910E+01   0.132957E+00   0.000000E+00  -0.208070E+00   0.625338E-09   0.743661E-07  -0.777303E-09
  3703   0.467542E+01   0.132607E+00   0.000000E+00  -0.205941E+00   0.624970E-09   0.742699E-07  -0.785780E-09
  3704   0.466170E+01   0.132267E+00   0.000000E+00  -0.203835E+00   0.624602E-09   0.741794E-07  -0.794109E-09
  3705   0.464795E+01   0.131940E+00   0.000000E+00  -0.201753E+00   0.624235E-09   0.740943E-07  -0.802288E-09
  3706   0.463416E+01   0.131625E+00   0.000000E+00  -0.199698E+00   0.623867E-09   0.740144E-07  -0.810318E-09
  3707   0.462033E+01   0.131321E+00   0.000000E+00  -0.197667E+00   0.623500E-09   0.739394E-07  -0.818200E-09
  3708   0.460647E+01   0.131029E+00   0.000000E+00  -0.195662E+00   0.623133E-09   0.738691E-07  -0.825932E-09
  3709   0.459258E+01   0.130748E+00   0.000000E+00  -0.193684E+00   0.622766E-09   0.738032E-07  -0.833516E-09
  3710   0.457866E+01   0.130478E+00   0.000000E+00  -0.191733E+00   0.622400E-09   0.737415E-07  -0.840952E-09
  3711   0.456472E+01   0.130220E+00   0.000000E+00  -0.189809E+00   0.622033E-09   0.736837E-07  -0.848239E-09
  3712   0.455075E+01   0.129972E+00   0.000000E+00  -0.187912E+00   0.621668E-09   0.736297E-07  -0.855378E-09
  3713   0.453675E+01   0.129736E+00   0.000000E+00  -0.186043E+00   0.621302E-09   0.735791E-07  -0.862369E-09
  3714   0.452273E+01   0.129509E+00   0.000000E+00  -0.184203E+00   0.620936E-09   0.735318E-07  -0.869211E-09
  3715   0.450870E+01   0.129294E+00   0.000000E+00  -0.182392E+00   0.620571E-09   0.734874E-07  -0.875906E-09
  3716   0.449465E+01   0.129089E+00   0.000000E+00  -0.180610E+00   0.620206E-09   0.734457E-07  -0.882453E-09
  3717   0.448058E+01   0.128894E+00   0.000000E+00  -0.178857E+00   0.619842E-09   0.734065E-07  -0.888852E-09
  3718   0.446650E+01   0.128709E+00   0.000000E+00  -0.177134E+00   0.619477E-09   0.733696E-07  -0.895103E-09
  3719   0.445241E+01   0.128534E+00   0.000000E+00  -0.175441E+00   0.619113E-09   0.733346E-07  -0.901207E-09
  3720   0.443832E+01   0.128370E+00   0.000000E+00  -0.173779E+00   0.618749E-09   0.733014E-07  -0.907164E-09
  3721   0.442422E+01   0.128214E+00   0.000000E+00  -0.172147E+00   0.618386E-09   0.732697E-07  -0.912973E-09
  3722   0.441012E+01   0.128069E+00   0.000000E+00  -0.170546E+00   0.618023E-09   0.732393E-07  -0.918635E-09
  3723   0.439601E+01   0.127932E+00   0.000000E+00  -0.168976E+00   0.617659E-09   0.732099E-07  -0.924149E-09
  3724   0.438191E+01   0.127805E+00   0.000000E+00  -0.167439E+00   0.617297E-09   0.731812E-07  -0.929517E-09
  3725   0.436780E+01   0.127687E+00   0.000000E+00  -0.165932E+00   0.616934E-09   0.731531E-07  -0.934738E-09
  3726   0.435370E+01   0.127578E+00   0.000000E+00  -0.164457E+00   0.616572E-09   0.731252E-07  -0.939812E-09
  3727   0.433961E+01   0.127478E+00   0.000000E+00  -0.163014E+00   0.616210E-09   0.730974E-07  -0.944740E-09
  3728   0.432553E+01   0.127385E+00   0.000000E+00  -0.161604E+00   0.615848E-09   0.730694E-07  -0.949521E-09
  3729   0.431146E+01   0.127302E+00   0.000000E+00  -0.160227E+00   0.615486E-09   0.730410E-07  -0.954155E-09
  3730   0.429740E+01   0.127227E+00   0.000000E+00  -0.158881E+00   0.615125E-09   0.730118E-07  -0.958644E-09
  3731   0.428335E+01   0.127159E+00   0.000000E+00  -0.157569E+00   0.614764E-09   0.729817E-07  -0.962986E-09
  3732   0.426932E+01   0.127099E+00   0.000000E+00  -0.156289E+00   0.614403E-09   0.729505E-07  -0.967181E-09
  3733   0.425530E+01   0.127047E+00   0.000000E+00  -0.155042E+00   0.614042E-09   0.729178E-07  -0.971231E-09
  3734   0.424132E+01   0.127002E+00   0.000000E+00  -0.153828E+00   0.613682E-09   0.728834E-07  -0.975135E-09
  3735   0.422734E+01   0.126965E+00   0.000000E+00  -0.152648E+00   0.613322E-09   0.728471E-07  -0.978893E-09
  3736   0.421340E+01   0.126935E+00   0.000000E+00  -0.151500E+00   0.612962E-09   0.728087E-07  -0.982505E-09
  3737   0.419948E+01   0.126912E+00   0.000000E+00  -0.150386E+00   0.612602E-09   0.727678E-07  -0.985972E-09
  3738   0.418559E+01   0.126895E+00   0.000000E+00  -0.149305E+00   0.612243E-09   0.727243E-07  -0.989294E-09
  3739   0.417173E+01   0.126885E+00   0.000000E+00  -0.148257E+00   0.611884E-09   0.726779E-07  -0.992470E-09
  3740   0.415790E+01   0.126881E+00   0.000000E+00  -0.147242E+00   0.611525E-09   0.726284E-07  -0.995500E-09
  3741   0.414410E+01   0.126884E+00   0.000000E+00  -0.146261E+00   0.611167E-09   0.725755E-07  -0.998386E-09
  3742   0.413034E+01   0.126892E+00   0.000000E+00  -0.145313E+00   0.610808E-09   0.725190E-07  -0.100113E-08
  3743   0.411661E+01   0.126907E+00   0.000000E+00  -0.144398E+00   0.610450E-09   0.724585E-07  -0.100372E-08
  3744   0.410293E+01   0.126926E+00   0.000000E+00  -0.143516E+00   0.610092E-09   0.723940E-07  -0.100617E-08
  3745   0.408929E+01   0.126951E+00   0.000000E+00  -0.142668E+00   0.609735E-09   0.723251E-07  -0.100848E-08
  3746   0.407569E+01   0.126982E+00   0.000000E+00  -0.141853E+00   0.609377E-09   0.722516E-07  -0.101064E-08
  3747   0.406212E+01   0.127017E+00   0.000000E+00  -0.141071E+00   0.609020E-09   0.721733E-07  -0.101266E-08
  3748   0.404862E+01   0.127057E+00   0.000000E+00  -0.140321E+00   0.608663E-09   0.720899E-07  -0.101453E-08
  3749   0.403516E+01   0.127102E+00   0.000000E+00  -0.139605E+00   0.608307E-09   0.720011E-07  -0.101626E-08
  3750   0.402174E+01   0.127151E+00   0.000000E+00  -0.138921E+00   0.607950E-09   0.719068E-07  -0.101784E-08
  3751   0.400839E+01   0.127205E+00   0.000000E+00  -0.138270E+00   0.607594E-09   0.718067E-07  -0.101928E-08
  3752   0.399508E+01   0.127262E+00   0.000000E+00  -0.137652E+00   0.607238E-09   0.717010E-07  -0.102058E-08
  3753   0.398183E+01   0.127324E+00   0.000000E+00  -0.137066E+00   0.606883E-09   0.715899E-07  -0.102173E-08
  3754   0.396864E+01   0.127389E+00   0.000000E+00  -0.136511E+00   0.606527E-09   0.714738E-07  -0.102275E-08
  3755   0.395550E+01   0.127457E+00   0.000000E+00  -0.135989E+00   0.606172E-09   0.713528E-07  -0.102362E-08
  3756   0.394243E+01   0.127529E+00   0.000000E+00  -0.135499E+00   0.605817E-09   0.712271E-07  -0.102435E-08
  3757   0.392942E+01   0.127604E+00   0.000000E+00  -0.135041E+00   0.605463E-09   0.710971E-07  -0.102494E-08
  3758   0.391646E+01   0.127682E+00   0.000000E+00  -0.134613E+00   0.605108E-09   0.709629E-07  -0.102540E-08
  3759   0.390358E+01   0.127763E+00   0.000000E+00  -0.134217E+00   0.604754E-09   0.708247E-07  -0.102572E-08
  3760   0.389075E+01   0.127847E+00   0.000000E+00  -0.133851E+00   0.604400E-09   0.706829E-07  -0.102590E-08
  3761   0.387800E+01   0.127932E+00   0.000000E+00  -0.133516E+00   0.604047E-09   0.705377E-07  -0.102594E-08
  3762   0.386531E+01   0.128020E+00   0.000000E+00  -0.133212E+00   0.603693E-09   0.703892E-07  -0.102585E-08
  3763   0.385270E+01   0.128109E+00   0.000000E+00  -0.132938E+00   0.603340E-09   0.702377E-07  -0.102563E-08
  3764   0.384015E+01   0.128200E+00   0.000000E+00  -0.132694E+00   0.602987E-09   0.700836E-07  -0.102527E-08
  3765   0.382768E+01   0.128294E+00   0.000000E+00  -0.132479E+00   0.602634E-09   0.699269E-07  -0.102478E-08
  3766   0.381528E+01   0.128388E+00   0.000000E+00  -0.132294E+00   0.602282E-09   0.697680E-07  -0.102416E-08
  3767   0.380295E+01   0.128483E+00   0.000000E+00  -0.132137E+00   0.601929E-09   0.696070E-07  -0.102341E-08
  3768   0.379070E+01   0.128580E+00   0.000000E+00  -0.132010E+00   0.601578E-09   0.694443E-07  -0.102253E-08
  3769   0.377853E+01   0.128677E+00   0.000000E+00  -0.131911E+00   0.601226E-09   0.692800E-07  -0.102152E-08
  3770   0.376644E+01   0.128775E+00   0.000000E+00  -0.131839E+00   0.600874E-09   0.691145E-07  -0.102038E-08
  3771   0.375442E+01   0.128874E+00   0.000000E+00  -0.131796E+00   0.600523E-09   0.689478E-07  -0.101911E-08
  3772   0.374249E+01   0.128973E+00   0.000000E+00  -0.131780E+00   0.600172E-09   0.687804E-07  -0.101772E-08
  3773   0.373065E+01   0.129072E+00   0.000000E+00  -0.131791E+00   0.599821E-09   0.686123E-07  -0.101620E-08
  3774   0.371888E+01   0.129170E+00   0.000000E+00  -0.131829E+00   0.599471E-09   0.684439E-07  -0.101456E-08
  3775   0.370719E+01   0.129269E+00   0.000000E+00  -0.131893E+00   0.599120E-09   0.682754E-07  -0.101279E-08
  3776   0.369559E+01   0.129367E+00   0.000000E+00  -0.131983E+00   0.598770E-09   0.681070E-07  -0.101090E-08
  3777   0.368408E+01   0.129464E+00   0.000000E+00  -0.132099E+00   0.598420E-09   0.679389E-07  -0.100889E-08
  3778   0.367264E+01   0.129561E+00   0.000000E+00  -0.132240E+00   0.598071E-09   0.677715E-07  -0.100675E-08
  3779   0.366130E+01   0.129657E+00   0.000000E+00  -0.132405E+00   0.597722E-09   0.676049E-07  -0.100450E-08
  3780   0.365004E+01   0.129752E+00   0.000000E+00  -0.132596E+00   0.597372E-09   0.674393E-07  -0.100212E-08
  3781   0.363887E+01   0.129846E+00   0.000000E+00  -0.132810E+00   0.597024E-09   0.672751E-07  -0.999625E-09
  3782   0.362780E+01   0.129938E+00   0.000000E+00  -0.133048E+00   0.596675E-09   0.671125E-07  -0.997012E-09
  3783   0.361681E+01   0.130028E+00   0.000000E+00  -0.133308E+00   0.596327E-09   0.669516E-07  -0.994282E-09
  3784   0.360591E+01   0.130117E+00   0.000000E+00  -0.133592E+00   0.595979E-09   0.667927E-07  -0.991435E-09
  3785   0.359511E+01   0.130204E+00   0.000000E+00  -0.133898E+00   0.595631E-09   0.666362E-07  -0.988472E-09
  3786   0.358440E+01   0.130289E+00   0.000000E+00  -0.134227E+00   0.595283E-09   0.664821E-07  -0.985395E-09
  3787   0.357378E+01   0.130372E+00   0.000000E+00  -0.134576E+00   0.594936E-09   0.663307E-07  -0.982203E-09
  3788   0.356326E+01   0.130452E+00   0.000000E+00  -0.134946E+00   0.594588E-09   0.661824E-07  -0.978898E-09
  3789   0.355283E+01   0.130531E+00   0.000000E+00  -0.135336E+00   0.594241E-09   0.660372E-07  -0.975481E-09
  3790   0.354249E+01   0.130607E+00   0.000000E+00  -0.135746E+00   0.593895E-09   0.658955E-07  -0.971952E-09
  3791   0.353225E+01   0.130680E+00   0.000000E+00  -0.136176E+00   0.593548E-09   0.657576E-07  -0.968312E-09
  3792   0.352210E+01   0.130749E+00   0.000000E+00  -0.136625E+00   0.593202E-09   0.656235E-07  -0.964563E-09
  3793   0.351205E+01   0.130816E+00   0.000000E+00  -0.137093E+00   0.592856E-09   0.654936E-07  -0.960704E-09
  3794   0.350209E+01   0.130880E+00   0.000000E+00  -0.137578E+00   0.592510E-09   0.653681E-07  -0.956737E-09
  3795   0.349223E+01   0.130941E+00   0.000000E+00  -0.138081E+00   0.592165E-09   0.652473E-07  -0.952663E-09
  3796   0.348246E+01   0.130998E+00   0.000000E+00  -0.138601E+00   0.591820E-09   0.651313E-07  -0.948482E-09
  3797   0.347279E+01   0.131053E+00   0.000000E+00  -0.139138E+00   0.591475E-09   0.650205E-07  -0.944196E-09
  3798   0.346321E+01   0.131102E+00   0.000000E+00  -0.139690E+00   0.591130E-09   0.649150E-07  -0.939804E-09
  3799   0.345374E+01   0.131149E+00   0.000000E+00  -0.140259E+00   0.590785E-09   0.648151E-07  -0.935308E-09
  3800   0.344436E+01   0.131191E+00   0.000000E+00  -0.140842E+00   0.590441E-09   0.647210E-07  -0.930709E-09
  3801   0.343507E+01   0.131230E+00   0.000000E+00  -0.141439E+00   0.590097E-09   0.646330E-07  -0.926008E-09
  3802   0.342589E+01   0.131264E+00   0.000000E+00  -0.142051E+00   0.589753E-09   0.645508E-07  -0.921205E-09
  3803   0.341679E+01   0.131295E+00   0.000000E+00  -0.142676E+00   0.589409E-09   0.644745E-07  -0.916302E-09
  3804   0.340780E+01   0.131321E+00   0.000000E+00  -0.143314E+00   0.589066E-09   0.644038E-07  -0.911299E-09
  3805   0.339889E+01   0.131342E+00   0.000000E+00  -0.143965E+00   0.588723E-09   0.643386E-07  -0.906198E-09
  3806   0.339009E+01   0.131359E+00   0.000000E+00  -0.144626E+00   0.588380E-09   0.642788E-07  -0.901000E-09
  3807   0.338137E+01   0.131371E+00   0.000000E+00  -0.145300E+00   0.588037E-09   0.642242E-07  -0.895705E-09
  3808   0.337276E+01   0.131379E+00   0.000000E+00  -0.145984E+00   0.587695E-09   0.641746E-07  -0.890314E-09
  3809   0.336424E+01   0.131381E+00   0.000000E+00  -0.146679E+00   0.587353E-09   0.641300E-07  -0.884830E-09
  3810   0.335581E+01   0.131379E+00   0.000000E+00  -0.147383E+00   0.587011E-09   0.640901E-07  -0.879251E-09
  3811   0.334748E+01   0.131371E+00   0.000000E+00  -0.148097E+00   0.586669E-09   0.640549E-07  -0.873580E-09
  3812   0.333924E+01   0.131359E+00   0.000000E+00  -0.148819E+00   0.586328E-09   0.640241E-07  -0.867818E-09
  3813   0.333110E+01   0.131341E+00   0.000000E+00  -0.149549E+00   0.585986E-09   0.639977E-07  -0.861965E-09
  3814   0.332305E+01   0.131319E+00   0.000000E+00  -0.150287E+00   0.585645E-09   0.639755E-07  -0.856023E-09
  3815   0.331510E+01   0.131291E+00   0.000000E+00  -0.151032E+00   0.585305E-09   0.639574E-07  -0.849992E-09
  3816   0.330724E+01   0.131258E+00   0.000000E+00  -0.151783E+00   0.584964E-09   0.639432E-07  -0.843873E-09
  3817   0.329947E+01   0.131219E+00   0.000000E+00  -0.152541E+00   0.584624E-09   0.639328E-07  -0.837668E-09
  3818   0.329179E+01   0.131175E+00   0.000000E+00  -0.153303E+00   0.584284E-09   0.639260E-07  -0.831378E-09
  3819   0.328421E+01   0.131124E+00   0.000000E+00  -0.154071E+00   0.583944E-09   0.639227E-07  -0.825003E-09
  3820   0.327671E+01   0.131069E+00   0.000000E+00  -0.154843E+00   0.583604E-09   0.639227E-07  -0.818544E-09
  3821   0.326931E+01   0.131008E+00   0.000000E+00  -0.155619E+00   0.583265E-09   0.639259E-07  -0.812003E-09
  3822   0.326199E+01   0.130940E+00   0.000000E+00  -0.156399E+00   0.582926E-09   0.639322E-07  -0.805381E-09
  3823   0.325476E+01   0.130867E+00   0.000000E+00  -0.157180E+00   0.582587E-09   0.639414E-07  -0.798678E-09
  3824   0.324763E+01   0.130788E+00   0.000000E+00  -0.157964E+00   0.582248E-09   0.639533E-07  -0.791895E-09
  3825   0.324058E+01   0.130703E+00   0.000000E+00  -0.158751E+00   0.581910E-09   0.639679E-07  -0.785034E-09
  3826   0.323361E+01   0.130612E+00   0.000000E+00  -0.159539E+00   0.581571E-09   0.639849E-07  -0.778095E-09
  3827   0.322674E+01   0.130515E+00   0.000000E+00  -0.160327E+00   0.581233E-09   0.640043E-07  -0.771079E-09
  3828   0.321994E+01   0.130412E+00   0.000000E+00  -0.161115E+00   0.580896E-09   0.640259E-07  -0.763988E-09
  3829   0.321324E+01   0.130303E+00   0.000000E+00  -0.161903E+00   0.580558E-09   0.640496E-07  -0.756823E-09
  3830   0.320661E+01   0.130187E+00   0.000000E+00  -0.162690E+00   0.580221E-09   0.640751E-07  -0.749583E-09
  3831   0.320007E+01   0.130065E+00   0.000000E+00  -0.163477E+00   0.579884E-09   0.641024E-07  -0.742271E-09
  3832   0.319361E+01   0.129937E+00   0.000000E+00  -0.164261E+00   0.579547E-09   0.641313E-07  -0.734888E-09
  3833   0.318723E+01   0.129803E+00   0.000000E+00  -0.165044E+00   0.579210E-09   0.641617E-07  -0.727434E-09
  3834   0.318093E+01   0.129663E+00   0.000000E+00  -0.165824E+00   0.578874E-09   0.641934E-07  -0.719910E-09
  3835   0.317472E+01   0.129516E+00   0.000000E+00  -0.166600E+00   0.578538E-09   0.642263E-07  -0.712318E-09
  3836   0.316857E+01   0.129363E+00   0.000000E+00  -0.167373E+00   0.578202E-09   0.642603E-07  -0.704658E-09
  3837   0.316251E+01   0.129203E+00   0.000000E+00  -0.168142E+00   0.577866E-09   0.642951E-07  -0.696931E-09
  3838   0.315653E+01   0.129037E+00   0.000000E+00  -0.168906E+00   0.577531E-09   0.643307E-07  -0.689139E-09
  3839   0.315061E+01   0.128866E+00   0.000000E+00  -0.169666E+00   0.577196E-09   0.643669E-07  -0.681282E-09
  3840   0.314477E+01   0.128687E+00   0.000000E+00  -0.170420E+00   0.576861E-09   0.644036E-07  -0.673362E-09
  3841   0.313901E+01   0.128502E+00   0.000000E+00  -0.171168E+00   0.576526E-09   0.644406E-07  -0.665378E-09
  3842   0.313332E+01   0.128311E+00   0.000000E+00  -0.171911E+00   0.576191E-09   0.644778E-07  -0.657333E-09
  3843   0.312770E+01   0.128115E+00   0.000000E+00  -0.172647E+00   0.575857E-09   0.645150E-07  -0.649228E-09
  3844   0.312215E+01   0.127912E+00   0.000000E+00  -0.173375E+00   0.575523E-09   0.645521E-07  -0.641063E-09
  3845   0.311667E+01   0.127702E+00   0.000000E+00  -0.174095E+00   0.575189E-09   0.645890E-07  -0.632839E-09
  3846   0.311125E+01   0.127486E+00   0.000000E+00  -0.174809E+00   0.574855E-09   0.646255E-07  -0.624557E-09
  3847   0.310590E+01   0.127265E+00   0.000000E+00  -0.175513E+00   0.574522E-09   0.646614E-07  -0.616219E-09
  3848   0.310062E+01   0.127037E+00   0.000000E+00  -0.176208E+00   0.574189E-09   0.646966E-07  -0.607825E-09
  3849   0.309541E+01   0.126802E+00   0.000000E+00  -0.176894E+00   0.573856E-09   0.647311E-07  -0.599376E-09
  3850   0.309024E+01   0.126561E+00   0.000000E+00  -0.177570E+00   0.573523E-09   0.647645E-07  -0.590873E-09
  3851   0.308515E+01   0.126315E+00   0.000000E+00  -0.178237E+00   0.573191E-09   0.647969E-07  -0.582318E-09
  3852   0.308011E+01   0.126062E+00   0.000000E+00  -0.178893E+00   0.572858E-09   0.648281E-07  -0.573711E-09
  3853   0.307514E+01   0.125804E+00   0.000000E+00  -0.179538E+00   0.572527E-09   0.648582E-07  -0.565055E-09
  3854   0.307022E+01   0.125539E+00   0.000000E+00  -0.180172E+00   0.572195E-09   0.648871E-07  -0.556349E-09
  3855   0.306536E+01   0.125269E+00   0.000000E+00  -0.180795E+00   0.571863E-09   0.649148E-07  -0.547596E-09
  3856   0.306055E+01   0.124992E+00   0.000000E+00  -0.181405E+00   0.571532E-09   0.649413E-07  -0.538797E-09
  3857   0.305579E+01   0.124710E+00   0.000000E+00  -0.182004E+00   0.571201E-09   0.649665E-07  -0.529954E-09
  3858   0.305109E+01   0.124421E+00   0.000000E+00  -0.182589E+00   0.570870E-09   0.649905E-07  -0.521066E-09
  3859   0.304644E+01   0.124127E+00   0.000000E+00  -0.183162E+00   0.570539E-09   0.650132E-07  -0.512137E-09
  3860   0.304183E+01   0.123827E+00   0.000000E+00  -0.183722E+00   0.570209E-09   0.650346E-07  -0.503166E-09
  3861   0.303728E+01   0.123522E+00   0.000000E+00  -0.184268E+00   0.569878E-09   0.650546E-07  -0.494156E-09
  3862   0.303276E+01   0.123210E+00   0.000000E+00  -0.184799E+00   0.569548E-09   0.650734E-07  -0.485108E-09
  3863   0.302829E+01   0.122893E+00   0.000000E+00  -0.185316E+00   0.569218E-09   0.650907E-07  -0.476023E-09
  3864   0.302387E+01   0.122570E+00   0.000000E+00  -0.185819E+00   0.568889E-09   0.651067E-07  -0.466902E-09
  3865   0.301948E+01   0.122243E+00   0.000000E+00  -0.186306E+00   0.568559E-09   0.651213E-07  -0.457747E-09
  3866   0.301514E+01   0.121909E+00   0.000000E+00  -0.186779E+00   0.568230E-09   0.651344E-07  -0.448560E-09
  3867   0.301083E+01   0.121570E+00   0.000000E+00  -0.187236E+00   0.567901E-09   0.651461E-07  -0.439340E-09
  3868   0.300657E+01   0.121226E+00   0.000000E+00  -0.187677E+00   0.567573E-09   0.651563E-07  -0.430090E-09
  3869   0.300233E+01   0.120877E+00   0.000000E+00  -0.188102E+00   0.567244E-09   0.651651E-07  -0.420811E-09
  3870   0.299814E+01   0.120523E+00   0.000000E+00  -0.188511E+00   0.566916E-09   0.651723E-07  -0.411505E-09
  3871   0.299398E+01   0.120164E+00   0.000000E+00  -0.188903E+00   0.566588E-09   0.651779E-07  -0.402172E-09
  3872   0.298985E+01   0.119799E+00   0.000000E+00  -0.189279E+00   0.566260E-09   0.651821E-07  -0.392814E-09
  3873   0.298575E+01   0.119430E+00   0.000000E+00  -0.189637E+00   0.565933E-09   0.651846E-07  -0.383433E-09
  3874   0.298168E+01   0.119055E+00   0.000000E+00  -0.189979E+00   0.565605E-09   0.651856E-07  -0.374028E-09
  3875   0.297763E+01   0.118676E+00   0.000000E+00  -0.190302E+00   0.565278E-09   0.651849E-07  -0.364603E-09
  3876   0.297362E+01   0.118292E+00   0.000000E+00  -0.190608E+00   0.564952E-09   0.651826E-07  -0.355159E-09
  3877   0.296963E+01   0.117904E+00   0.000000E+00  -0.190897E+00   0.564625E-09   0.651787E-07  -0.345695E-09
  3878   0.296565E+01   0.117511E+00   0.000000E+00  -0.191166E+00   0.564298E-09   0.651730E-07  -0.336215E-09
  3879   0.296171E+01   0.117113E+00   0.000000E+00  -0.191418E+00   0.563972E-09   0.651657E-07  -0.326718E-09
  3880   0.295778E+01   0.116711E+00   0.000000E+00  -0.191652E+00   0.563646E-09   0.651566E-07  -0.317208E-09
  3881   0.295387E+01   0.116305E+00   0.000000E+00  -0.191866E+00   0.563320E-09   0.651458E-07  -0.307684E-09
  3882   0.294998E+01   0.115895E+00   0.000000E+00  -0.192062E+00   0.562995E-09   0.651332E-07  -0.298148E-09
  3883   0.294611E+01   0.115480E+00   0.000000E+00  -0.192239E+00   0.562669E-09   0.651188E-07  -0.288601E-09
  3884   0.294225E+01   0.115061E+00   0.000000E+00  -0.192398E+00   0.562344E-09   0.651027E-07  -0.279046E-09
  3885   0.293841E+01   0.114638E+00   0.000000E+00  -0.192536E+00   0.562019E-09   0.650847E-07  -0.269482E-09
  3886   0.293457E+01   0.114212E+00   0.000000E+00  -0.192656E+00   0.561695E-09   0.650648E-07  -0.259912E-09
  3887   0.293075E+01   0.113782E+00   0.000000E+00  -0.192756E+00   0.561370E-09   0.650431E-07  -0.250337E-09
  3888   0.292694E+01   0.113348E+00   0.000000E+00  -0.192837E+00   0.561046E-09   0.650195E-07  -0.240758E-09
  3889   0.292314E+01   0.112911E+00   0.000000E+00  -0.192899E+00   0.560722E-09   0.649940E-07  -0.231176E-09
  3890   0.291935E+01   0.112470E+00   0.000000E+00  -0.192941E+00   0.560398E-09   0.649665E-07  -0.221593E-09
  3891   0.291556E+01   0.112026E+00   0.000000E+00  -0.192964E+00   0.560074E-09   0.649371E-07  -0.212009E-09
  3892   0.291177E+01   0.111579E+00   0.000000E+00  -0.192966E+00   0.559751E-09   0.649057E-07  -0.202428E-09
  3893   0.290799E+01   0.111128E+00   0.000000E+00  -0.192949E+00   0.559428E-09   0.648723E-07  -0.192848E-09
  3894   0.290421E+01   0.110675E+00   0.000000E+00  -0.192912E+00   0.559105E-09   0.648369E-07  -0.183273E-09
  3895   0.290043E+01   0.110218E+00   0.000000E+00  -0.192855E+00   0.558782E-09   0.647995E-07  -0.173703E-09
  3896   0.289664E+01   0.109759E+00   0.000000E+00  -0.192778E+00   0.558459E-09   0.647600E-07  -0.164140E-09
  3897   0.289286E+01   0.109296E+00   0.000000E+00  -0.192681E+00   0.558137E-09   0.647184E-07  -0.154584E-09
  3898   0.288906E+01   0.108832E+00   0.000000E+00  -0.192564E+00   0.557815E-09   0.646747E-07  -0.145038E-09
  3899   0.288527E+01   0.108364E+00   0.000000E+00  -0.192427E+00   0.557493E-09   0.646289E-07  -0.135502E-09
  3900   0.288147E+01   0.107894E+00   0.000000E+00  -0.192270E+00   0.557171E-09   0.645809E-07  -0.125978E-09
  3901   0.287766E+01   0.107422E+00   0.000000E+00  -0.192094E+00   0.556850E-09   0.645309E-07  -0.116468E-09
  3902   0.287384E+01   0.106948E+00   0.000000E+00  -0.191897E+00   0.556529E-09   0.644787E-07  -0.106971E-09
  3903   0.287002E+01   0.106472E+00   0.000000E+00  -0.191681E+00   0.556208E-09   0.644247E-07  -0.974896E-10
  3904   0.286618E+01   0.105994E+00   0.000000E+00  -0.191445E+00   0.555887E-09   0.643688E-07  -0.880242E-10
  3905   0.286234E+01   0.105514E+00   0.000000E+00  -0.191190E+00   0.555566E-09   0.643113E-07  -0.785758E-10
  3906   0.285848E+01   0.105033E+00   0.000000E+00  -0.190915E+00   0.555246E-09   0.642523E-07  -0.691454E-10
  3907   0.285461E+01   0.104550E+00   0.000000E+00  -0.190620E+00   0.554926E-09   0.641918E-07  -0.597339E-10
  3908   0.285072E+01   0.104065E+00   0.000000E+00  -0.190306E+00   0.554606E-09   0.641300E-07  -0.503423E-10
  3909   0.284681E+01   0.103579E+00   0.000000E+00  -0.189972E+00   0.554286E-09   0.640670E-07  -0.409715E-10
  3910   0.284289E+01   0.103092E+00   0.000000E+00  -0.189618E+00   0.553967E-09   0.640030E-07  -0.316224E-10
  3911   0.283894E+01   0.102603E+00   0.000000E+00  -0.189246E+00   0.553647E-09   0.639381E-07  -0.222961E-10
  3912   0.283498E+01   0.102114E+00   0.000000E+00  -0.188854E+00   0.553328E-09   0.638723E-07  -0.129935E-10
  3913   0.283099E+01   0.101623E+00   0.000000E+00  -0.188443E+00   0.553009E-09   0.638059E-07  -0.371560E-11
  3914   0.282699E+01   0.101132E+00   0.000000E+00  -0.188013E+00   0.552691E-09   0.637389E-07   0.553675E-11
  3915   0.282295E+01   0.100639E+00   0.000000E+00  -0.187564E+00   0.552372E-09   0.636715E-07   0.147626E-10
  3916   0.281890E+01   0.100147E+00   0.000000E+00  -0.187096E+00   0.552054E-09   0.636038E-07   0.239608E-10
  3917   0.281482E+01   0.996536E-01   0.000000E+00  -0.186609E+00   0.551736E-09   0.635359E-07   0.331307E-10
  3918   0.281071E+01   0.991603E-01   0.000000E+00  -0.186103E+00   0.551418E-09   0.634679E-07   0.422711E-10
  3919   0.280657E+01   0.986663E-01   0.000000E+00  -0.185580E+00   0.551100E-09   0.634000E-07   0.513811E-10
  3920   0.280240E+01   0.981723E-01   0.000000E+00  -0.185037E+00   0.550783E-09   0.633323E-07   0.604598E-10
  3921   0.279821E+01   0.976783E-01   0.000000E+00  -0.184477E+00   0.550466E-09   0.632649E-07   0.695062E-10
  3922   0.279398E+01   0.971835E-01   0.000000E+00  -0.183898E+00   0.550149E-09   0.631979E-07   0.785194E-10
  3923   0.278972E+01   0.966895E-01   0.000000E+00  -0.183302E+00   0.549832E-09   0.631315E-07   0.874984E-10
  3924   0.278543E+01   0.961955E-01   0.000000E+00  -0.182687E+00   0.549515E-09   0.630658E-07   0.964422E-10
  3925   0.278110E+01   0.957022E-01   0.000000E+00  -0.182055E+00   0.549199E-09   0.630008E-07   0.105350E-09
  3926   0.277674E+01   0.952090E-01   0.000000E+00  -0.181405E+00   0.548883E-09   0.629368E-07   0.114221E-09
  3927   0.277234E+01   0.947164E-01   0.000000E+00  -0.180739E+00   0.548567E-09   0.628739E-07   0.123053E-09
  3928   0.276790E+01   0.942247E-01   0.000000E+00  -0.180055E+00   0.548251E-09   0.628121E-07   0.131847E-09
  3929   0.276343E+01   0.937329E-01   0.000000E+00  -0.179355E+00   0.547936E-09   0.627516E-07   0.140601E-09
  3930   0.275893E+01   0.932426E-01   0.000000E+00  -0.178638E+00   0.547621E-09   0.626925E-07   0.149314E-09
  3931   0.275438E+01   0.927538E-01   0.000000E+00  -0.177905E+00   0.547306E-09   0.626350E-07   0.157985E-09
  3932   0.274981E+01   0.922650E-01   0.000000E+00  -0.177155E+00   0.546991E-09   0.625792E-07   0.166613E-09
  3933   0.274518E+01   0.917784E-01   0.000000E+00  -0.176390E+00   0.546676E-09   0.625251E-07   0.175198E-09
  3934   0.274053E+01   0.912926E-01   0.000000E+00  -0.175609E+00   0.546362E-09   0.624730E-07   0.183737E-09
  3935   0.273583E+01   0.908082E-01   0.000000E+00  -0.174813E+00   0.546047E-09   0.624229E-07   0.192232E-09
  3936   0.273109E+01   0.903246E-01   0.000000E+00  -0.174001E+00   0.545733E-09   0.623750E-07   0.200679E-09
  3937   0.272631E+01   0.898432E-01   0.000000E+00  -0.173175E+00   0.545420E-09   0.623293E-07   0.209079E-09
  3938   0.272149E+01   0.893633E-01   0.000000E+00  -0.172334E+00   0.545106E-09   0.622861E-07   0.217431E-09
  3939   0.271662E+01   0.888857E-01   0.000000E+00  -0.171478E+00   0.544793E-09   0.622454E-07   0.225733E-09
  3940   0.271172E+01   0.884088E-01   0.000000E+00  -0.170608E+00   0.544479E-09   0.622074E-07   0.233985E-09
  3941   0.270677E+01   0.879348E-01   0.000000E+00  -0.169725E+00   0.544166E-09   0.621722E-07   0.242185E-09
  3942   0.270177E+01   0.874624E-01   0.000000E+00  -0.168827E+00   0.543854E-09   0.621398E-07   0.250333E-09
  3943   0.269673E+01   0.869921E-01   0.000000E+00  -0.167916E+00   0.543541E-09   0.621105E-07   0.258427E-09
  3944   0.269166E+01   0.865241E-01   0.000000E+00  -0.166993E+00   0.543229E-09   0.620844E-07   0.266468E-09
  3945   0.268653E+01   0.860584E-01   0.000000E+00  -0.166057E+00   0.542917E-09   0.620615E-07   0.274453E-09
  3946   0.268136E+01   0.855948E-01   0.000000E+00  -0.165108E+00   0.542605E-09   0.620420E-07   0.282382E-09
  3947   0.267615E+01   0.851343E-01   0.000000E+00  -0.164147E+00   0.542293E-09   0.620261E-07   0.290254E-09
  3948   0.267089E+01   0.846759E-01   0.000000E+00  -0.163175E+00   0.541982E-09   0.620138E-07   0.298068E-09
  3949   0.266558E+01   0.842206E-01   0.000000E+00  -0.162190E+00   0.541670E-09   0.620052E-07   0.305823E-09
  3950   0.266024E+01   0.837674E-01   0.000000E+00  -0.161195E+00   0.541359E-09   0.620006E-07   0.313518E-09
  3951   0.265484E+01   0.833173E-01   0.000000E+00  -0.160188E+00   0.541048E-09   0.620000E-07   0.321152E-09
  3952   0.264939E+01   0.828701E-01   0.000000E+00  -0.159171E+00   0.540738E-09   0.620032E-07   0.328725E-09
  3953   0.264389E+01   0.824251E-01   0.000000E+00  -0.158143E+00   0.540427E-09   0.620100E-07   0.336236E-09
  3954   0.263836E+01   0.819839E-01   0.000000E+00  -0.157106E+00   0.540117E-09   0.620204E-07   0.343685E-09
  3955   0.263277E+01   0.815456E-01   0.000000E+00  -0.156058E+00   0.539807E-09   0.620342E-07   0.351072E-09
  3956   0.262714E+01   0.811103E-01   0.000000E+00  -0.155000E+00   0.539497E-09   0.620511E-07   0.358396E-09
  3957   0.262145E+01   0.806787E-01   0.000000E+00  -0.153935E+00   0.539187E-09   0.620710E-07   0.365657E-09
  3958   0.261573E+01   0.802501E-01   0.000000E+00  -0.152860E+00   0.538878E-09   0.620937E-07   0.372855E-09
  3959   0.260995E+01   0.798252E-01   0.000000E+00  -0.151777E+00   0.538569E-09   0.621191E-07   0.379989E-09
  3960   0.260414E+01   0.794033E-01   0.000000E+00  -0.150686E+00   0.538260E-09   0.621470E-07   0.387059E-09
  3961   0.259827E+01   0.789851E-01   0.000000E+00  -0.149588E+00   0.537951E-09   0.621773E-07   0.394064E-09
  3962   0.259236E+01   0.785706E-01   0.000000E+00  -0.148481E+00   0.537642E-09   0.622097E-07   0.401005E-09
  3963   0.258640E+01   0.781598E-01   0.000000E+00  -0.147368E+00   0.537334E-09   0.622440E-07   0.407880E-09
  3964   0.258039E+01   0.777527E-01   0.000000E+00  -0.146249E+00   0.537026E-09   0.622802E-07   0.414690E-09
  3965   0.257434E+01   0.773494E-01   0.000000E+00  -0.145122E+00   0.536718E-09   0.623181E-07   0.421434E-09
  3966   0.256824E+01   0.769497E-01   0.000000E+00  -0.143989E+00   0.536410E-09   0.623574E-07   0.428112E-09
  3967   0.256209E+01   0.765538E-01   0.000000E+00  -0.142851E+00   0.536102E-09   0.623980E-07   0.434723E-09
  3968   0.255589E+01   0.761623E-01   0.000000E+00  -0.141707E+00   0.535795E-09   0.624398E-07   0.441267E-09
  3969   0.254965E+01   0.757746E-01   0.000000E+00  -0.140558E+00   0.535488E-09   0.624825E-07   0.447744E-09
  3970   0.254336E+01   0.753906E-01   0.000000E+00  -0.139404E+00   0.535181E-09   0.625260E-07   0.454154E-09
  3971   0.253702E+01   0.750110E-01   0.000000E+00  -0.138245E+00   0.534874E-09   0.625702E-07   0.460495E-09
  3972   0.253064E+01   0.746359E-01   0.000000E+00  -0.137084E+00   0.534567E-09   0.626148E-07   0.466768E-09
  3973   0.252421E+01   0.742644E-01   0.000000E+00  -0.135918E+00   0.534261E-09   0.626598E-07   0.472972E-09
  3974   0.251774E+01   0.738973E-01   0.000000E+00  -0.134748E+00   0.533955E-09   0.627048E-07   0.479107E-09
  3975   0.251122E+01   0.735345E-01   0.000000E+00  -0.133575E+00   0.533649E-09   0.627498E-07   0.485173E-09
  3976   0.250465E+01   0.731760E-01   0.000000E+00  -0.132400E+00   0.533343E-09   0.627946E-07   0.491169E-09
  3977   0.249804E+01   0.728219E-01   0.000000E+00  -0.131221E+00   0.533038E-09   0.628390E-07   0.497095E-09
  3978   0.249138E+01   0.724721E-01   0.000000E+00  -0.130041E+00   0.532732E-09   0.628828E-07   0.502950E-09
  3979   0.248468E+01   0.721268E-01   0.000000E+00  -0.128859E+00   0.532427E-09   0.629259E-07   0.508735E-09
  3980   0.247794E+01   0.717858E-01   0.000000E+00  -0.127675E+00   0.532122E-09   0.629682E-07   0.514448E-09
  3981   0.247115E+01   0.714494E-01   0.000000E+00  -0.126491E+00   0.531818E-09   0.630093E-07   0.520090E-09
  3982   0.246432E+01   0.711175E-01   0.000000E+00  -0.125305E+00   0.531513E-09   0.630492E-07   0.525660E-09
  3983   0.245744E+01   0.707901E-01   0.000000E+00  -0.124119E+00   0.531209E-09   0.630878E-07   0.531158E-09
  3984   0.245053E+01   0.704672E-01   0.000000E+00  -0.122933E+00   0.530905E-09   0.631247E-07   0.536583E-09
  3985   0.244357E+01   0.701489E-01   0.000000E+00  -0.121746E+00   0.530601E-09   0.631599E-07   0.541935E-09
  3986   0.243657E+01   0.698352E-01   0.000000E+00  -0.120560E+00   0.530297E-09   0.631932E-07   0.547213E-09
  3987   0.242952E+01   0.695261E-01   0.000000E+00  -0.119374E+00   0.529993E-09   0.632244E-07   0.552419E-09
  3988   0.242245E+01   0.692216E-01   0.000000E+00  -0.118190E+00   0.529690E-09   0.632534E-07   0.557550E-09
  3989   0.241532E+01   0.689218E-01   0.000000E+00  -0.117006E+00   0.529387E-09   0.632800E-07   0.562606E-09
  3990   0.240815E+01   0.686266E-01   0.000000E+00  -0.115825E+00   0.529084E-09   0.633039E-07   0.567588E-09
  3991   0.240096E+01   0.683361E-01   0.000000E+00  -0.114646E+00   0.528781E-09   0.633251E-07   0.572495E-09
  3992   0.239372E+01   0.680503E-01   0.000000E+00  -0.113468E+00   0.528479E-09   0.633434E-07   0.577327E-09
  3993   0.238645E+01   0.677692E-01   0.000000E+00  -0.112293E+00   0.528176E-09   0.633586E-07   0.582083E-09
  3994   0.237914E+01   0.674928E-01   0.000000E+00  -0.111122E+00   0.527874E-09   0.633705E-07   0.586762E-09
  3995   0.237179E+01   0.672212E-01   0.000000E+00  -0.109953E+00   0.527572E-09   0.633789E-07   0.591365E-09
  3996   0.236442E+01   0.669543E-01   0.000000E+00  -0.108789E+00   0.527271E-09   0.633838E-07   0.595891E-09
  3997   0.235701E+01   0.666922E-01   0.000000E+00  -0.107628E+00   0.526969E-09   0.633849E-07   0.600340E-09
  3998   0.234956E+01   0.664347E-01   0.000000E+00  -0.106471E+00   0.526668E-09   0.633821E-07   0.604712E-09
  3999   0.234209E+01   0.661820E-01   0.000000E+00  -0.105319E+00   0.526367E-09   0.633751E-07   0.609005E-09
  4000   0.233458E+01   0.659340E-01   0.000000E+00  -0.104171E+00   0.526066E-09   0.633639E-07   0.613221E-09
  4001   0.232704E+01   0.656907E-01   0.000000E+00  -0.103029E+00   0.525765E-09   0.633482E-07   0.617357E-09
  4002   0.231947E+01   0.654522E-01   0.000000E+00  -0.101892E+00   0.525464E-09   0.633281E-07   0.621416E-09
  4003   0.231188E+01   0.652183E-01   0.000000E+00  -0.100760E+00   0.525164E-09   0.633036E-07   0.625396E-09
  4004   0.230425E+01   0.649892E-01   0.000000E+00  -0.996342E-01   0.524864E-09   0.632746E-07   0.629297E-09
  4005   0.229660E+01   0.647647E-01   0.000000E+00  -0.985140E-01   0.524564E-09   0.632414E-07   0.633121E-09
  4006   0.228892E+01   0.645449E-01   0.000000E+00  -0.974012E-01   0.524264E-09   0.632037E-07   0.636867E-09
  4007   0.228121E+01   0.643298E-01   0.000000E+00  -0.962944E-01   0.523964E-09   0.631618E-07   0.640536E-09
  4008   0.227349E+01   0.641193E-01   0.000000E+00  -0.951950E-01   0.523665E-09   0.631155E-07   0.644127E-09
  4009   0.226573E+01   0.639135E-01   0.000000E+00  -0.941023E-01   0.523366E-09   0.630649E-07   0.647641E-09
  4010   0.225795E+01   0.637122E-01   0.000000E+00  -0.930170E-01   0.523067E-09   0.630101E-07   0.651077E-09
  4011   0.225015E+01   0.635155E-01   0.000000E+00  -0.919399E-01   0.522768E-09   0.629510E-07   0.654437E-09
  4012   0.224232E+01   0.633235E-01   0.000000E+00  -0.908702E-01   0.522470E-09   0.628877E-07   0.657720E-09
  4013   0.223448E+01   0.631359E-01   0.000000E+00  -0.898095E-01   0.522171E-09   0.628201E-07   0.660926E-09
  4014   0.222661E+01   0.629529E-01   0.000000E+00  -0.887569E-01   0.521873E-09   0.627484E-07   0.664056E-09
  4015   0.221873E+01   0.627743E-01   0.000000E+00  -0.877124E-01   0.521575E-09   0.626725E-07   0.667110E-09
  4016   0.221082E+01   0.626003E-01   0.000000E+00  -0.866777E-01   0.521277E-09   0.625925E-07   0.670087E-09
  4017   0.220290E+01   0.624306E-01   0.000000E+00  -0.856518E-01   0.520979E-09   0.625083E-07   0.672988E-09
  4018   0.219496E+01   0.622653E-01   0.000000E+00  -0.846349E-01   0.520682E-09   0.624200E-07   0.675814E-09
  4019   0.218701E+01   0.621044E-01   0.000000E+00  -0.836283E-01   0.520385E-09   0.623276E-07   0.678564E-09
  4020   0.217904E+01   0.619479E-01   0.000000E+00  -0.826314E-01   0.520088E-09   0.622312E-07   0.681239E-09
  4021   0.217105E+01   0.617957E-01   0.000000E+00  -0.816442E-01   0.519791E-09   0.621307E-07   0.683838E-09
  4022   0.216305E+01   0.616478E-01   0.000000E+00  -0.806673E-01   0.519494E-09   0.620261E-07   0.686362E-09
  4023   0.215504E+01   0.615042E-01   0.000000E+00  -0.797009E-01   0.519198E-09   0.619176E-07   0.688811E-09
  4024   0.214702E+01   0.613648E-01   0.000000E+00  -0.787449E-01   0.518901E-09   0.618051E-07   0.691186E-09
  4025   0.213899E+01   0.612295E-01   0.000000E+00  -0.778000E-01   0.518605E-09   0.616886E-07   0.693486E-09
  4026   0.213095E+01   0.610983E-01   0.000000E+00  -0.768662E-01   0.518310E-09   0.615681E-07   0.695711E-09
  4027   0.212290E+01   0.609712E-01   0.000000E+00  -0.759436E-01   0.518014E-09   0.614438E-07   0.697862E-09
  4028   0.211485E+01   0.608482E-01   0.000000E+00  -0.750329E-01   0.517718E-09   0.613155E-07   0.699939E-09
  4029   0.210679E+01   0.607292E-01   0.000000E+00  -0.741327E-01   0.517423E-09   0.611833E-07   0.701942E-09
  4030   0.209871E+01   0.606141E-01   0.000000E+00  -0.732447E-01   0.517128E-09   0.610473E-07   0.703872E-09
  4031   0.209064E+01   0.605029E-01   0.000000E+00  -0.723685E-01   0.516833E-09   0.609074E-07   0.705727E-09
  4032   0.208257E+01   0.603956E-01   0.000000E+00  -0.715043E-01   0.516538E-09   0.607637E-07   0.707509E-09
  4033   0.207448E+01   0.602920E-01   0.000000E+00  -0.706522E-01   0.516244E-09   0.606161E-07   0.709218E-09
  4034   0.206640E+01   0.601923E-01   0.000000E+00  -0.698123E-01   0.515950E-09   0.604648E-07   0.710854E-09
  4035   0.205832E+01   0.600962E-01   0.000000E+00  -0.689849E-01   0.515655E-09   0.603098E-07   0.712417E-09
  4036   0.205024E+01   0.600039E-01   0.000000E+00  -0.681700E-01   0.515361E-09   0.601509E-07   0.713907E-09
  4037   0.204215E+01   0.599151E-01   0.000000E+00  -0.673677E-01   0.515068E-09   0.599884E-07   0.715324E-09
  4038   0.203407E+01   0.598299E-01   0.000000E+00  -0.665782E-01   0.514774E-09   0.598221E-07   0.716669E-09
  4039   0.202599E+01   0.597482E-01   0.000000E+00  -0.658016E-01   0.514481E-09   0.596522E-07   0.717942E-09
  4040   0.201792E+01   0.596699E-01   0.000000E+00  -0.650379E-01   0.514188E-09   0.594786E-07   0.719143E-09
  4041   0.200984E+01   0.595950E-01   0.000000E+00  -0.642873E-01   0.513895E-09   0.593013E-07   0.720271E-09
  4042   0.200178E+01   0.595234E-01   0.000000E+00  -0.635499E-01   0.513602E-09   0.591204E-07   0.721328E-09
  4043   0.199372E+01   0.594551E-01   0.000000E+00  -0.628258E-01   0.513309E-09   0.589359E-07   0.722313E-09
  4044   0.198567E+01   0.593899E-01   0.000000E+00  -0.621151E-01   0.513017E-09   0.587478E-07   0.723227E-09
  4045   0.197762E+01   0.593279E-01   0.000000E+00  -0.614178E-01   0.512724E-09   0.585562E-07   0.724070E-09
  4046   0.196959E+01   0.592690E-01   0.000000E+00  -0.607341E-01   0.512432E-09   0.583610E-07   0.724841E-09
  4047   0.196156E+01   0.592131E-01   0.000000E+00  -0.600639E-01   0.512141E-09   0.581623E-07   0.725542E-09
  4048   0.195355E+01   0.591602E-01   0.000000E+00  -0.594074E-01   0.511849E-09   0.579601E-07   0.726171E-09
  4049   0.194556E+01   0.591101E-01   0.000000E+00  -0.587647E-01   0.511557E-09   0.577544E-07   0.726730E-09
  4050   0.193757E+01   0.590630E-01   0.000000E+00  -0.581357E-01   0.511266E-09   0.575452E-07   0.727219E-09
  4051   0.192960E+01   0.590187E-01   0.000000E+00  -0.575206E-01   0.510975E-09   0.573326E-07   0.727637E-09
  4052   0.192164E+01   0.589770E-01   0.000000E+00  -0.569193E-01   0.510684E-09   0.571168E-07   0.727986E-09
  4053   0.191370E+01   0.589381E-01   0.000000E+00  -0.563321E-01   0.510393E-09   0.568980E-07   0.728264E-09
  4054   0.190578E+01   0.589017E-01   0.000000E+00  -0.557587E-01   0.510103E-09   0.566764E-07   0.728474E-09
  4055   0.189788E+01   0.588678E-01   0.000000E+00  -0.551994E-01   0.509813E-09   0.564523E-07   0.728614E-09
  4056   0.189000E+01   0.588363E-01   0.000000E+00  -0.546540E-01   0.509522E-09   0.562258E-07   0.728686E-09
  4057   0.188213E+01   0.588074E-01   0.000000E+00  -0.541229E-01   0.509233E-09   0.559973E-07   0.728690E-09
  4058   0.187429E+01   0.587806E-01   0.000000E+00  -0.536057E-01   0.508943E-09   0.557668E-07   0.728625E-09
  4059   0.186647E+01   0.587562E-01   0.000000E+00  -0.531026E-01   0.508653E-09   0.555347E-07   0.728493E-09
  4060   0.185867E+01   0.587339E-01   0.000000E+00  -0.526136E-01   0.508364E-09   0.553012E-07   0.728293E-09
  4061   0.185089E+01   0.587138E-01   0.000000E+00  -0.521388E-01   0.508075E-09   0.550665E-07   0.728027E-09
  4062   0.184315E+01   0.586957E-01   0.000000E+00  -0.516779E-01   0.507786E-09   0.548307E-07   0.727693E-09
  4063   0.183542E+01   0.586796E-01   0.000000E+00  -0.512312E-01   0.507497E-09   0.545942E-07   0.727294E-09
  4064   0.182772E+01   0.586654E-01   0.000000E+00  -0.507986E-01   0.507208E-09   0.543572E-07   0.726828E-09
  4065   0.182006E+01   0.586531E-01   0.000000E+00  -0.503801E-01   0.506920E-09   0.541198E-07   0.726296E-09
  4066   0.181241E+01   0.586425E-01   0.000000E+00  -0.499756E-01   0.506631E-09   0.538823E-07   0.725699E-09
  4067   0.180480E+01   0.586337E-01   0.000000E+00  -0.495852E-01   0.506343E-09   0.536450E-07   0.725037E-09
  4068   0.179721E+01   0.586264E-01   0.000000E+00  -0.492088E-01   0.506055E-09   0.534080E-07   0.724311E-09
  4069   0.178965E+01   0.586207E-01   0.000000E+00  -0.488464E-01   0.505768E-09   0.531716E-07   0.723519E-09
  4070   0.178213E+01   0.586165E-01   0.000000E+00  -0.484979E-01   0.505480E-09   0.529360E-07   0.722664E-09
  4071   0.177463E+01   0.586138E-01   0.000000E+00  -0.481635E-01   0.505193E-09   0.527014E-07   0.721745E-09
  4072   0.176717E+01   0.586124E-01   0.000000E+00  -0.478430E-01   0.504906E-09   0.524681E-07   0.720762E-09
  4073   0.175974E+01   0.586122E-01   0.000000E+00  -0.475362E-01   0.504619E-09   0.522362E-07   0.719717E-09
  4074   0.175235E+01   0.586132E-01   0.000000E+00  -0.472432E-01   0.504332E-09   0.520061E-07   0.718608E-09
  4075   0.174498E+01   0.586154E-01   0.000000E+00  -0.469640E-01   0.504045E-09   0.517778E-07   0.717437E-09
  4076   0.173765E+01   0.586188E-01   0.000000E+00  -0.466983E-01   0.503759E-09   0.515517E-07   0.716204E-09
  4077   0.173036E+01   0.586231E-01   0.000000E+00  -0.464462E-01   0.503473E-09   0.513279E-07   0.714909E-09
  4078   0.172311E+01   0.586283E-01   0.000000E+00  -0.462076E-01   0.503187E-09   0.511067E-07   0.713552E-09
  4079   0.171589E+01   0.586344E-01   0.000000E+00  -0.459824E-01   0.502901E-09   0.508883E-07   0.712135E-09
  4080   0.170871E+01   0.586414E-01   0.000000E+00  -0.457705E-01   0.502615E-09   0.506730E-07   0.710656E-09
  4081   0.170157E+01   0.586490E-01   0.000000E+00  -0.455718E-01   0.502330E-09   0.504609E-07   0.709117E-09
  4082   0.169447E+01   0.586574E-01   0.000000E+00  -0.453862E-01   0.502044E-09   0.502523E-07   0.707518E-09
  4083   0.168741E+01   0.586663E-01   0.000000E+00  -0.452136E-01   0.501759E-09   0.500474E-07   0.705858E-09
  4084   0.168038E+01   0.586758E-01   0.000000E+00  -0.450540E-01   0.501474E-09   0.498464E-07   0.704140E-09
  4085   0.167340E+01   0.586858E-01   0.000000E+00  -0.449073E-01   0.501190E-09   0.496496E-07   0.702362E-09
  4086   0.166646E+01   0.586961E-01   0.000000E+00  -0.447732E-01   0.500905E-09   0.494571E-07   0.700525E-09
  4087   0.165957E+01   0.587069E-01   0.000000E+00  -0.446518E-01   0.500621E-09   0.492692E-07   0.698629E-09
  4088   0.165271E+01   0.587179E-01   0.000000E+00  -0.445428E-01   0.500336E-09   0.490862E-07   0.696675E-09
  4089   0.164589E+01   0.587291E-01   0.000000E+00  -0.444461E-01   0.500052E-09   0.489082E-07   0.694664E-09
  4090   0.163913E+01   0.587404E-01   0.000000E+00  -0.443617E-01   0.499768E-09   0.487354E-07   0.692594E-09
  4091   0.163240E+01   0.587519E-01   0.000000E+00  -0.442893E-01   0.499485E-09   0.485682E-07   0.690468E-09
  4092   0.162572E+01   0.587633E-01   0.000000E+00  -0.442288E-01   0.499201E-09   0.484066E-07   0.688284E-09
  4093   0.161908E+01   0.587747E-01   0.000000E+00  -0.441801E-01   0.498918E-09   0.482510E-07   0.686044E-09
  4094   0.161249E+01   0.587861E-01   0.000000E+00  -0.441432E-01   0.498635E-09   0.481015E-07   0.683747E-09
  4095   0.160594E+01   0.587972E-01   0.000000E+00  -0.441176E-01   0.498352E-09   0.479585E-07   0.681395E-09
  4096   0.159944E+01   0.588081E-01   0.000000E+00  -0.441034E-01   0.498069E-09   0.478220E-07   0.678986E-09
  4097   0.159299E+01   0.588188E-01   0.000000E+00  -0.441005E-01   0.497786E-09   0.476923E-07   0.676523E-09
  4098   0.158658E+01   0.588292E-01   0.000000E+00  -0.441085E-01   0.497504E-09   0.475697E-07   0.674004E-09
  4099   0.158023E+01   0.588390E-01   0.000000E+00  -0.441275E-01   0.497222E-09   0.474544E-07   0.671431E-09
  4100   0.157391E+01   0.588485E-01   0.000000E+00  -0.441572E-01   0.496940E-09   0.473466E-07   0.668803E-09
  4101   0.156765E+01   0.588575E-01   0.000000E+00  -0.441976E-01   0.496658E-09   0.472464E-07   0.666121E-09
  4102   0.156143E+01   0.588658E-01   0.000000E+00  -0.442483E-01   0.496376E-09   0.471538E-07   0.663386E-09
  4103   0.155527E+01   0.588735E-01   0.000000E+00  -0.443093E-01   0.496095E-09   0.470685E-07   0.660598E-09
  4104   0.154915E+01   0.588805E-01   0.000000E+00  -0.443804E-01   0.495813E-09   0.469903E-07   0.657758E-09
  4105   0.154308E+01   0.588867E-01   0.000000E+00  -0.444614E-01   0.495532E-09   0.469190E-07   0.654865E-09
  4106   0.153707E+01   0.588921E-01   0.000000E+00  -0.445523E-01   0.495251E-09   0.468544E-07   0.651922E-09
  4107   0.153109E+01   0.588967E-01   0.000000E+00  -0.446526E-01   0.494970E-09   0.467964E-07   0.648928E-09
  4108   0.152518E+01   0.589002E-01   0.000000E+00  -0.447624E-01   0.494690E-09   0.467447E-07   0.645883E-09
  4109   0.151931E+01   0.589029E-01   0.000000E+00  -0.448814E-01   0.494409E-09   0.466992E-07   0.642789E-09
  4110   0.151350E+01   0.589045E-01   0.000000E+00  -0.450094E-01   0.494129E-09   0.466595E-07   0.639647E-09
  4111   0.150773E+01   0.589051E-01   0.000000E+00  -0.451462E-01   0.493849E-09   0.466256E-07   0.636455E-09
  4112   0.150202E+01   0.589046E-01   0.000000E+00  -0.452916E-01   0.493569E-09   0.465973E-07   0.633216E-09
  4113   0.149636E+01   0.589029E-01   0.000000E+00  -0.454454E-01   0.493289E-09   0.465743E-07   0.629930E-09
  4114   0.149075E+01   0.589001E-01   0.000000E+00  -0.456076E-01   0.493009E-09   0.465564E-07   0.626597E-09
  4115   0.148520E+01   0.588960E-01   0.000000E+00  -0.457777E-01   0.492730E-09   0.465434E-07   0.623217E-09
  4116   0.147969E+01   0.588906E-01   0.000000E+00  -0.459557E-01   0.492451E-09   0.465352E-07   0.619793E-09
  4117   0.147424E+01   0.588838E-01   0.000000E+00  -0.461414E-01   0.492172E-09   0.465315E-07   0.616323E-09
  4118   0.146884E+01   0.588757E-01   0.000000E+00  -0.463346E-01   0.491893E-09   0.465322E-07   0.612808E-09
  4119   0.146349E+01   0.588661E-01   0.000000E+00  -0.465351E-01   0.491614E-09   0.465370E-07   0.609250E-09
  4120   0.145819E+01   0.588550E-01   0.000000E+00  -0.467427E-01   0.491336E-09   0.465458E-07   0.605648E-09
  4121   0.145295E+01   0.588424E-01   0.000000E+00  -0.469573E-01   0.491057E-09   0.465583E-07   0.602003E-09
  4122   0.144777E+01   0.588282E-01   0.000000E+00  -0.471786E-01   0.490779E-09   0.465743E-07   0.598316E-09
  4123   0.144263E+01   0.588123E-01   0.000000E+00  -0.474065E-01   0.490501E-09   0.465937E-07   0.594588E-09
  4124   0.143754E+01   0.587949E-01   0.000000E+00  -0.476407E-01   0.490223E-09   0.466163E-07   0.590818E-09
  4125   0.143251E+01   0.587757E-01   0.000000E+00  -0.478811E-01   0.489946E-09   0.466418E-07   0.587008E-09
  4126   0.142753E+01   0.587548E-01   0.000000E+00  -0.481274E-01   0.489668E-09   0.466700E-07   0.583158E-09
  4127   0.142260E+01   0.587321E-01   0.000000E+00  -0.483795E-01   0.489391E-09   0.467008E-07   0.579268E-09
  4128   0.141773E+01   0.587076E-01   0.000000E+00  -0.486370E-01   0.489114E-09   0.467340E-07   0.575340E-09
  4129   0.141291E+01   0.586814E-01   0.000000E+00  -0.489001E-01   0.488837E-09   0.467693E-07   0.571373E-09
  4130   0.140814E+01   0.586531E-01   0.000000E+00  -0.491682E-01   0.488560E-09   0.468066E-07   0.567368E-09
  4131   0.140342E+01   0.586230E-01   0.000000E+00  -0.494412E-01   0.488284E-09   0.468456E-07   0.563326E-09
  4132   0.139876E+01   0.585909E-01   0.000000E+00  -0.497191E-01   0.488007E-09   0.468862E-07   0.559248E-09
  4133   0.139414E+01   0.585568E-01   0.000000E+00  -0.500014E-01   0.487731E-09   0.469282E-07   0.555134E-09
  4134   0.138957E+01   0.585207E-01   0.000000E+00  -0.502881E-01   0.487455E-09   0.469713E-07   0.550984E-09
  4135   0.138507E+01   0.584826E-01   0.000000E+00  -0.505789E-01   0.487179E-09   0.470153E-07   0.546799E-09
  4136   0.138061E+01   0.584424E-01   0.000000E+00  -0.508738E-01   0.486904E-09   0.470602E-07   0.542579E-09
  4137   0.137620E+01   0.584001E-01   0.000000E+00  -0.511722E-01   0.486628E-09   0.471056E-07   0.538326E-09
  4138   0.137184E+01   0.583557E-01   0.000000E+00  -0.514741E-01   0.486353E-09   0.471514E-07   0.534040E-09
  4139   0.136754E+01   0.583093E-01   0.000000E+00  -0.517794E-01   0.486078E-09   0.471973E-07   0.529721E-09
  4140   0.136328E+01   0.582607E-01   0.000000E+00  -0.520878E-01   0.485803E-09   0.472432E-07   0.525370E-09
  4141   0.135908E+01   0.582099E-01   0.000000E+00  -0.523989E-01   0.485528E-09   0.472889E-07   0.520987E-09
  4142   0.135492E+01   0.581571E-01   0.000000E+00  -0.527128E-01   0.485254E-09   0.473341E-07   0.516573E-09
  4143   0.135082E+01   0.581020E-01   0.000000E+00  -0.530292E-01   0.484979E-09   0.473788E-07   0.512129E-09
  4144   0.134677E+01   0.580448E-01   0.000000E+00  -0.533478E-01   0.484705E-09   0.474226E-07   0.507655E-09
  4145   0.134276E+01   0.579853E-01   0.000000E+00  -0.536684E-01   0.484431E-09   0.474653E-07   0.503151E-09
  4146   0.133881E+01   0.579236E-01   0.000000E+00  -0.539909E-01   0.484157E-09   0.475069E-07   0.498619E-09
  4147   0.133490E+01   0.578596E-01   0.000000E+00  -0.543150E-01   0.483883E-09   0.475470E-07   0.494059E-09
  4148   0.133105E+01   0.577934E-01   0.000000E+00  -0.546405E-01   0.483610E-09   0.475855E-07   0.489471E-09
  4149   0.132724E+01   0.577248E-01   0.000000E+00  -0.549674E-01   0.483336E-09   0.476222E-07   0.484856E-09
  4150   0.132348E+01   0.576541E-01   0.000000E+00  -0.552953E-01   0.483063E-09   0.476569E-07   0.480214E-09
  4151   0.131977E+01   0.575810E-01   0.000000E+00  -0.556240E-01   0.482790E-09   0.476894E-07   0.475547E-09
  4152   0.131610E+01   0.575055E-01   0.000000E+00  -0.559534E-01   0.482517E-09   0.477196E-07   0.470854E-09
  4153   0.131249E+01   0.574278E-01   0.000000E+00  -0.562833E-01   0.482245E-09   0.477477E-07   0.466136E-09
  4154   0.130891E+01   0.573478E-01   0.000000E+00  -0.566135E-01   0.481972E-09   0.477736E-07   0.461394E-09
  4155   0.130539E+01   0.572655E-01   0.000000E+00  -0.569438E-01   0.481700E-09   0.477972E-07   0.456629E-09
  4156   0.130191E+01   0.571808E-01   0.000000E+00  -0.572740E-01   0.481428E-09   0.478187E-07   0.451841E-09
  4157   0.129847E+01   0.570938E-01   0.000000E+00  -0.576039E-01   0.481156E-09   0.478380E-07   0.447031E-09
  4158   0.129508E+01   0.570044E-01   0.000000E+00  -0.579335E-01   0.480884E-09   0.478551E-07   0.442199E-09
  4159   0.129174E+01   0.569128E-01   0.000000E+00  -0.582622E-01   0.480612E-09   0.478701E-07   0.437346E-09
  4160   0.128844E+01   0.568188E-01   0.000000E+00  -0.585902E-01   0.480341E-09   0.478829E-07   0.432472E-09
  4161   0.128518E+01   0.567223E-01   0.000000E+00  -0.589171E-01   0.480070E-09   0.478935E-07   0.427579E-09
  4162   0.128197E+01   0.566236E-01   0.000000E+00  -0.592428E-01   0.479799E-09   0.479020E-07   0.422667E-09
  4163   0.127880E+01   0.565225E-01   0.000000E+00  -0.595671E-01   0.479528E-09   0.479083E-07   0.417736E-09
  4164   0.127567E+01   0.564191E-01   0.000000E+00  -0.598898E-01   0.479257E-09   0.479124E-07   0.412787E-09
  4165   0.127259E+01   0.563133E-01   0.000000E+00  -0.602108E-01   0.478986E-09   0.479145E-07   0.407821E-09
  4166   0.126954E+01   0.562053E-01   0.000000E+00  -0.605298E-01   0.478716E-09   0.479144E-07   0.402838E-09
  4167   0.126654E+01   0.560948E-01   0.000000E+00  -0.608468E-01   0.478446E-09   0.479121E-07   0.397839E-09
  4168   0.126359E+01   0.559821E-01   0.000000E+00  -0.611615E-01   0.478176E-09   0.479078E-07   0.392824E-09
  4169   0.126067E+01   0.558672E-01   0.000000E+00  -0.614737E-01   0.477906E-09   0.479013E-07   0.387795E-09
  4170   0.125778E+01   0.557500E-01   0.000000E+00  -0.617834E-01   0.477636E-09   0.478927E-07   0.382751E-09
  4171   0.125494E+01   0.556305E-01   0.000000E+00  -0.620904E-01   0.477367E-09   0.478820E-07   0.377693E-09
  4172   0.125214E+01   0.555086E-01   0.000000E+00  -0.623944E-01   0.477097E-09   0.478692E-07   0.372623E-09
  4173   0.124938E+01   0.553846E-01   0.000000E+00  -0.626954E-01   0.476828E-09   0.478543E-07   0.367540E-09
  4174   0.124665E+01   0.552583E-01   0.000000E+00  -0.629932E-01   0.476559E-09   0.478374E-07   0.362446E-09
  4175   0.124396E+01   0.551298E-01   0.000000E+00  -0.632876E-01   0.476290E-09   0.478183E-07   0.357340E-09
  4176   0.124131E+01   0.549990E-01   0.000000E+00  -0.635785E-01   0.476022E-09   0.477972E-07   0.352223E-09
  4177   0.123869E+01   0.548660E-01   0.000000E+00  -0.638657E-01   0.475753E-09   0.477740E-07   0.347097E-09
  4178   0.123611E+01   0.547308E-01   0.000000E+00  -0.641492E-01   0.475485E-09   0.477487E-07   0.341961E-09
  4179   0.123357E+01   0.545934E-01   0.000000E+00  -0.644287E-01   0.475217E-09   0.477214E-07   0.336817E-09
  4180   0.123106E+01   0.544538E-01   0.000000E+00  -0.647041E-01   0.474949E-09   0.476920E-07   0.331664E-09
  4181   0.122858E+01   0.543121E-01   0.000000E+00  -0.649754E-01   0.474681E-09   0.476605E-07   0.326504E-09
  4182   0.122613E+01   0.541683E-01   0.000000E+00  -0.652423E-01   0.474413E-09   0.476270E-07   0.321338E-09
  4183   0.122372E+01   0.540224E-01   0.000000E+00  -0.655049E-01   0.474146E-09   0.475915E-07   0.316164E-09
  4184   0.122134E+01   0.538742E-01   0.000000E+00  -0.657628E-01   0.473878E-09   0.475539E-07   0.310986E-09
  4185   0.121899E+01   0.537241E-01   0.000000E+00  -0.660160E-01   0.473611E-09   0.475144E-07   0.305802E-09
  4186   0.121667E+01   0.535720E-01   0.000000E+00  -0.662645E-01   0.473344E-09   0.474727E-07   0.300613E-09
  4187   0.121439E+01   0.534178E-01   0.000000E+00  -0.665080E-01   0.473077E-09   0.474291E-07   0.295421E-09
  4188   0.121214E+01   0.532616E-01   0.000000E+00  -0.667464E-01   0.472811E-09   0.473835E-07   0.290226E-09
  4189   0.120991E+01   0.531034E-01   0.000000E+00  -0.669797E-01   0.472544E-09   0.473358E-07   0.285028E-09
  4190   0.120771E+01   0.529432E-01   0.000000E+00  -0.672077E-01   0.472278E-09   0.472862E-07   0.279828E-09
  4191   0.120554E+01   0.527810E-01   0.000000E+00  -0.674302E-01   0.472012E-09   0.472345E-07   0.274627E-09
  4192   0.120339E+01   0.526170E-01   0.000000E+00  -0.676474E-01   0.471746E-09   0.471809E-07   0.269425E-09
  4193   0.120128E+01   0.524512E-01   0.000000E+00  -0.678589E-01   0.471480E-09   0.471253E-07   0.264223E-09
  4194   0.119919E+01   0.522835E-01   0.000000E+00  -0.680647E-01   0.471215E-09   0.470677E-07   0.259022E-09
  4195   0.119712E+01   0.521140E-01   0.000000E+00  -0.682648E-01   0.470949E-09   0.470081E-07   0.253821E-09
  4196   0.119508E+01   0.519427E-01   0.000000E+00  -0.684590E-01   0.470684E-09   0.469466E-07   0.248623E-09
  4197   0.119307E+01   0.517697E-01   0.000000E+00  -0.686472E-01   0.470419E-09   0.468831E-07   0.243426E-09
  4198   0.119108E+01   0.515951E-01   0.000000E+00  -0.688295E-01   0.470154E-09   0.468177E-07   0.238233E-09
  4199   0.118911E+01   0.514187E-01   0.000000E+00  -0.690056E-01   0.469889E-09   0.467503E-07   0.233043E-09
  4200   0.118716E+01   0.512407E-01   0.000000E+00  -0.691755E-01   0.469624E-09   0.466809E-07   0.227858E-09
  4201   0.118523E+01   0.510612E-01   0.000000E+00  -0.693392E-01   0.469360E-09   0.466097E-07   0.222677E-09
  4202   0.118333E+01   0.508801E-01   0.000000E+00  -0.694966E-01   0.469096E-09   0.465366E-07   0.217502E-09
  4203   0.118145E+01   0.506973E-01   0.000000E+00  -0.696476E-01   0.468832E-09   0.464620E-07   0.212332E-09
  4204   0.117958E+01   0.505132E-01   0.000000E+00  -0.697920E-01   0.468567E-09   0.463858E-07   0.207169E-09
  4205   0.117774E+01   0.503275E-01   0.000000E+00  -0.699300E-01   0.468304E-09   0.463084E-07   0.202013E-09
  4206   0.117592E+01   0.501403E-01   0.000000E+00  -0.700614E-01   0.468040E-09   0.462299E-07   0.196864E-09
  4207   0.117412E+01   0.499518E-01   0.000000E+00  -0.701861E-01   0.467777E-09   0.461503E-07   0.191724E-09
  4208   0.117233E+01   0.497619E-01   0.000000E+00  -0.703041E-01   0.467513E-09   0.460699E-07   0.186592E-09
  4209   0.117056E+01   0.495707E-01   0.000000E+00  -0.704154E-01   0.467250E-09   0.459889E-07   0.181470E-09
  4210   0.116880E+01   0.493781E-01   0.000000E+00  -0.705198E-01   0.466987E-09   0.459074E-07   0.176357E-09
  4211   0.116706E+01   0.491844E-01   0.000000E+00  -0.706174E-01   0.466724E-09   0.458255E-07   0.171254E-09
  4212   0.116534E+01   0.489894E-01   0.000000E+00  -0.707081E-01   0.466462E-09   0.457434E-07   0.166163E-09
  4213   0.116363E+01   0.487932E-01   0.000000E+00  -0.707918E-01   0.466199E-09   0.456613E-07   0.161082E-09
  4214   0.116194E+01   0.485960E-01   0.000000E+00  -0.708685E-01   0.465937E-09   0.455793E-07   0.156014E-09
  4215   0.116026E+01   0.483976E-01   0.000000E+00  -0.709384E-01   0.465675E-09   0.454977E-07   0.150958E-09
  4216   0.115859E+01   0.481982E-01   0.000000E+00  -0.710011E-01   0.465413E-09   0.454164E-07   0.145916E-09
  4217   0.115694E+01   0.479977E-01   0.000000E+00  -0.710568E-01   0.465151E-09   0.453358E-07   0.140887E-09
  4218   0.115530E+01   0.477962E-01   0.000000E+00  -0.711054E-01   0.464889E-09   0.452559E-07   0.135872E-09
  4219   0.115367E+01   0.475939E-01   0.000000E+00  -0.711470E-01   0.464628E-09   0.451770E-07   0.130871E-09
  4220   0.115205E+01   0.473906E-01   0.000000E+00  -0.711815E-01   0.464366E-09   0.450992E-07   0.125886E-09
  4221   0.115044E+01   0.471864E-01   0.000000E+00  -0.712087E-01   0.464105E-09   0.450226E-07   0.120917E-09
  4222   0.114884E+01   0.469814E-01   0.000000E+00  -0.712288E-01   0.463844E-09   0.449474E-07   0.115964E-09
  4223   0.114725E+01   0.467756E-01   0.000000E+00  -0.712418E-01   0.463583E-09   0.448738E-07   0.111028E-09
  4224   0.114567E+01   0.465690E-01   0.000000E+00  -0.712475E-01   0.463323E-09   0.448019E-07   0.106110E-09
  4225   0.114409E+01   0.463617E-01   0.000000E+00  -0.712460E-01   0.463062E-09   0.447319E-07   0.101210E-09
  4226   0.114252E+01   0.461537E-01   0.000000E+00  -0.712373E-01   0.462802E-09   0.446639E-07   0.963277E-10
  4227   0.114096E+01   0.459451E-01   0.000000E+00  -0.712215E-01   0.462542E-09   0.445981E-07   0.914649E-10
  4228   0.113941E+01   0.457358E-01   0.000000E+00  -0.711984E-01   0.462282E-09   0.445347E-07   0.866217E-10
  4229   0.113787E+01   0.455260E-01   0.000000E+00  -0.711682E-01   0.462022E-09   0.444738E-07   0.817988E-10
  4230   0.113632E+01   0.453157E-01   0.000000E+00  -0.711310E-01   0.461762E-09   0.444156E-07   0.769966E-10
  4231   0.113478E+01   0.451048E-01   0.000000E+00  -0.710866E-01   0.461502E-09   0.443603E-07   0.722157E-10
  4232   0.113325E+01   0.448937E-01   0.000000E+00  -0.710351E-01   0.461243E-09   0.443079E-07   0.674567E-10
  4233   0.113172E+01   0.446821E-01   0.000000E+00  -0.709766E-01   0.460984E-09   0.442587E-07   0.627201E-10
  4234   0.113020E+01   0.444702E-01   0.000000E+00  -0.709111E-01   0.460725E-09   0.442128E-07   0.580065E-10
  4235   0.112868E+01   0.442580E-01   0.000000E+00  -0.708386E-01   0.460466E-09   0.441704E-07   0.533163E-10
  4236   0.112716E+01   0.440455E-01   0.000000E+00  -0.707590E-01   0.460207E-09   0.441316E-07   0.486503E-10
  4237   0.112565E+01   0.438328E-01   0.000000E+00  -0.706725E-01   0.459949E-09   0.440966E-07   0.440088E-10
  4238   0.112412E+01   0.436198E-01   0.000000E+00  -0.705791E-01   0.459690E-09   0.440656E-07   0.393925E-10
  4239   0.112262E+01   0.434068E-01   0.000000E+00  -0.704787E-01   0.459432E-09   0.440386E-07   0.348018E-10
  4240   0.112110E+01   0.431936E-01   0.000000E+00  -0.703715E-01   0.459174E-09   0.440160E-07   0.302375E-10
  4241   0.111958E+01   0.429804E-01   0.000000E+00  -0.702575E-01   0.458916E-09   0.439978E-07   0.256999E-10
  4242   0.111807E+01   0.427670E-01   0.000000E+00  -0.701368E-01   0.458658E-09   0.439842E-07   0.211897E-10
  4243   0.111655E+01   0.425538E-01   0.000000E+00  -0.700093E-01   0.458401E-09   0.439753E-07   0.167075E-10
  4244   0.111504E+01   0.423405E-01   0.000000E+00  -0.698752E-01   0.458143E-09   0.439713E-07   0.122536E-10
  4245   0.111352E+01   0.421274E-01   0.000000E+00  -0.697345E-01   0.457886E-09   0.439724E-07   0.782880E-11
  4246   0.111200E+01   0.419144E-01   0.000000E+00  -0.695873E-01   0.457629E-09   0.439788E-07   0.343353E-11
  4247   0.111048E+01   0.417016E-01   0.000000E+00  -0.694337E-01   0.457372E-09   0.439905E-07  -0.931629E-12
  4248   0.110896E+01   0.414890E-01   0.000000E+00  -0.692736E-01   0.457115E-09   0.440077E-07  -0.526613E-11
  4249   0.110742E+01   0.412767E-01   0.000000E+00  -0.691071E-01   0.456859E-09   0.440307E-07  -0.956943E-11
  4250   0.110589E+01   0.410646E-01   0.000000E+00  -0.689344E-01   0.456602E-09   0.440596E-07  -0.138410E-10
  4251   0.110436E+01   0.408529E-01   0.000000E+00  -0.687554E-01   0.456346E-09   0.440944E-07  -0.180803E-10
  4252   0.110282E+01   0.406414E-01   0.000000E+00  -0.685702E-01   0.456090E-09   0.441349E-07  -0.222871E-10
  4253   0.110127E+01   0.404305E-01   0.000000E+00  -0.683790E-01   0.455834E-09   0.441811E-07  -0.264613E-10
  4254   0.109973E+01   0.402199E-01   0.000000E+00  -0.681816E-01   0.455578E-09   0.442325E-07  -0.306027E-10
  4255   0.109817E+01   0.400097E-01   0.000000E+00  -0.679783E-01   0.455322E-09   0.442891E-07  -0.347112E-10
  4256   0.109661E+01   0.398002E-01   0.000000E+00  -0.677690E-01   0.455067E-09   0.443505E-07  -0.387866E-10
  4257   0.109504E+01   0.395911E-01   0.000000E+00  -0.675541E-01   0.454812E-09   0.444165E-07  -0.428287E-10
  4258   0.109347E+01   0.393826E-01   0.000000E+00  -0.673334E-01   0.454556E-09   0.444868E-07  -0.468375E-10
  4259   0.109189E+01   0.391749E-01   0.000000E+00  -0.671072E-01   0.454301E-09   0.445613E-07  -0.508126E-10
  4260   0.109030E+01   0.389677E-01   0.000000E+00  -0.668755E-01   0.454047E-09   0.446397E-07  -0.547540E-10
  4261   0.108871E+01   0.387612E-01   0.000000E+00  -0.666383E-01   0.453792E-09   0.447218E-07  -0.586615E-10
  4262   0.108711E+01   0.385556E-01   0.000000E+00  -0.663958E-01   0.453537E-09   0.448073E-07  -0.625350E-10
  4263   0.108550E+01   0.383507E-01   0.000000E+00  -0.661480E-01   0.453283E-09   0.448960E-07  -0.663743E-10
  4264   0.108388E+01   0.381466E-01   0.000000E+00  -0.658950E-01   0.453029E-09   0.449877E-07  -0.701792E-10
  4265   0.108225E+01   0.379433E-01   0.000000E+00  -0.656371E-01   0.452775E-09   0.450821E-07  -0.739496E-10
  4266   0.108062E+01   0.377408E-01   0.000000E+00  -0.653740E-01   0.452521E-09   0.451789E-07  -0.776852E-10
  4267   0.107898E+01   0.375394E-01   0.000000E+00  -0.651059E-01   0.452267E-09   0.452781E-07  -0.813861E-10
  4268   0.107733E+01   0.373388E-01   0.000000E+00  -0.648331E-01   0.452014E-09   0.453792E-07  -0.850520E-10
  4269   0.107567E+01   0.371392E-01   0.000000E+00  -0.645555E-01   0.451760E-09   0.454821E-07  -0.886827E-10
  4270   0.107400E+01   0.369405E-01   0.000000E+00  -0.642733E-01   0.451507E-09   0.455866E-07  -0.922780E-10
  4271   0.107232E+01   0.367430E-01   0.000000E+00  -0.639866E-01   0.451254E-09   0.456923E-07  -0.958380E-10
  4272   0.107063E+01   0.365465E-01   0.000000E+00  -0.636955E-01   0.451001E-09   0.457992E-07  -0.993622E-10
  4273   0.106893E+01   0.363511E-01   0.000000E+00  -0.634000E-01   0.450748E-09   0.459069E-07  -0.102851E-09
  4274   0.106722E+01   0.361567E-01   0.000000E+00  -0.631003E-01   0.450495E-09   0.460151E-07  -0.106303E-09
  4275   0.106550E+01   0.359635E-01   0.000000E+00  -0.627965E-01   0.450243E-09   0.461238E-07  -0.109720E-09
  4276   0.106377E+01   0.357716E-01   0.000000E+00  -0.624887E-01   0.449991E-09   0.462326E-07  -0.113100E-09
  4277   0.106203E+01   0.355808E-01   0.000000E+00  -0.621769E-01   0.449739E-09   0.463412E-07  -0.116444E-09
  4278   0.106028E+01   0.353912E-01   0.000000E+00  -0.618613E-01   0.449487E-09   0.464495E-07  -0.119751E-09
  4279   0.105851E+01   0.352029E-01   0.000000E+00  -0.615421E-01   0.449235E-09   0.465573E-07  -0.123021E-09
  4280   0.105674E+01   0.350158E-01   0.000000E+00  -0.612191E-01   0.448983E-09   0.466642E-07  -0.126255E-09
  4281   0.105495E+01   0.348301E-01   0.000000E+00  -0.608927E-01   0.448732E-09   0.467701E-07  -0.129451E-09
  4282   0.105316E+01   0.346455E-01   0.000000E+00  -0.605629E-01   0.448480E-09   0.468747E-07  -0.132610E-09
  4283   0.105135E+01   0.344624E-01   0.000000E+00  -0.602297E-01   0.448229E-09   0.469778E-07  -0.135732E-09
  4284   0.104953E+01   0.342808E-01   0.000000E+00  -0.598934E-01   0.447978E-09   0.470791E-07  -0.138817E-09
  4285   0.104770E+01   0.341004E-01   0.000000E+00  -0.595540E-01   0.447727E-09   0.471784E-07  -0.141863E-09
  4286   0.104585E+01   0.339215E-01   0.000000E+00  -0.592117E-01   0.447476E-09   0.472755E-07  -0.144872E-09
  4287   0.104400E+01   0.337440E-01   0.000000E+00  -0.588667E-01   0.447226E-09   0.473701E-07  -0.147843E-09
  4288   0.104213E+01   0.335680E-01   0.000000E+00  -0.585189E-01   0.446975E-09   0.474620E-07  -0.150776E-09
  4289   0.104025E+01   0.333934E-01   0.000000E+00  -0.581685E-01   0.446725E-09   0.475510E-07  -0.153670E-09
  4290   0.103836E+01   0.332204E-01   0.000000E+00  -0.578158E-01   0.446475E-09   0.476369E-07  -0.156526E-09
  4291   0.103646E+01   0.330489E-01   0.000000E+00  -0.574606E-01   0.446225E-09   0.477193E-07  -0.159343E-09
  4292   0.103455E+01   0.328790E-01   0.000000E+00  -0.571032E-01   0.445976E-09   0.477980E-07  -0.162121E-09
  4293   0.103262E+01   0.327105E-01   0.000000E+00  -0.567437E-01   0.445726E-09   0.478729E-07  -0.164861E-09
  4294   0.103068E+01   0.325437E-01   0.000000E+00  -0.563821E-01   0.445476E-09   0.479437E-07  -0.167561E-09
  4295   0.102873E+01   0.323785E-01   0.000000E+00  -0.560186E-01   0.445227E-09   0.480101E-07  -0.170222E-09
  4296   0.102676E+01   0.322149E-01   0.000000E+00  -0.556534E-01   0.444978E-09   0.480719E-07  -0.172844E-09
  4297   0.102479E+01   0.320528E-01   0.000000E+00  -0.552864E-01   0.444729E-09   0.481289E-07  -0.175426E-09
  4298   0.102280E+01   0.318924E-01   0.000000E+00  -0.549179E-01   0.444480E-09   0.481809E-07  -0.177968E-09
  4299   0.102081E+01   0.317337E-01   0.000000E+00  -0.545480E-01   0.444231E-09   0.482275E-07  -0.180471E-09
  4300   0.101879E+01   0.315766E-01   0.000000E+00  -0.541768E-01   0.443983E-09   0.482687E-07  -0.182933E-09
  4301   0.101677E+01   0.314212E-01   0.000000E+00  -0.538044E-01   0.443734E-09   0.483041E-07  -0.185355E-09
  4302   0.101474E+01   0.312676E-01   0.000000E+00  -0.534309E-01   0.443486E-09   0.483339E-07  -0.187737E-09
  4303   0.101269E+01   0.311156E-01   0.000000E+00  -0.530564E-01   0.443238E-09   0.483581E-07  -0.190079E-09
  4304   0.101063E+01   0.309653E-01   0.000000E+00  -0.526811E-01   0.442990E-09   0.483770E-07  -0.192380E-09
  4305   0.100856E+01   0.308168E-01   0.000000E+00  -0.523050E-01   0.442742E-09   0.483906E-07  -0.194642E-09
  4306   0.100648E+01   0.306699E-01   0.000000E+00  -0.519282E-01   0.442495E-09   0.483991E-07  -0.196864E-09
  4307   0.100438E+01   0.305248E-01   0.000000E+00  -0.515509E-01   0.442247E-09   0.484025E-07  -0.199045E-09
  4308   0.100228E+01   0.303815E-01   0.000000E+00  -0.511732E-01   0.442000E-09   0.484011E-07  -0.201187E-09
  4309   0.100016E+01   0.302400E-01   0.000000E+00  -0.507952E-01   0.441753E-09   0.483949E-07  -0.203289E-09
  4310   0.998031E+00   0.301002E-01   0.000000E+00  -0.504169E-01   0.441506E-09   0.483840E-07  -0.205351E-09
  4311   0.995892E+00   0.299621E-01   0.000000E+00  -0.500385E-01   0.441259E-09   0.483686E-07  -0.207373E-09
  4312   0.993745E+00   0.298258E-01   0.000000E+00  -0.496602E-01   0.441012E-09   0.483489E-07  -0.209355E-09
  4313   0.991583E+00   0.296914E-01   0.000000E+00  -0.492820E-01   0.440766E-09   0.483249E-07  -0.211298E-09
  4314   0.989407E+00   0.295587E-01   0.000000E+00  -0.489041E-01   0.440520E-09   0.482967E-07  -0.213201E-09
  4315   0.987223E+00   0.294278E-01   0.000000E+00  -0.485265E-01   0.440273E-09   0.482645E-07  -0.215064E-09
  4316   0.985032E+00   0.292988E-01   0.000000E+00  -0.481494E-01   0.440027E-09   0.482285E-07  -0.216888E-09
  4317   0.982825E+00   0.291715E-01   0.000000E+00  -0.477729E-01   0.439781E-09   0.481886E-07  -0.218672E-09
  4318   0.980612E+00   0.290461E-01   0.000000E+00  -0.473971E-01   0.439536E-09   0.481452E-07  -0.220417E-09
  4319   0.978391E+00   0.289224E-01   0.000000E+00  -0.470220E-01   0.439290E-09   0.480982E-07  -0.222122E-09
  4320   0.976155E+00   0.288006E-01   0.000000E+00  -0.466479E-01   0.439045E-09   0.480478E-07  -0.223787E-09
  4321   0.973911E+00   0.286805E-01   0.000000E+00  -0.462747E-01   0.438799E-09   0.479942E-07  -0.225413E-09
  4322   0.971660E+00   0.285623E-01   0.000000E+00  -0.459026E-01   0.438554E-09   0.479374E-07  -0.227000E-09
  4323   0.969395E+00   0.284459E-01   0.000000E+00  -0.455316E-01   0.438309E-09   0.478777E-07  -0.228548E-09
  4324   0.967129E+00   0.283314E-01   0.000000E+00  -0.451620E-01   0.438064E-09   0.478150E-07  -0.230056E-09
  4325   0.964849E+00   0.282186E-01   0.000000E+00  -0.447936E-01   0.437819E-09   0.477496E-07  -0.231525E-09
  4326   0.962553E+00   0.281076E-01   0.000000E+00  -0.444268E-01   0.437575E-09   0.476815E-07  -0.232955E-09
  4327   0.960258E+00   0.279985E-01   0.000000E+00  -0.440614E-01   0.437331E-09   0.476109E-07  -0.234345E-09
  4328   0.957948E+00   0.278911E-01   0.000000E+00  -0.436978E-01   0.437086E-09   0.475380E-07  -0.235697E-09
  4329   0.955637E+00   0.277855E-01   0.000000E+00  -0.433359E-01   0.436842E-09   0.474627E-07  -0.237009E-09
  4330   0.953312E+00   0.276818E-01   0.000000E+00  -0.429758E-01   0.436598E-09   0.473854E-07  -0.238283E-09
  4331   0.950980E+00   0.275798E-01   0.000000E+00  -0.426177E-01   0.436354E-09   0.473060E-07  -0.239517E-09
  4332   0.948640E+00   0.274796E-01   0.000000E+00  -0.422617E-01   0.436111E-09   0.472247E-07  -0.240712E-09
  4333   0.946300E+00   0.273812E-01   0.000000E+00  -0.419077E-01   0.435867E-09   0.471417E-07  -0.241869E-09
  4334   0.943945E+00   0.272846E-01   0.000000E+00  -0.415559E-01   0.435624E-09   0.470570E-07  -0.242987E-09
  4335   0.941583E+00   0.271896E-01   0.000000E+00  -0.412064E-01   0.435381E-09   0.469709E-07  -0.244065E-09
  4336   0.939220E+00   0.270965E-01   0.000000E+00  -0.408593E-01   0.435138E-09   0.468833E-07  -0.245105E-09
  4337   0.936843E+00   0.270051E-01   0.000000E+00  -0.405146E-01   0.434895E-09   0.467945E-07  -0.246106E-09
  4338   0.934466E+00   0.269154E-01   0.000000E+00  -0.401725E-01   0.434652E-09   0.467045E-07  -0.247069E-09
  4339   0.932082E+00   0.268275E-01   0.000000E+00  -0.398330E-01   0.434409E-09   0.466136E-07  -0.247993E-09
  4340   0.929690E+00   0.267412E-01   0.000000E+00  -0.394962E-01   0.434167E-09   0.465217E-07  -0.248878E-09
  4341   0.927290E+00   0.266567E-01   0.000000E+00  -0.391620E-01   0.433925E-09   0.464291E-07  -0.249724E-09
  4342   0.924891E+00   0.265739E-01   0.000000E+00  -0.388308E-01   0.433683E-09   0.463359E-07  -0.250533E-09
  4343   0.922477E+00   0.264927E-01   0.000000E+00  -0.385024E-01   0.433441E-09   0.462421E-07  -0.251302E-09
  4344   0.920062E+00   0.264132E-01   0.000000E+00  -0.381769E-01   0.433199E-09   0.461480E-07  -0.252033E-09
  4345   0.917648E+00   0.263353E-01   0.000000E+00  -0.378546E-01   0.432957E-09   0.460536E-07  -0.252726E-09
  4346   0.915226E+00   0.262591E-01   0.000000E+00  -0.375352E-01   0.432715E-09   0.459590E-07  -0.253380E-09
  4347   0.912797E+00   0.261845E-01   0.000000E+00  -0.372191E-01   0.432474E-09   0.458645E-07  -0.253996E-09
  4348   0.910368E+00   0.261116E-01   0.000000E+00  -0.369062E-01   0.432233E-09   0.457701E-07  -0.254573E-09
  4349   0.907932E+00   0.260402E-01   0.000000E+00  -0.365966E-01   0.431992E-09   0.456759E-07  -0.255113E-09
  4350   0.905495E+00   0.259704E-01   0.000000E+00  -0.362905E-01   0.431751E-09   0.455821E-07  -0.255614E-09
  4351   0.903059E+00   0.259022E-01   0.000000E+00  -0.359877E-01   0.431510E-09   0.454887E-07  -0.256076E-09
  4352   0.900615E+00   0.258355E-01   0.000000E+00  -0.356886E-01   0.431269E-09   0.453958E-07  -0.256501E-09
  4353   0.898171E+00   0.257704E-01   0.000000E+00  -0.353929E-01   0.431029E-09   0.453033E-07  -0.256888E-09
  4354   0.895719E+00   0.257068E-01   0.000000E+00  -0.351008E-01   0.430788E-09   0.452111E-07  -0.257237E-09
  4355   0.893275E+00   0.256447E-01   0.000000E+00  -0.348124E-01   0.430548E-09   0.451192E-07  -0.257549E-09
  4356   0.890824E+00   0.255842E-01   0.000000E+00  -0.345278E-01   0.430308E-09   0.450276E-07  -0.257822E-09
  4357   0.888373E+00   0.255251E-01   0.000000E+00  -0.342468E-01   0.430068E-09   0.449362E-07  -0.258059E-09
  4358   0.885914E+00   0.254673E-01   0.000000E+00  -0.339697E-01   0.429828E-09   0.448450E-07  -0.258258E-09
  4359   0.883462E+00   0.254111E-01   0.000000E+00  -0.336964E-01   0.429589E-09   0.447538E-07  -0.258420E-09
  4360   0.881004E+00   0.253563E-01   0.000000E+00  -0.334270E-01   0.429349E-09   0.446628E-07  -0.258545E-09
  4361   0.878552E+00   0.253029E-01   0.000000E+00  -0.331615E-01   0.429110E-09   0.445717E-07  -0.258632E-09
  4362   0.876093E+00   0.252509E-01   0.000000E+00  -0.329000E-01   0.428871E-09   0.444806E-07  -0.258683E-09
  4363   0.873635E+00   0.252001E-01   0.000000E+00  -0.326424E-01   0.428631E-09   0.443894E-07  -0.258698E-09
  4364   0.871183E+00   0.251508E-01   0.000000E+00  -0.323890E-01   0.428393E-09   0.442981E-07  -0.258676E-09
  4365   0.868724E+00   0.251028E-01   0.000000E+00  -0.321395E-01   0.428154E-09   0.442066E-07  -0.258617E-09
  4366   0.866273E+00   0.250561E-01   0.000000E+00  -0.318943E-01   0.427915E-09   0.441149E-07  -0.258522E-09
  4367   0.863822E+00   0.250106E-01   0.000000E+00  -0.316531E-01   0.427677E-09   0.440229E-07  -0.258391E-09
  4368   0.861370E+00   0.249664E-01   0.000000E+00  -0.314162E-01   0.427438E-09   0.439306E-07  -0.258224E-09
  4369   0.858919E+00   0.249234E-01   0.000000E+00  -0.311833E-01   0.427200E-09   0.438380E-07  -0.258021E-09
  4370   0.856475E+00   0.248817E-01   0.000000E+00  -0.309547E-01   0.426962E-09   0.437449E-07  -0.257782E-09
  4371   0.854031E+00   0.248411E-01   0.000000E+00  -0.307303E-01   0.426724E-09   0.436513E-07  -0.257508E-09
  4372   0.851587E+00   0.248017E-01   0.000000E+00  -0.305102E-01   0.426487E-09   0.435573E-07  -0.257197E-09
  4373   0.849143E+00   0.247635E-01   0.000000E+00  -0.302943E-01   0.426249E-09   0.434627E-07  -0.256852E-09
  4374   0.846707E+00   0.247263E-01   0.000000E+00  -0.300828E-01   0.426012E-09   0.433674E-07  -0.256471E-09
  4375   0.844270E+00   0.246903E-01   0.000000E+00  -0.298755E-01   0.425774E-09   0.432716E-07  -0.256055E-09
  4376   0.841841E+00   0.246554E-01   0.000000E+00  -0.296726E-01   0.425537E-09   0.431750E-07  -0.255604E-09
  4377   0.839412E+00   0.246215E-01   0.000000E+00  -0.294740E-01   0.425300E-09   0.430777E-07  -0.255118E-09
  4378   0.836990E+00   0.245886E-01   0.000000E+00  -0.292798E-01   0.425063E-09   0.429795E-07  -0.254597E-09
  4379   0.834576E+00   0.245568E-01   0.000000E+00  -0.290900E-01   0.424826E-09   0.428806E-07  -0.254042E-09
  4380   0.832162E+00   0.245259E-01   0.000000E+00  -0.289045E-01   0.424590E-09   0.427807E-07  -0.253452E-09
  4381   0.829755E+00   0.244961E-01   0.000000E+00  -0.287235E-01   0.424353E-09   0.426799E-07  -0.252827E-09
  4382   0.827348E+00   0.244671E-01   0.000000E+00  -0.285468E-01   0.424117E-09   0.425781E-07  -0.252169E-09
  4383   0.824956E+00   0.244391E-01   0.000000E+00  -0.283745E-01   0.423881E-09   0.424753E-07  -0.251476E-09
  4384   0.822564E+00   0.244120E-01   0.000000E+00  -0.282067E-01   0.423645E-09   0.423714E-07  -0.250749E-09
  4385   0.820180E+00   0.243857E-01   0.000000E+00  -0.280432E-01   0.423409E-09   0.422664E-07  -0.249988E-09
  4386   0.817795E+00   0.243603E-01   0.000000E+00  -0.278842E-01   0.423173E-09   0.421601E-07  -0.249193E-09
  4387   0.815426E+00   0.243357E-01   0.000000E+00  -0.277295E-01   0.422938E-09   0.420527E-07  -0.248365E-09
  4388   0.813056E+00   0.243119E-01   0.000000E+00  -0.275793E-01   0.422702E-09   0.419440E-07  -0.247503E-09
  4389   0.810701E+00   0.242889E-01   0.000000E+00  -0.274334E-01   0.422467E-09   0.418339E-07  -0.246608E-09
  4390   0.808347E+00   0.242666E-01   0.000000E+00  -0.272919E-01   0.422232E-09   0.417225E-07  -0.245679E-09
  4391   0.805999E+00   0.242451E-01   0.000000E+00  -0.271547E-01   0.421997E-09   0.416097E-07  -0.244717E-09
  4392   0.803659E+00   0.242243E-01   0.000000E+00  -0.270219E-01   0.421762E-09   0.414954E-07  -0.243723E-09
  4393   0.801334E+00   0.242041E-01   0.000000E+00  -0.268933E-01   0.421527E-09   0.413796E-07  -0.242695E-09
  4394   0.799009E+00   0.241846E-01   0.000000E+00  -0.267692E-01   0.421293E-09   0.412622E-07  -0.241634E-09
  4395   0.796692E+00   0.241657E-01   0.000000E+00  -0.266493E-01   0.421058E-09   0.411433E-07  -0.240541E-09
  4396   0.794389E+00   0.241475E-01   0.000000E+00  -0.265338E-01   0.420824E-09   0.410226E-07  -0.239416E-09
  4397   0.792086E+00   0.241298E-01   0.000000E+00  -0.264224E-01   0.420590E-09   0.409003E-07  -0.238257E-09
  4398   0.789798E+00   0.241126E-01   0.000000E+00  -0.263154E-01   0.420356E-09   0.407762E-07  -0.237067E-09
  4399   0.787518E+00   0.240961E-01   0.000000E+00  -0.262124E-01   0.420122E-09   0.406503E-07  -0.235844E-09
  4400   0.785245E+00   0.240800E-01   0.000000E+00  -0.261138E-01   0.419889E-09   0.405226E-07  -0.234590E-09
  4401   0.782986E+00   0.240644E-01   0.000000E+00  -0.260192E-01   0.419655E-09   0.403930E-07  -0.233303E-09
  4402   0.780728E+00   0.240491E-01   0.000000E+00  -0.259288E-01   0.419422E-09   0.402618E-07  -0.231985E-09
  4403   0.778485E+00   0.240344E-01   0.000000E+00  -0.258426E-01   0.419188E-09   0.401291E-07  -0.230636E-09
  4404   0.776249E+00   0.240201E-01   0.000000E+00  -0.257603E-01   0.418955E-09   0.399951E-07  -0.229255E-09
  4405   0.774028E+00   0.240062E-01   0.000000E+00  -0.256821E-01   0.418722E-09   0.398602E-07  -0.227844E-09
  4406   0.771814E+00   0.239926E-01   0.000000E+00  -0.256080E-01   0.418489E-09   0.397245E-07  -0.226403E-09
  4407   0.769608E+00   0.239794E-01   0.000000E+00  -0.255379E-01   0.418257E-09   0.395882E-07  -0.224932E-09
  4408   0.767417E+00   0.239665E-01   0.000000E+00  -0.254717E-01   0.418024E-09   0.394516E-07  -0.223431E-09
  4409   0.765233E+00   0.239538E-01   0.000000E+00  -0.254094E-01   0.417792E-09   0.393149E-07  -0.221901E-09
  4410   0.763064E+00   0.239415E-01   0.000000E+00  -0.253509E-01   0.417559E-09   0.391783E-07  -0.220342E-09
  4411   0.760902E+00   0.239295E-01   0.000000E+00  -0.252963E-01   0.417327E-09   0.390420E-07  -0.218754E-09
  4412   0.758748E+00   0.239176E-01   0.000000E+00  -0.252454E-01   0.417095E-09   0.389063E-07  -0.217137E-09
  4413   0.756609E+00   0.239059E-01   0.000000E+00  -0.251983E-01   0.416863E-09   0.387714E-07  -0.215493E-09
  4414   0.754484E+00   0.238945E-01   0.000000E+00  -0.251550E-01   0.416632E-09   0.386374E-07  -0.213821E-09
  4415   0.752367E+00   0.238831E-01   0.000000E+00  -0.251151E-01   0.416400E-09   0.385047E-07  -0.212121E-09
  4416   0.750258E+00   0.238720E-01   0.000000E+00  -0.250790E-01   0.416169E-09   0.383735E-07  -0.210395E-09
  4417   0.748170E+00   0.238609E-01   0.000000E+00  -0.250464E-01   0.415937E-09   0.382439E-07  -0.208642E-09
  4418   0.746083E+00   0.238500E-01   0.000000E+00  -0.250172E-01   0.415706E-09   0.381162E-07  -0.206862E-09
  4419   0.744018E+00   0.238390E-01   0.000000E+00  -0.249915E-01   0.415475E-09   0.379906E-07  -0.205056E-09
  4420   0.741956E+00   0.238281E-01   0.000000E+00  -0.249692E-01   0.415244E-09   0.378674E-07  -0.203224E-09
  4421   0.739909E+00   0.238173E-01   0.000000E+00  -0.249503E-01   0.415014E-09   0.377467E-07  -0.201367E-09
  4422   0.737875E+00   0.238064E-01   0.000000E+00  -0.249346E-01   0.414783E-09   0.376288E-07  -0.199485E-09
  4423   0.735853E+00   0.237956E-01   0.000000E+00  -0.249221E-01   0.414553E-09   0.375139E-07  -0.197578E-09
  4424   0.733843E+00   0.237847E-01   0.000000E+00  -0.249129E-01   0.414322E-09   0.374022E-07  -0.195646E-09
  4425   0.731845E+00   0.237738E-01   0.000000E+00  -0.249067E-01   0.414092E-09   0.372940E-07  -0.193690E-09
  4426   0.729860E+00   0.237627E-01   0.000000E+00  -0.249036E-01   0.413862E-09   0.371895E-07  -0.191710E-09
  4427   0.727887E+00   0.237516E-01   0.000000E+00  -0.249035E-01   0.413632E-09   0.370889E-07  -0.189707E-09
  4428   0.725926E+00   0.237403E-01   0.000000E+00  -0.249064E-01   0.413403E-09   0.369924E-07  -0.187681E-09
  4429   0.723978E+00   0.237288E-01   0.000000E+00  -0.249122E-01   0.413173E-09   0.369002E-07  -0.185631E-09
  4430   0.722042E+00   0.237172E-01   0.000000E+00  -0.249209E-01   0.412944E-09   0.368126E-07  -0.183559E-09
  4431   0.720120E+00   0.237054E-01   0.000000E+00  -0.249322E-01   0.412714E-09   0.367298E-07  -0.181465E-09
  4432   0.718210E+00   0.236935E-01   0.000000E+00  -0.249463E-01   0.412485E-09   0.366520E-07  -0.179349E-09
  4433   0.716313E+00   0.236813E-01   0.000000E+00  -0.249631E-01   0.412256E-09   0.365795E-07  -0.177211E-09
  4434   0.714429E+00   0.236689E-01   0.000000E+00  -0.249825E-01   0.412027E-09   0.365124E-07  -0.175052E-09
  4435   0.712559E+00   0.236562E-01   0.000000E+00  -0.250044E-01   0.411799E-09   0.364510E-07  -0.172872E-09
  4436   0.710701E+00   0.236433E-01   0.000000E+00  -0.250289E-01   0.411570E-09   0.363955E-07  -0.170671E-09
  4437   0.708856E+00   0.236300E-01   0.000000E+00  -0.250558E-01   0.411341E-09   0.363461E-07  -0.168450E-09
  4438   0.707025E+00   0.236165E-01   0.000000E+00  -0.250850E-01   0.411113E-09   0.363031E-07  -0.166209E-09
  4439   0.705207E+00   0.236026E-01   0.000000E+00  -0.251165E-01   0.410885E-09   0.362666E-07  -0.163949E-09
  4440   0.703402E+00   0.235885E-01   0.000000E+00  -0.251503E-01   0.410657E-09   0.362370E-07  -0.161669E-09
  4441   0.701610E+00   0.235739E-01   0.000000E+00  -0.251862E-01   0.410429E-09   0.362143E-07  -0.159369E-09
  4442   0.699832E+00   0.235590E-01   0.000000E+00  -0.252243E-01   0.410201E-09   0.361989E-07  -0.157052E-09
  4443   0.698066E+00   0.235437E-01   0.000000E+00  -0.252644E-01   0.409973E-09   0.361910E-07  -0.154715E-09
  4444   0.696313E+00   0.235280E-01   0.000000E+00  -0.253065E-01   0.409746E-09   0.361907E-07  -0.152361E-09
  4445   0.694574E+00   0.235119E-01   0.000000E+00  -0.253505E-01   0.409519E-09   0.361984E-07  -0.149989E-09
  4446   0.692847E+00   0.234954E-01   0.000000E+00  -0.253963E-01   0.409291E-09   0.362142E-07  -0.147600E-09
  4447   0.691134E+00   0.234784E-01   0.000000E+00  -0.254439E-01   0.409064E-09   0.362383E-07  -0.145193E-09
  4448   0.689434E+00   0.234610E-01   0.000000E+00  -0.254933E-01   0.408837E-09   0.362711E-07  -0.142770E-09
  4449   0.687746E+00   0.234431E-01   0.000000E+00  -0.255442E-01   0.408610E-09   0.363126E-07  -0.140330E-09
  4450   0.686071E+00   0.234248E-01   0.000000E+00  -0.255967E-01   0.408384E-09   0.363632E-07  -0.137874E-09
  4451   0.684410E+00   0.234059E-01   0.000000E+00  -0.256507E-01   0.408157E-09   0.364229E-07  -0.135402E-09
  4452   0.682761E+00   0.233866E-01   0.000000E+00  -0.257062E-01   0.407931E-09   0.364915E-07  -0.132915E-09
  4453   0.681126E+00   0.233667E-01   0.000000E+00  -0.257631E-01   0.407705E-09   0.365686E-07  -0.130413E-09
  4454   0.679503E+00   0.233463E-01   0.000000E+00  -0.258213E-01   0.407478E-09   0.366539E-07  -0.127896E-09
  4455   0.677893E+00   0.233254E-01   0.000000E+00  -0.258807E-01   0.407252E-09   0.367469E-07  -0.125365E-09
  4456   0.676296E+00   0.233039E-01   0.000000E+00  -0.259413E-01   0.407027E-09   0.368475E-07  -0.122820E-09
  4457   0.674712E+00   0.232818E-01   0.000000E+00  -0.260031E-01   0.406801E-09   0.369551E-07  -0.120262E-09
  4458   0.673139E+00   0.232592E-01   0.000000E+00  -0.260659E-01   0.406575E-09   0.370694E-07  -0.117691E-09
  4459   0.671580E+00   0.232361E-01   0.000000E+00  -0.261296E-01   0.406350E-09   0.371901E-07  -0.115107E-09
  4460   0.670032E+00   0.232123E-01   0.000000E+00  -0.261943E-01   0.406125E-09   0.373168E-07  -0.112510E-09
  4461   0.668497E+00   0.231879E-01   0.000000E+00  -0.262598E-01   0.405899E-09   0.374491E-07  -0.109902E-09
  4462   0.666973E+00   0.231630E-01   0.000000E+00  -0.263261E-01   0.405674E-09   0.375867E-07  -0.107283E-09
  4463   0.665462E+00   0.231374E-01   0.000000E+00  -0.263930E-01   0.405449E-09   0.377292E-07  -0.104652E-09
  4464   0.663962E+00   0.231112E-01   0.000000E+00  -0.264606E-01   0.405225E-09   0.378763E-07  -0.102011E-09
  4465   0.662474E+00   0.230843E-01   0.000000E+00  -0.265288E-01   0.405000E-09   0.380276E-07  -0.993591E-10
  4466   0.660997E+00   0.230568E-01   0.000000E+00  -0.265974E-01   0.404776E-09   0.381827E-07  -0.966977E-10
  4467   0.659533E+00   0.230287E-01   0.000000E+00  -0.266665E-01   0.404551E-09   0.383413E-07  -0.940268E-10
  4468   0.658080E+00   0.229999E-01   0.000000E+00  -0.267359E-01   0.404327E-09   0.385029E-07  -0.913468E-10
  4469   0.656638E+00   0.229706E-01   0.000000E+00  -0.268056E-01   0.404103E-09   0.386674E-07  -0.886582E-10
  4470   0.655208E+00   0.229405E-01   0.000000E+00  -0.268755E-01   0.403879E-09   0.388342E-07  -0.859612E-10
  4471   0.653789E+00   0.229097E-01   0.000000E+00  -0.269456E-01   0.403655E-09   0.390030E-07  -0.832564E-10
  4472   0.652381E+00   0.228784E-01   0.000000E+00  -0.270158E-01   0.403431E-09   0.391736E-07  -0.805441E-10
  4473   0.650986E+00   0.228463E-01   0.000000E+00  -0.270860E-01   0.403208E-09   0.393454E-07  -0.778246E-10
  4474   0.649599E+00   0.228135E-01   0.000000E+00  -0.271562E-01   0.402985E-09   0.395181E-07  -0.750985E-10
  4475   0.648224E+00   0.227801E-01   0.000000E+00  -0.272263E-01   0.402761E-09   0.396915E-07  -0.723661E-10
  4476   0.646860E+00   0.227460E-01   0.000000E+00  -0.272962E-01   0.402538E-09   0.398651E-07  -0.696278E-10
  4477   0.645506E+00   0.227112E-01   0.000000E+00  -0.273658E-01   0.402315E-09   0.400385E-07  -0.668840E-10
  4478   0.644162E+00   0.226757E-01   0.000000E+00  -0.274352E-01   0.402092E-09   0.402114E-07  -0.641350E-10
  4479   0.642829E+00   0.226395E-01   0.000000E+00  -0.275042E-01   0.401870E-09   0.403835E-07  -0.613813E-10
  4480   0.641505E+00   0.226026E-01   0.000000E+00  -0.275728E-01   0.401647E-09   0.405544E-07  -0.586234E-10
  4481   0.640192E+00   0.225650E-01   0.000000E+00  -0.276409E-01   0.401424E-09   0.407236E-07  -0.558615E-10
  4482   0.638887E+00   0.225267E-01   0.000000E+00  -0.277085E-01   0.401202E-09   0.408910E-07  -0.530960E-10
  4483   0.637593E+00   0.224877E-01   0.000000E+00  -0.277754E-01   0.400980E-09   0.410560E-07  -0.503275E-10
  4484   0.636309E+00   0.224479E-01   0.000000E+00  -0.278418E-01   0.400758E-09   0.412184E-07  -0.475562E-10
  4485   0.635034E+00   0.224075E-01   0.000000E+00  -0.279073E-01   0.400536E-09   0.413777E-07  -0.447826E-10
  4486   0.633767E+00   0.223665E-01   0.000000E+00  -0.279722E-01   0.400314E-09   0.415337E-07  -0.420070E-10
  4487   0.632510E+00   0.223246E-01   0.000000E+00  -0.280362E-01   0.400093E-09   0.416859E-07  -0.392299E-10
  4488   0.631262E+00   0.222821E-01   0.000000E+00  -0.280993E-01   0.399871E-09   0.418340E-07  -0.364516E-10
  4489   0.630023E+00   0.222388E-01   0.000000E+00  -0.281615E-01   0.399649E-09   0.419776E-07  -0.336726E-10
  4490   0.628792E+00   0.221948E-01   0.000000E+00  -0.282227E-01   0.399428E-09   0.421164E-07  -0.308933E-10
  4491   0.627569E+00   0.221501E-01   0.000000E+00  -0.282828E-01   0.399207E-09   0.422500E-07  -0.281140E-10
  4492   0.626354E+00   0.221047E-01   0.000000E+00  -0.283419E-01   0.398986E-09   0.423780E-07  -0.253351E-10
  4493   0.625147E+00   0.220587E-01   0.000000E+00  -0.283998E-01   0.398765E-09   0.425002E-07  -0.225571E-10
  4494   0.623948E+00   0.220119E-01   0.000000E+00  -0.284565E-01   0.398545E-09   0.426160E-07  -0.197803E-10
  4495   0.622757E+00   0.219644E-01   0.000000E+00  -0.285121E-01   0.398324E-09   0.427253E-07  -0.170051E-10
  4496   0.621573E+00   0.219163E-01   0.000000E+00  -0.285663E-01   0.398104E-09   0.428275E-07  -0.142319E-10
  4497   0.620398E+00   0.218675E-01   0.000000E+00  -0.286192E-01   0.397883E-09   0.429224E-07  -0.114612E-10
  4498   0.619229E+00   0.218179E-01   0.000000E+00  -0.286707E-01   0.397663E-09   0.430095E-07  -0.869331E-11
  4499   0.618068E+00   0.217678E-01   0.000000E+00  -0.287209E-01   0.397443E-09   0.430886E-07  -0.592861E-11
  4500   0.616913E+00   0.217170E-01   0.000000E+00  -0.287695E-01   0.397223E-09   0.431593E-07  -0.316754E-11
  4501   0.615766E+00   0.216655E-01   0.000000E+00  -0.288168E-01   0.397003E-09   0.432212E-07  -0.410443E-12
  4502   0.614625E+00   0.216133E-01   0.000000E+00  -0.288624E-01   0.396784E-09   0.432745E-07   0.234237E-11
  4503   0.613491E+00   0.215605E-01   0.000000E+00  -0.289064E-01   0.396564E-09   0.433193E-07   0.509063E-11
  4504   0.612363E+00   0.215070E-01   0.000000E+00  -0.289489E-01   0.396345E-09   0.433558E-07   0.783407E-11
  4505   0.611240E+00   0.214529E-01   0.000000E+00  -0.289897E-01   0.396125E-09   0.433842E-07   0.105724E-10
  4506   0.610124E+00   0.213983E-01   0.000000E+00  -0.290288E-01   0.395906E-09   0.434046E-07   0.133054E-10
  4507   0.609013E+00   0.213429E-01   0.000000E+00  -0.290662E-01   0.395687E-09   0.434173E-07   0.160327E-10
  4508   0.607908E+00   0.212869E-01   0.000000E+00  -0.291017E-01   0.395468E-09   0.434222E-07   0.187542E-10
  4509   0.606808E+00   0.212303E-01   0.000000E+00  -0.291355E-01   0.395250E-09   0.434198E-07   0.214694E-10
  4510   0.605713E+00   0.211731E-01   0.000000E+00  -0.291674E-01   0.395031E-09   0.434100E-07   0.241782E-10
  4511   0.604623E+00   0.211153E-01   0.000000E+00  -0.291974E-01   0.394813E-09   0.433931E-07   0.268803E-10
  4512   0.603538E+00   0.210569E-01   0.000000E+00  -0.292256E-01   0.394594E-09   0.433692E-07   0.295754E-10
  4513   0.602457E+00   0.209980E-01   0.000000E+00  -0.292518E-01   0.394376E-09   0.433385E-07   0.322633E-10
  4514   0.601381E+00   0.209385E-01   0.000000E+00  -0.292760E-01   0.394158E-09   0.433012E-07   0.349436E-10
  4515   0.600308E+00   0.208784E-01   0.000000E+00  -0.292982E-01   0.393940E-09   0.432574E-07   0.376161E-10
  4516   0.599239E+00   0.208177E-01   0.000000E+00  -0.293184E-01   0.393722E-09   0.432073E-07   0.402805E-10
  4517   0.598174E+00   0.207565E-01   0.000000E+00  -0.293366E-01   0.393505E-09   0.431510E-07   0.429365E-10
  4518   0.597113E+00   0.206948E-01   0.000000E+00  -0.293525E-01   0.393287E-09   0.430888E-07   0.455840E-10
  4519   0.596053E+00   0.206325E-01   0.000000E+00  -0.293664E-01   0.393070E-09   0.430208E-07   0.482225E-10
  4520   0.594998E+00   0.205697E-01   0.000000E+00  -0.293782E-01   0.392852E-09   0.429472E-07   0.508519E-10
  4521   0.593944E+00   0.205063E-01   0.000000E+00  -0.293877E-01   0.392635E-09   0.428681E-07   0.534719E-10
  4522   0.592894E+00   0.204425E-01   0.000000E+00  -0.293949E-01   0.392418E-09   0.427837E-07   0.560822E-10
  4523   0.591845E+00   0.203782E-01   0.000000E+00  -0.294001E-01   0.392201E-09   0.426942E-07   0.586824E-10
  4524   0.590799E+00   0.203134E-01   0.000000E+00  -0.294029E-01   0.391984E-09   0.425996E-07   0.612725E-10
  4525   0.589756E+00   0.202481E-01   0.000000E+00  -0.294035E-01   0.391768E-09   0.425003E-07   0.638520E-10
  4526   0.588714E+00   0.201825E-01   0.000000E+00  -0.294018E-01   0.391551E-09   0.423964E-07   0.664207E-10
  4527   0.587674E+00   0.201163E-01   0.000000E+00  -0.293978E-01   0.391335E-09   0.422880E-07   0.689784E-10
  4528   0.586636E+00   0.200497E-01   0.000000E+00  -0.293914E-01   0.391119E-09   0.421752E-07   0.715247E-10
  4529   0.585599E+00   0.199827E-01   0.000000E+00  -0.293828E-01   0.390902E-09   0.420584E-07   0.740594E-10
  4530   0.584563E+00   0.199153E-01   0.000000E+00  -0.293717E-01   0.390686E-09   0.419375E-07   0.765823E-10
  4531   0.583529E+00   0.198474E-01   0.000000E+00  -0.293582E-01   0.390471E-09   0.418129E-07   0.790930E-10
  4532   0.582494E+00   0.197792E-01   0.000000E+00  -0.293424E-01   0.390255E-09   0.416846E-07   0.815913E-10
  4533   0.581461E+00   0.197105E-01   0.000000E+00  -0.293242E-01   0.390039E-09   0.415529E-07   0.840769E-10
  4534   0.580428E+00   0.196415E-01   0.000000E+00  -0.293037E-01   0.389824E-09   0.414179E-07   0.865495E-10
  4535   0.579395E+00   0.195722E-01   0.000000E+00  -0.292806E-01   0.389608E-09   0.412797E-07   0.890090E-10
  4536   0.578363E+00   0.195025E-01   0.000000E+00  -0.292551E-01   0.389393E-09   0.411386E-07   0.914549E-10
  4537   0.577330E+00   0.194325E-01   0.000000E+00  -0.292273E-01   0.389178E-09   0.409946E-07   0.938870E-10
  4538   0.576298E+00   0.193621E-01   0.000000E+00  -0.291970E-01   0.388963E-09   0.408480E-07   0.963051E-10
  4539   0.575265E+00   0.192914E-01   0.000000E+00  -0.291641E-01   0.388748E-09   0.406990E-07   0.987089E-10
  4540   0.574232E+00   0.192204E-01   0.000000E+00  -0.291289E-01   0.388534E-09   0.405476E-07   0.101098E-09
  4541   0.573198E+00   0.191492E-01   0.000000E+00  -0.290913E-01   0.388319E-09   0.403941E-07   0.103472E-09
  4542   0.572163E+00   0.190776E-01   0.000000E+00  -0.290512E-01   0.388105E-09   0.402387E-07   0.105832E-09
  4543   0.571127E+00   0.190058E-01   0.000000E+00  -0.290086E-01   0.387890E-09   0.400814E-07   0.108175E-09
  4544   0.570091E+00   0.189338E-01   0.000000E+00  -0.289636E-01   0.387676E-09   0.399225E-07   0.110504E-09
  4545   0.569053E+00   0.188615E-01   0.000000E+00  -0.289162E-01   0.387462E-09   0.397621E-07   0.112816E-09
  4546   0.568013E+00   0.187889E-01   0.000000E+00  -0.288663E-01   0.387248E-09   0.396004E-07   0.115112E-09
  4547   0.566972E+00   0.187162E-01   0.000000E+00  -0.288139E-01   0.387034E-09   0.394376E-07   0.117391E-09
  4548   0.565929E+00   0.186432E-01   0.000000E+00  -0.287591E-01   0.386821E-09   0.392738E-07   0.119654E-09
  4549   0.564884E+00   0.185701E-01   0.000000E+00  -0.287019E-01   0.386607E-09   0.391092E-07   0.121900E-09
  4550   0.563837E+00   0.184968E-01   0.000000E+00  -0.286423E-01   0.386394E-09   0.389440E-07   0.124128E-09
  4551   0.562788E+00   0.184233E-01   0.000000E+00  -0.285802E-01   0.386180E-09   0.387783E-07   0.126339E-09
  4552   0.561737E+00   0.183497E-01   0.000000E+00  -0.285158E-01   0.385967E-09   0.386122E-07   0.128532E-09
  4553   0.560683E+00   0.182760E-01   0.000000E+00  -0.284491E-01   0.385754E-09   0.384459E-07   0.130708E-09
  4554   0.559627E+00   0.182021E-01   0.000000E+00  -0.283799E-01   0.385541E-09   0.382794E-07   0.132865E-09
  4555   0.558568E+00   0.181281E-01   0.000000E+00  -0.283083E-01   0.385329E-09   0.381129E-07   0.135005E-09
  4556   0.557508E+00   0.180541E-01   0.000000E+00  -0.282345E-01   0.385116E-09   0.379465E-07   0.137127E-09
  4557   0.556443E+00   0.179799E-01   0.000000E+00  -0.281583E-01   0.384903E-09   0.377802E-07   0.139231E-09
  4558   0.555376E+00   0.179057E-01   0.000000E+00  -0.280798E-01   0.384691E-09   0.376142E-07   0.141317E-09
  4559   0.554306E+00   0.178315E-01   0.000000E+00  -0.279990E-01   0.384479E-09   0.374487E-07   0.143385E-09
  4560   0.553234E+00   0.177572E-01   0.000000E+00  -0.279160E-01   0.384267E-09   0.372836E-07   0.145434E-09
  4561   0.552157E+00   0.176829E-01   0.000000E+00  -0.278307E-01   0.384054E-09   0.371191E-07   0.147465E-09
  4562   0.551078E+00   0.176086E-01   0.000000E+00  -0.277432E-01   0.383843E-09   0.369554E-07   0.149478E-09
  4563   0.549994E+00   0.175342E-01   0.000000E+00  -0.276533E-01   0.383631E-09   0.367924E-07   0.151472E-09
  4564   0.548908E+00   0.174600E-01   0.000000E+00  -0.275615E-01   0.383419E-09   0.366305E-07   0.153448E-09
  4565   0.547817E+00   0.173857E-01   0.000000E+00  -0.274673E-01   0.383208E-09   0.364695E-07   0.155405E-09
  4566   0.546722E+00   0.173114E-01   0.000000E+00  -0.273711E-01   0.382996E-09   0.363097E-07   0.157344E-09
  4567   0.545624E+00   0.172372E-01   0.000000E+00  -0.272726E-01   0.382785E-09   0.361512E-07   0.159263E-09
  4568   0.544521E+00   0.171630E-01   0.000000E+00  -0.271721E-01   0.382574E-09   0.359940E-07   0.161164E-09
  4569   0.543414E+00   0.170890E-01   0.000000E+00  -0.270695E-01   0.382363E-09   0.358383E-07   0.163046E-09
  4570   0.542302E+00   0.170150E-01   0.000000E+00  -0.269648E-01   0.382152E-09   0.356842E-07   0.164909E-09
  4571   0.541187E+00   0.169411E-01   0.000000E+00  -0.268582E-01   0.381941E-09   0.355317E-07   0.166753E-09
  4572   0.540067E+00   0.168674E-01   0.000000E+00  -0.267494E-01   0.381731E-09   0.353811E-07   0.168578E-09
  4573   0.538942E+00   0.167938E-01   0.000000E+00  -0.266387E-01   0.381520E-09   0.352324E-07   0.170384E-09
  4574   0.537812E+00   0.167202E-01   0.000000E+00  -0.265261E-01   0.381310E-09   0.350857E-07   0.172171E-09
  4575   0.536679E+00   0.166469E-01   0.000000E+00  -0.264116E-01   0.381099E-09   0.349411E-07   0.173938E-09
  4576   0.535539E+00   0.165737E-01   0.000000E+00  -0.262951E-01   0.380889E-09   0.347988E-07   0.175685E-09
  4577   0.534395E+00   0.165007E-01   0.000000E+00  -0.261767E-01   0.380679E-09   0.346587E-07   0.177414E-09
  4578   0.533246E+00   0.164279E-01   0.000000E+00  -0.260565E-01   0.380469E-09   0.345212E-07   0.179122E-09
  4579   0.532091E+00   0.163553E-01   0.000000E+00  -0.259344E-01   0.380260E-09   0.343862E-07   0.180811E-09
  4580   0.530931E+00   0.162829E-01   0.000000E+00  -0.258106E-01   0.380050E-09   0.342538E-07   0.182481E-09
  4581   0.529765E+00   0.162107E-01   0.000000E+00  -0.256850E-01   0.379840E-09   0.341242E-07   0.184130E-09
  4582   0.528594E+00   0.161387E-01   0.000000E+00  -0.255576E-01   0.379631E-09   0.339976E-07   0.185760E-09
  4583   0.527417E+00   0.160670E-01   0.000000E+00  -0.254284E-01   0.379422E-09   0.338738E-07   0.187370E-09
  4584   0.526234E+00   0.159955E-01   0.000000E+00  -0.252976E-01   0.379213E-09   0.337532E-07   0.188960E-09
  4585   0.525045E+00   0.159243E-01   0.000000E+00  -0.251652E-01   0.379004E-09   0.336358E-07   0.190530E-09
  4586   0.523852E+00   0.158533E-01   0.000000E+00  -0.250312E-01   0.378795E-09   0.335217E-07   0.192079E-09
  4587   0.522653E+00   0.157827E-01   0.000000E+00  -0.248955E-01   0.378586E-09   0.334110E-07   0.193609E-09
  4588   0.521448E+00   0.157123E-01   0.000000E+00  -0.247585E-01   0.378377E-09   0.333039E-07   0.195118E-09
  4589   0.520238E+00   0.156423E-01   0.000000E+00  -0.246198E-01   0.378169E-09   0.332004E-07   0.196607E-09
  4590   0.519022E+00   0.155725E-01   0.000000E+00  -0.244797E-01   0.377960E-09   0.331006E-07   0.198075E-09
  4591   0.517802E+00   0.155031E-01   0.000000E+00  -0.243383E-01   0.377752E-09   0.330047E-07   0.199523E-09
  4592   0.516575E+00   0.154341E-01   0.000000E+00  -0.241955E-01   0.377544E-09   0.329127E-07   0.200950E-09
  4593   0.515344E+00   0.153654E-01   0.000000E+00  -0.240513E-01   0.377336E-09   0.328249E-07   0.202357E-09
  4594   0.514106E+00   0.152970E-01   0.000000E+00  -0.239057E-01   0.377128E-09   0.327411E-07   0.203742E-09
  4595   0.512863E+00   0.152290E-01   0.000000E+00  -0.237590E-01   0.376920E-09   0.326617E-07   0.205107E-09
  4596   0.511614E+00   0.151614E-01   0.000000E+00  -0.236110E-01   0.376712E-09   0.325867E-07   0.206452E-09
  4597   0.510360E+00   0.150941E-01   0.000000E+00  -0.234618E-01   0.376505E-09   0.325161E-07   0.207775E-09
  4598   0.509099E+00   0.150273E-01   0.000000E+00  -0.233115E-01   0.376298E-09   0.324502E-07   0.209077E-09
  4599   0.507833E+00   0.149609E-01   0.000000E+00  -0.231600E-01   0.376090E-09   0.323890E-07   0.210358E-09
  4600   0.506562E+00   0.148948E-01   0.000000E+00  -0.230074E-01   0.375883E-09   0.323326E-07   0.211618E-09
  4601   0.505284E+00   0.148292E-01   0.000000E+00  -0.228538E-01   0.375676E-09   0.322811E-07   0.212857E-09
  4602   0.504001E+00   0.147640E-01   0.000000E+00  -0.226992E-01   0.375469E-09   0.322344E-07   0.214074E-09
  4603   0.502713E+00   0.146993E-01   0.000000E+00  -0.225437E-01   0.375262E-09   0.321924E-07   0.215270E-09
  4604   0.501419E+00   0.146349E-01   0.000000E+00  -0.223873E-01   0.375055E-09   0.321550E-07   0.216445E-09
  4605   0.500119E+00   0.145711E-01   0.000000E+00  -0.222300E-01   0.374849E-09   0.321219E-07   0.217599E-09
  4606   0.498814E+00   0.145077E-01   0.000000E+00  -0.220719E-01   0.374642E-09   0.320932E-07   0.218731E-09
  4607   0.497502E+00   0.144448E-01   0.000000E+00  -0.219129E-01   0.374436E-09   0.320686E-07   0.219842E-09
  4608   0.496186E+00   0.143822E-01   0.000000E+00  -0.217533E-01   0.374230E-09   0.320480E-07   0.220932E-09
  4609   0.494864E+00   0.143203E-01   0.000000E+00  -0.215929E-01   0.374024E-09   0.320314E-07   0.222000E-09
  4610   0.493536E+00   0.142588E-01   0.000000E+00  -0.214318E-01   0.373818E-09   0.320185E-07   0.223048E-09
  4611   0.492203E+00   0.141977E-01   0.000000E+00  -0.212702E-01   0.373612E-09   0.320093E-07   0.224073E-09
  4612   0.490865E+00   0.141372E-01   0.000000E+00  -0.211080E-01   0.373406E-09   0.320037E-07   0.225078E-09
  4613   0.489521E+00   0.140771E-01   0.000000E+00  -0.209452E-01   0.373201E-09   0.320014E-07   0.226061E-09
  4614   0.488172E+00   0.140176E-01   0.000000E+00  -0.207820E-01   0.372995E-09   0.320024E-07   0.227023E-09
  4615   0.486818E+00   0.139586E-01   0.000000E+00  -0.206184E-01   0.372790E-09   0.320065E-07   0.227963E-09
  4616   0.485459E+00   0.139001E-01   0.000000E+00  -0.204543E-01   0.372585E-09   0.320136E-07   0.228882E-09
  4617   0.484095E+00   0.138422E-01   0.000000E+00  -0.202899E-01   0.372379E-09   0.320237E-07   0.229780E-09
  4618   0.482726E+00   0.137848E-01   0.000000E+00  -0.201252E-01   0.372174E-09   0.320364E-07   0.230656E-09
  4619   0.481352E+00   0.137279E-01   0.000000E+00  -0.199603E-01   0.371970E-09   0.320519E-07   0.231510E-09
  4620   0.479974E+00   0.136716E-01   0.000000E+00  -0.197951E-01   0.371765E-09   0.320698E-07   0.232344E-09
  4621   0.478590E+00   0.136158E-01   0.000000E+00  -0.196298E-01   0.371560E-09   0.320901E-07   0.233156E-09
  4622   0.477202E+00   0.135605E-01   0.000000E+00  -0.194643E-01   0.371356E-09   0.321126E-07   0.233946E-09
  4623   0.475809E+00   0.135058E-01   0.000000E+00  -0.192987E-01   0.371151E-09   0.321373E-07   0.234715E-09
  4624   0.474411E+00   0.134518E-01   0.000000E+00  -0.191331E-01   0.370947E-09   0.321639E-07   0.235463E-09
  4625   0.473008E+00   0.133981E-01   0.000000E+00  -0.189675E-01   0.370743E-09   0.321924E-07   0.236189E-09
  4626   0.471601E+00   0.133452E-01   0.000000E+00  -0.188019E-01   0.370539E-09   0.322226E-07   0.236894E-09
  4627   0.470189E+00   0.132927E-01   0.000000E+00  -0.186364E-01   0.370335E-09   0.322545E-07   0.237577E-09
  4628   0.468773E+00   0.132409E-01   0.000000E+00  -0.184709E-01   0.370131E-09   0.322878E-07   0.238239E-09
  4629   0.467352E+00   0.131896E-01   0.000000E+00  -0.183056E-01   0.369927E-09   0.323225E-07   0.238879E-09
  4630   0.465927E+00   0.131389E-01   0.000000E+00  -0.181406E-01   0.369724E-09   0.323584E-07   0.239498E-09
  4631   0.464498E+00   0.130888E-01   0.000000E+00  -0.179757E-01   0.369520E-09   0.323954E-07   0.240095E-09
  4632   0.463063E+00   0.130392E-01   0.000000E+00  -0.178111E-01   0.369317E-09   0.324333E-07   0.240671E-09
  4633   0.461626E+00   0.129903E-01   0.000000E+00  -0.176467E-01   0.369114E-09   0.324721E-07   0.241225E-09
  4634   0.460184E+00   0.129418E-01   0.000000E+00  -0.174828E-01   0.368911E-09   0.325116E-07   0.241758E-09
  4635   0.458737E+00   0.128941E-01   0.000000E+00  -0.173192E-01   0.368708E-09   0.325517E-07   0.242269E-09
  4636   0.457287E+00   0.128469E-01   0.000000E+00  -0.171561E-01   0.368505E-09   0.325922E-07   0.242758E-09
  4637   0.455834E+00   0.128002E-01   0.000000E+00  -0.169934E-01   0.368302E-09   0.326331E-07   0.243226E-09
  4638   0.454376E+00   0.127542E-01   0.000000E+00  -0.168312E-01   0.368100E-09   0.326742E-07   0.243672E-09
  4639   0.452915E+00   0.127087E-01   0.000000E+00  -0.166695E-01   0.367897E-09   0.327153E-07   0.244097E-09
  4640   0.451450E+00   0.126639E-01   0.000000E+00  -0.165085E-01   0.367695E-09   0.327564E-07   0.244500E-09
  4641   0.449982E+00   0.126197E-01   0.000000E+00  -0.163480E-01   0.367493E-09   0.327973E-07   0.244882E-09
  4642   0.448510E+00   0.125760E-01   0.000000E+00  -0.161881E-01   0.367291E-09   0.328378E-07   0.245242E-09
  4643   0.447036E+00   0.125329E-01   0.000000E+00  -0.160290E-01   0.367089E-09   0.328780E-07   0.245580E-09
  4644   0.445558E+00   0.124904E-01   0.000000E+00  -0.158706E-01   0.366887E-09   0.329176E-07   0.245897E-09
  4645   0.444079E+00   0.124485E-01   0.000000E+00  -0.157128E-01   0.366685E-09   0.329564E-07   0.246192E-09
  4646   0.442596E+00   0.124072E-01   0.000000E+00  -0.155559E-01   0.366483E-09   0.329945E-07   0.246466E-09
  4647   0.441110E+00   0.123664E-01   0.000000E+00  -0.153998E-01   0.366282E-09   0.330316E-07   0.246717E-09
  4648   0.439622E+00   0.123263E-01   0.000000E+00  -0.152445E-01   0.366080E-09   0.330676E-07   0.246948E-09
  4649   0.438132E+00   0.122868E-01   0.000000E+00  -0.150902E-01   0.365879E-09   0.331024E-07   0.247156E-09
  4650   0.436640E+00   0.122478E-01   0.000000E+00  -0.149367E-01   0.365678E-09   0.331358E-07   0.247343E-09
  4651   0.435146E+00   0.122094E-01   0.000000E+00  -0.147843E-01   0.365477E-09   0.331679E-07   0.247508E-09
  4652   0.433649E+00   0.121717E-01   0.000000E+00  -0.146327E-01   0.365276E-09   0.331985E-07   0.247651E-09
  4653   0.432151E+00   0.121344E-01   0.000000E+00  -0.144822E-01   0.365075E-09   0.332277E-07   0.247773E-09
  4654   0.430651E+00   0.120978E-01   0.000000E+00  -0.143328E-01   0.364875E-09   0.332555E-07   0.247874E-09
  4655   0.429149E+00   0.120617E-01   0.000000E+00  -0.141844E-01   0.364674E-09   0.332821E-07   0.247953E-09
  4656   0.427646E+00   0.120262E-01   0.000000E+00  -0.140371E-01   0.364474E-09   0.333073E-07   0.248011E-09
  4657   0.426141E+00   0.119913E-01   0.000000E+00  -0.138910E-01   0.364273E-09   0.333313E-07   0.248048E-09
  4658   0.424636E+00   0.119569E-01   0.000000E+00  -0.137460E-01   0.364073E-09   0.333541E-07   0.248064E-09
  4659   0.423129E+00   0.119231E-01   0.000000E+00  -0.136023E-01   0.363873E-09   0.333758E-07   0.248059E-09
  4660   0.421621E+00   0.118899E-01   0.000000E+00  -0.134597E-01   0.363673E-09   0.333963E-07   0.248033E-09
  4661   0.420112E+00   0.118571E-01   0.000000E+00  -0.133184E-01   0.363473E-09   0.334157E-07   0.247987E-09
  4662   0.418603E+00   0.118250E-01   0.000000E+00  -0.131784E-01   0.363273E-09   0.334341E-07   0.247919E-09
  4663   0.417093E+00   0.117934E-01   0.000000E+00  -0.130397E-01   0.363074E-09   0.334514E-07   0.247832E-09
  4664   0.415583E+00   0.117623E-01   0.000000E+00  -0.129023E-01   0.362874E-09   0.334677E-07   0.247723E-09
  4665   0.414072E+00   0.117318E-01   0.000000E+00  -0.127663E-01   0.362675E-09   0.334831E-07   0.247595E-09
  4666   0.412561E+00   0.117019E-01   0.000000E+00  -0.126317E-01   0.362476E-09   0.334976E-07   0.247446E-09
  4667   0.411050E+00   0.116724E-01   0.000000E+00  -0.124985E-01   0.362277E-09   0.335112E-07   0.247277E-09
  4668   0.409539E+00   0.116435E-01   0.000000E+00  -0.123667E-01   0.362078E-09   0.335240E-07   0.247088E-09
  4669   0.408028E+00   0.116150E-01   0.000000E+00  -0.122364E-01   0.361879E-09   0.335360E-07   0.246879E-09
  4670   0.406518E+00   0.115871E-01   0.000000E+00  -0.121076E-01   0.361680E-09   0.335472E-07   0.246650E-09
  4671   0.405008E+00   0.115597E-01   0.000000E+00  -0.119804E-01   0.361481E-09   0.335577E-07   0.246401E-09
  4672   0.403500E+00   0.115329E-01   0.000000E+00  -0.118545E-01   0.361283E-09   0.335675E-07   0.246132E-09
  4673   0.401992E+00   0.115065E-01   0.000000E+00  -0.117303E-01   0.361084E-09   0.335767E-07   0.245844E-09
  4674   0.400485E+00   0.114806E-01   0.000000E+00  -0.116077E-01   0.360886E-09   0.335852E-07   0.245537E-09
  4675   0.398979E+00   0.114552E-01   0.000000E+00  -0.114867E-01   0.360688E-09   0.335932E-07   0.245210E-09
  4676   0.397475E+00   0.114303E-01   0.000000E+00  -0.113672E-01   0.360490E-09   0.336006E-07   0.244863E-09
  4677   0.395972E+00   0.114058E-01   0.000000E+00  -0.112494E-01   0.360292E-09   0.336075E-07   0.244498E-09
  4678   0.394470E+00   0.113819E-01   0.000000E+00  -0.111333E-01   0.360094E-09   0.336140E-07   0.244113E-09
  4679   0.392970E+00   0.113584E-01   0.000000E+00  -0.110188E-01   0.359896E-09   0.336200E-07   0.243709E-09
  4680   0.391472E+00   0.113353E-01   0.000000E+00  -0.109060E-01   0.359699E-09   0.336257E-07   0.243287E-09
  4681   0.389975E+00   0.113128E-01   0.000000E+00  -0.107949E-01   0.359501E-09   0.336309E-07   0.242845E-09
  4682   0.388481E+00   0.112906E-01   0.000000E+00  -0.106856E-01   0.359304E-09   0.336359E-07   0.242385E-09
  4683   0.386988E+00   0.112689E-01   0.000000E+00  -0.105779E-01   0.359106E-09   0.336406E-07   0.241906E-09
  4684   0.385498E+00   0.112477E-01   0.000000E+00  -0.104720E-01   0.358909E-09   0.336450E-07   0.241409E-09
  4685   0.384009E+00   0.112268E-01   0.000000E+00  -0.103678E-01   0.358712E-09   0.336492E-07   0.240893E-09
  4686   0.382523E+00   0.112064E-01   0.000000E+00  -0.102655E-01   0.358515E-09   0.336533E-07   0.240359E-09
  4687   0.381041E+00   0.111864E-01   0.000000E+00  -0.101649E-01   0.358318E-09   0.336572E-07   0.239806E-09
  4688   0.379559E+00   0.111668E-01   0.000000E+00  -0.100661E-01   0.358122E-09   0.336611E-07   0.239235E-09
  4689   0.378082E+00   0.111476E-01   0.000000E+00  -0.996908E-02   0.357925E-09   0.336648E-07   0.238647E-09
  4690   0.376607E+00   0.111288E-01   0.000000E+00  -0.987391E-02   0.357729E-09   0.336686E-07   0.238040E-09
  4691   0.375136E+00   0.111104E-01   0.000000E+00  -0.978054E-02   0.357532E-09   0.336723E-07   0.237415E-09
  4692   0.373667E+00   0.110923E-01   0.000000E+00  -0.968894E-02   0.357336E-09   0.336762E-07   0.236773E-09
  4693   0.372202E+00   0.110747E-01   0.000000E+00  -0.959920E-02   0.357140E-09   0.336801E-07   0.236113E-09
  4694   0.370741E+00   0.110574E-01   0.000000E+00  -0.951132E-02   0.356944E-09   0.336841E-07   0.235435E-09
  4695   0.369283E+00   0.110404E-01   0.000000E+00  -0.942523E-02   0.356748E-09   0.336883E-07   0.234740E-09
  4696   0.367829E+00   0.110239E-01   0.000000E+00  -0.934099E-02   0.356552E-09   0.336927E-07   0.234027E-09
  4697   0.366379E+00   0.110076E-01   0.000000E+00  -0.925860E-02   0.356357E-09   0.336973E-07   0.233297E-09
  4698   0.364934E+00   0.109916E-01   0.000000E+00  -0.917808E-02   0.356161E-09   0.337022E-07   0.232550E-09
  4699   0.363491E+00   0.109760E-01   0.000000E+00  -0.909941E-02   0.355966E-09   0.337074E-07   0.231786E-09
  4700   0.362054E+00   0.109607E-01   0.000000E+00  -0.902267E-02   0.355770E-09   0.337130E-07   0.231004E-09
  4701   0.360619E+00   0.109458E-01   0.000000E+00  -0.894772E-02   0.355575E-09   0.337189E-07   0.230206E-09
  4702   0.359190E+00   0.109311E-01   0.000000E+00  -0.887462E-02   0.355380E-09   0.337255E-07   0.229391E-09
  4703   0.357765E+00   0.109167E-01   0.000000E+00  -0.880338E-02   0.355185E-09   0.337327E-07   0.228559E-09
  4704   0.356345E+00   0.109025E-01   0.000000E+00  -0.873400E-02   0.354990E-09   0.337407E-07   0.227711E-09
  4705   0.354929E+00   0.108887E-01   0.000000E+00  -0.866655E-02   0.354795E-09   0.337498E-07   0.226847E-09
  4706   0.353519E+00   0.108752E-01   0.000000E+00  -0.860088E-02   0.354601E-09   0.337600E-07   0.225967E-09
  4707   0.352114E+00   0.108619E-01   0.000000E+00  -0.853707E-02   0.354406E-09   0.337716E-07   0.225070E-09
  4708   0.350714E+00   0.108488E-01   0.000000E+00  -0.847512E-02   0.354212E-09   0.337847E-07   0.224158E-09
  4709   0.349320E+00   0.108361E-01   0.000000E+00  -0.841494E-02   0.354018E-09   0.337994E-07   0.223231E-09
  4710   0.347931E+00   0.108235E-01   0.000000E+00  -0.835671E-02   0.353823E-09   0.338159E-07   0.222288E-09
  4711   0.346549E+00   0.108112E-01   0.000000E+00  -0.830025E-02   0.353629E-09   0.338343E-07   0.221330E-09
  4712   0.345171E+00   0.107991E-01   0.000000E+00  -0.824565E-02   0.353435E-09   0.338549E-07   0.220356E-09
  4713   0.343799E+00   0.107872E-01   0.000000E+00  -0.819283E-02   0.353242E-09   0.338777E-07   0.219368E-09
  4714   0.342433E+00   0.107754E-01   0.000000E+00  -0.814188E-02   0.353048E-09   0.339029E-07   0.218366E-09
  4715   0.341074E+00   0.107640E-01   0.000000E+00  -0.809277E-02   0.352854E-09   0.339308E-07   0.217348E-09
  4716   0.339720E+00   0.107527E-01   0.000000E+00  -0.804545E-02   0.352661E-09   0.339614E-07   0.216317E-09
  4717   0.338373E+00   0.107416E-01   0.000000E+00  -0.799992E-02   0.352467E-09   0.339948E-07   0.215271E-09
  4718   0.337031E+00   0.107306E-01   0.000000E+00  -0.795617E-02   0.352274E-09   0.340313E-07   0.214211E-09
  4719   0.335696E+00   0.107198E-01   0.000000E+00  -0.791427E-02   0.352081E-09   0.340711E-07   0.213137E-09
  4720   0.334367E+00   0.107092E-01   0.000000E+00  -0.787408E-02   0.351888E-09   0.341142E-07   0.212050E-09
  4721   0.333045E+00   0.106987E-01   0.000000E+00  -0.783568E-02   0.351695E-09   0.341608E-07   0.210949E-09
  4722   0.331730E+00   0.106883E-01   0.000000E+00  -0.779906E-02   0.351502E-09   0.342111E-07   0.209835E-09
  4723   0.330422E+00   0.106781E-01   0.000000E+00  -0.776414E-02   0.351309E-09   0.342653E-07   0.208708E-09
  4724   0.329121E+00   0.106680E-01   0.000000E+00  -0.773101E-02   0.351117E-09   0.343234E-07   0.207568E-09
  4725   0.327827E+00   0.106581E-01   0.000000E+00  -0.769959E-02   0.350924E-09   0.343857E-07   0.206415E-09
  4726   0.326540E+00   0.106481E-01   0.000000E+00  -0.766995E-02   0.350732E-09   0.344523E-07   0.205249E-09
  4727   0.325259E+00   0.106384E-01   0.000000E+00  -0.764195E-02   0.350540E-09   0.345234E-07   0.204071E-09
  4728   0.323987E+00   0.106286E-01   0.000000E+00  -0.761565E-02   0.350347E-09   0.345990E-07   0.202881E-09
  4729   0.322721E+00   0.106191E-01   0.000000E+00  -0.759106E-02   0.350155E-09   0.346795E-07   0.201678E-09
  4730   0.321462E+00   0.106095E-01   0.000000E+00  -0.756811E-02   0.349963E-09   0.347649E-07   0.200464E-09
  4731   0.320211E+00   0.106000E-01   0.000000E+00  -0.754687E-02   0.349771E-09   0.348554E-07   0.199238E-09
  4732   0.318967E+00   0.105905E-01   0.000000E+00  -0.752726E-02   0.349580E-09   0.349512E-07   0.198000E-09
  4733   0.317731E+00   0.105812E-01   0.000000E+00  -0.750928E-02   0.349388E-09   0.350523E-07   0.196751E-09
  4734   0.316503E+00   0.105718E-01   0.000000E+00  -0.749286E-02   0.349197E-09   0.351590E-07   0.195490E-09
  4735   0.315281E+00   0.105625E-01   0.000000E+00  -0.747808E-02   0.349005E-09   0.352715E-07   0.194219E-09
  4736   0.314068E+00   0.105532E-01   0.000000E+00  -0.746486E-02   0.348814E-09   0.353898E-07   0.192937E-09
  4737   0.312862E+00   0.105440E-01   0.000000E+00  -0.745312E-02   0.348623E-09   0.355142E-07   0.191644E-09
  4738   0.311664E+00   0.105347E-01   0.000000E+00  -0.744302E-02   0.348432E-09   0.356447E-07   0.190340E-09
  4739   0.310474E+00   0.105255E-01   0.000000E+00  -0.743440E-02   0.348241E-09   0.357816E-07   0.189026E-09
  4740   0.309292E+00   0.105162E-01   0.000000E+00  -0.742727E-02   0.348050E-09   0.359250E-07   0.187702E-09
  4741   0.308118E+00   0.105070E-01   0.000000E+00  -0.742163E-02   0.347859E-09   0.360751E-07   0.186367E-09
  4742   0.306952E+00   0.104978E-01   0.000000E+00  -0.741745E-02   0.347669E-09   0.362320E-07   0.185023E-09
  4743   0.305794E+00   0.104885E-01   0.000000E+00  -0.741472E-02   0.347478E-09   0.363959E-07   0.183670E-09
  4744   0.304644E+00   0.104791E-01   0.000000E+00  -0.741341E-02   0.347288E-09   0.365669E-07   0.182306E-09
  4745   0.303502E+00   0.104697E-01   0.000000E+00  -0.741350E-02   0.347098E-09   0.367452E-07   0.180934E-09
  4746   0.302369E+00   0.104604E-01   0.000000E+00  -0.741497E-02   0.346907E-09   0.369309E-07   0.179552E-09
  4747   0.301244E+00   0.104509E-01   0.000000E+00  -0.741778E-02   0.346717E-09   0.371242E-07   0.178161E-09
  4748   0.300127E+00   0.104414E-01   0.000000E+00  -0.742194E-02   0.346527E-09   0.373253E-07   0.176761E-09
  4749   0.299018E+00   0.104318E-01   0.000000E+00  -0.742739E-02   0.346338E-09   0.375344E-07   0.175353E-09
  4750   0.297918E+00   0.104221E-01   0.000000E+00  -0.743418E-02   0.346148E-09   0.377515E-07   0.173936E-09
  4751   0.296826E+00   0.104124E-01   0.000000E+00  -0.744212E-02   0.345958E-09   0.379767E-07   0.172511E-09
  4752   0.295743E+00   0.104026E-01   0.000000E+00  -0.745141E-02   0.345769E-09   0.382094E-07   0.171078E-09
  4753   0.294667E+00   0.103927E-01   0.000000E+00  -0.746188E-02   0.345579E-09   0.384489E-07   0.169637E-09
  4754   0.293601E+00   0.103828E-01   0.000000E+00  -0.747354E-02   0.345390E-09   0.386945E-07   0.168188E-09
  4755   0.292542E+00   0.103727E-01   0.000000E+00  -0.748632E-02   0.345201E-09   0.389454E-07   0.166732E-09
  4756   0.291493E+00   0.103624E-01   0.000000E+00  -0.750028E-02   0.345012E-09   0.392010E-07   0.165268E-09
  4757   0.290451E+00   0.103521E-01   0.000000E+00  -0.751543E-02   0.344823E-09   0.394604E-07   0.163797E-09
  4758   0.289418E+00   0.103417E-01   0.000000E+00  -0.753163E-02   0.344634E-09   0.397231E-07   0.162319E-09
  4759   0.288394E+00   0.103311E-01   0.000000E+00  -0.754893E-02   0.344445E-09   0.399883E-07   0.160834E-09
  4760   0.287378E+00   0.103204E-01   0.000000E+00  -0.756720E-02   0.344256E-09   0.402552E-07   0.159343E-09
  4761   0.286371E+00   0.103095E-01   0.000000E+00  -0.758659E-02   0.344068E-09   0.405232E-07   0.157846E-09
  4762   0.285373E+00   0.102986E-01   0.000000E+00  -0.760694E-02   0.343879E-09   0.407915E-07   0.156342E-09
  4763   0.284384E+00   0.102875E-01   0.000000E+00  -0.762826E-02   0.343691E-09   0.410594E-07   0.154832E-09
  4764   0.283402E+00   0.102762E-01   0.000000E+00  -0.765054E-02   0.343503E-09   0.413262E-07   0.153317E-09
  4765   0.282430E+00   0.102648E-01   0.000000E+00  -0.767372E-02   0.343315E-09   0.415911E-07   0.151795E-09
  4766   0.281466E+00   0.102532E-01   0.000000E+00  -0.769778E-02   0.343127E-09   0.418535E-07   0.150269E-09
  4767   0.280511E+00   0.102415E-01   0.000000E+00  -0.772267E-02   0.342939E-09   0.421127E-07   0.148737E-09
  4768   0.279565E+00   0.102296E-01   0.000000E+00  -0.774844E-02   0.342751E-09   0.423678E-07   0.147200E-09
  4769   0.278627E+00   0.102175E-01   0.000000E+00  -0.777503E-02   0.342564E-09   0.426182E-07   0.145658E-09
  4770   0.277698E+00   0.102052E-01   0.000000E+00  -0.780244E-02   0.342376E-09   0.428632E-07   0.144112E-09
  4771   0.276777E+00   0.101928E-01   0.000000E+00  -0.783059E-02   0.342189E-09   0.431020E-07   0.142561E-09
  4772   0.275865E+00   0.101801E-01   0.000000E+00  -0.785949E-02   0.342001E-09   0.433340E-07   0.141006E-09
  4773   0.274962E+00   0.101674E-01   0.000000E+00  -0.788905E-02   0.341814E-09   0.435584E-07   0.139447E-09
  4774   0.274067E+00   0.101544E-01   0.000000E+00  -0.791936E-02   0.341627E-09   0.437745E-07   0.137884E-09
  4775   0.273181E+00   0.101411E-01   0.000000E+00  -0.795026E-02   0.341440E-09   0.439816E-07   0.136317E-09
  4776   0.272303E+00   0.101277E-01   0.000000E+00  -0.798183E-02   0.341253E-09   0.441789E-07   0.134747E-09
  4777   0.271434E+00   0.101141E-01   0.000000E+00  -0.801407E-02   0.341066E-09   0.443657E-07   0.133173E-09
  4778   0.270574E+00   0.101003E-01   0.000000E+00  -0.804682E-02   0.340879E-09   0.445414E-07   0.131596E-09
  4779   0.269722E+00   0.100862E-01   0.000000E+00  -0.808018E-02   0.340693E-09   0.447052E-07   0.130017E-09
  4780   0.268879E+00   0.100720E-01   0.000000E+00  -0.811405E-02   0.340506E-09   0.448563E-07   0.128434E-09
  4781   0.268044E+00   0.100575E-01   0.000000E+00  -0.814837E-02   0.340320E-09   0.449941E-07   0.126850E-09
  4782   0.267218E+00   0.100428E-01   0.000000E+00  -0.818328E-02   0.340134E-09   0.451179E-07   0.125262E-09
  4783   0.266399E+00   0.100279E-01   0.000000E+00  -0.821856E-02   0.339948E-09   0.452269E-07   0.123673E-09
  4784   0.265591E+00   0.100127E-01   0.000000E+00  -0.825437E-02   0.339762E-09   0.453203E-07   0.122082E-09
  4785   0.264789E+00   0.999725E-02   0.000000E+00  -0.829054E-02   0.339576E-09   0.453976E-07   0.120489E-09
  4786   0.263996E+00   0.998166E-02   0.000000E+00  -0.832701E-02   0.339390E-09   0.454579E-07   0.118894E-09
  4787   0.263211E+00   0.996576E-02   0.000000E+00  -0.836393E-02   0.339204E-09   0.455006E-07   0.117298E-09
  4788   0.262435E+00   0.994964E-02   0.000000E+00  -0.840122E-02   0.339019E-09   0.455249E-07   0.115701E-09
  4789   0.261666E+00   0.993330E-02   0.000000E+00  -0.843874E-02   0.338833E-09   0.455301E-07   0.114102E-09
  4790   0.260906E+00   0.991673E-02   0.000000E+00  -0.847655E-02   0.338648E-09   0.455155E-07   0.112503E-09
  4791   0.260155E+00   0.989987E-02   0.000000E+00  -0.851465E-02   0.338462E-09   0.454804E-07   0.110904E-09
  4792   0.259410E+00   0.988279E-02   0.000000E+00  -0.855291E-02   0.338277E-09   0.454240E-07   0.109304E-09
  4793   0.258674E+00   0.986540E-02   0.000000E+00  -0.859146E-02   0.338092E-09   0.453456E-07   0.107703E-09
  4794   0.257946E+00   0.984787E-02   0.000000E+00  -0.863017E-02   0.337907E-09   0.452446E-07   0.106103E-09
  4795   0.257226E+00   0.983005E-02   0.000000E+00  -0.866902E-02   0.337722E-09   0.451202E-07   0.104503E-09
  4796   0.256513E+00   0.981192E-02   0.000000E+00  -0.870794E-02   0.337538E-09   0.449716E-07   0.102903E-09
  4797   0.255809E+00   0.979365E-02   0.000000E+00  -0.874702E-02   0.337353E-09   0.447982E-07   0.101303E-09
  4798   0.255112E+00   0.977508E-02   0.000000E+00  -0.878617E-02   0.337168E-09   0.445992E-07   0.997048E-10
  4799   0.254423E+00   0.975621E-02   0.000000E+00  -0.882539E-02   0.336984E-09   0.443739E-07   0.981071E-10
  4800   0.253741E+00   0.973712E-02   0.000000E+00  -0.886461E-02   0.336800E-09   0.441217E-07   0.965106E-10
  4801   0.253067E+00   0.971780E-02   0.000000E+00  -0.890384E-02   0.336616E-09   0.438420E-07   0.949153E-10
  4802   0.252401E+00   0.969819E-02   0.000000E+00  -0.894306E-02   0.336431E-09   0.435358E-07   0.933215E-10
  4803   0.251742E+00   0.967836E-02   0.000000E+00  -0.898221E-02   0.336247E-09   0.432043E-07   0.917292E-10
  4804   0.251090E+00   0.965823E-02   0.000000E+00  -0.902129E-02   0.336064E-09   0.428486E-07   0.901386E-10
  4805   0.250445E+00   0.963787E-02   0.000000E+00  -0.906029E-02   0.335880E-09   0.424700E-07   0.885499E-10
  4806   0.249808E+00   0.961722E-02   0.000000E+00  -0.909914E-02   0.335696E-09   0.420696E-07   0.869630E-10
  4807   0.249178E+00   0.959634E-02   0.000000E+00  -0.913785E-02   0.335513E-09   0.416487E-07   0.853783E-10
  4808   0.248555E+00   0.957525E-02   0.000000E+00  -0.917648E-02   0.335329E-09   0.412083E-07   0.837957E-10
  4809   0.247938E+00   0.955385E-02   0.000000E+00  -0.921481E-02   0.335146E-09   0.407498E-07   0.822154E-10
  4810   0.247329E+00   0.953224E-02   0.000000E+00  -0.925300E-02   0.334963E-09   0.402744E-07   0.806376E-10
  4811   0.246726E+00   0.951040E-02   0.000000E+00  -0.929096E-02   0.334779E-09   0.397831E-07   0.790623E-10
  4812   0.246131E+00   0.948826E-02   0.000000E+00  -0.932870E-02   0.334596E-09   0.392772E-07   0.774898E-10
  4813   0.245541E+00   0.946582E-02   0.000000E+00  -0.936607E-02   0.334413E-09   0.387579E-07   0.759200E-10
  4814   0.244959E+00   0.944324E-02   0.000000E+00  -0.940322E-02   0.334231E-09   0.382263E-07   0.743532E-10
  4815   0.244383E+00   0.942036E-02   0.000000E+00  -0.944007E-02   0.334048E-09   0.376838E-07   0.727894E-10
  4816   0.243814E+00   0.939718E-02   0.000000E+00  -0.947655E-02   0.333865E-09   0.371314E-07   0.712289E-10
  4817   0.243251E+00   0.937386E-02   0.000000E+00  -0.951273E-02   0.333683E-09   0.365704E-07   0.696716E-10
  4818   0.242695E+00   0.935023E-02   0.000000E+00  -0.954846E-02   0.333500E-09   0.360019E-07   0.681178E-10
  4819   0.242145E+00   0.932639E-02   0.000000E+00  -0.958390E-02   0.333318E-09   0.354271E-07   0.665676E-10
  4820   0.241601E+00   0.930224E-02   0.000000E+00  -0.961882E-02   0.333136E-09   0.348473E-07   0.650211E-10
  4821   0.241064E+00   0.927795E-02   0.000000E+00  -0.965336E-02   0.332954E-09   0.342637E-07   0.634784E-10
  4822   0.240532E+00   0.925336E-02   0.000000E+00  -0.968746E-02   0.332772E-09   0.336773E-07   0.619397E-10
  4823   0.240007E+00   0.922855E-02   0.000000E+00  -0.972112E-02   0.332590E-09   0.330894E-07   0.604050E-10
  4824   0.239487E+00   0.920352E-02   0.000000E+00  -0.975425E-02   0.332408E-09   0.325013E-07   0.588745E-10
  4825   0.238973E+00   0.917826E-02   0.000000E+00  -0.978687E-02   0.332227E-09   0.319140E-07   0.573484E-10
  4826   0.238466E+00   0.915278E-02   0.000000E+00  -0.981896E-02   0.332045E-09   0.313289E-07   0.558267E-10
  4827   0.237964E+00   0.912707E-02   0.000000E+00  -0.985054E-02   0.331864E-09   0.307470E-07   0.543095E-10
  4828   0.237467E+00   0.910115E-02   0.000000E+00  -0.988159E-02   0.331682E-09   0.301696E-07   0.527971E-10
  4829   0.236977E+00   0.907500E-02   0.000000E+00  -0.991198E-02   0.331501E-09   0.295979E-07   0.512895E-10
  4830   0.236491E+00   0.904863E-02   0.000000E+00  -0.994184E-02   0.331320E-09   0.290330E-07   0.497869E-10
  4831   0.236012E+00   0.902203E-02   0.000000E+00  -0.997111E-02   0.331139E-09   0.284762E-07   0.482893E-10
  4832   0.235537E+00   0.899521E-02   0.000000E+00  -0.999972E-02   0.330958E-09   0.279286E-07   0.467970E-10
  4833   0.235068E+00   0.896817E-02   0.000000E+00  -0.100277E-01   0.330777E-09   0.273914E-07   0.453099E-10
  4834   0.234604E+00   0.894098E-02   0.000000E+00  -0.100551E-01   0.330596E-09   0.268659E-07   0.438284E-10
  4835   0.234145E+00   0.891357E-02   0.000000E+00  -0.100818E-01   0.330416E-09   0.263532E-07   0.423524E-10
  4836   0.233691E+00   0.888594E-02   0.000000E+00  -0.101079E-01   0.330235E-09   0.258545E-07   0.408821E-10
  4837   0.233242E+00   0.885808E-02   0.000000E+00  -0.101332E-01   0.330055E-09   0.253710E-07   0.394177E-10
  4838   0.232798E+00   0.883007E-02   0.000000E+00  -0.101579E-01   0.329874E-09   0.249039E-07   0.379592E-10
  4839   0.232358E+00   0.880185E-02   0.000000E+00  -0.101818E-01   0.329694E-09   0.244544E-07   0.365068E-10
  4840   0.231922E+00   0.877339E-02   0.000000E+00  -0.102051E-01   0.329514E-09   0.240237E-07   0.350606E-10
  4841   0.231492E+00   0.874479E-02   0.000000E+00  -0.102275E-01   0.329334E-09   0.236129E-07   0.336208E-10
  4842   0.231065E+00   0.871605E-02   0.000000E+00  -0.102493E-01   0.329154E-09   0.232234E-07   0.321874E-10
  4843   0.230643E+00   0.868707E-02   0.000000E+00  -0.102702E-01   0.328974E-09   0.228561E-07   0.307606E-10
  4844   0.230225E+00   0.865795E-02   0.000000E+00  -0.102905E-01   0.328795E-09   0.225125E-07   0.293405E-10
  4845   0.229811E+00   0.862861E-02   0.000000E+00  -0.103100E-01   0.328615E-09   0.221936E-07   0.279272E-10
  4846   0.229401E+00   0.859919E-02   0.000000E+00  -0.103286E-01   0.328436E-09   0.219006E-07   0.265210E-10
  4847   0.228995E+00   0.856948E-02   0.000000E+00  -0.103465E-01   0.328256E-09   0.216347E-07   0.251218E-10
  4848   0.228592E+00   0.853969E-02   0.000000E+00  -0.103636E-01   0.328077E-09   0.213972E-07   0.237298E-10
  4849   0.228193E+00   0.850975E-02   0.000000E+00  -0.103799E-01   0.327898E-09   0.211891E-07   0.223452E-10
  4850   0.227799E+00   0.847959E-02   0.000000E+00  -0.103953E-01   0.327719E-09   0.210118E-07   0.209680E-10
  4851   0.227407E+00   0.844936E-02   0.000000E+00  -0.104100E-01   0.327540E-09   0.208660E-07   0.195984E-10
  4852   0.227019E+00   0.841890E-02   0.000000E+00  -0.104238E-01   0.327361E-09   0.207511E-07   0.182365E-10
  4853   0.226635E+00   0.838837E-02   0.000000E+00  -0.104367E-01   0.327182E-09   0.206661E-07   0.168824E-10
  4854   0.226254E+00   0.835769E-02   0.000000E+00  -0.104489E-01   0.327004E-09   0.206100E-07   0.155360E-10
  4855   0.225877E+00   0.832686E-02   0.000000E+00  -0.104601E-01   0.326825E-09   0.205817E-07   0.141976E-10
  4856   0.225503E+00   0.829596E-02   0.000000E+00  -0.104705E-01   0.326647E-09   0.205803E-07   0.128672E-10
  4857   0.225131E+00   0.826491E-02   0.000000E+00  -0.104800E-01   0.326468E-09   0.206047E-07   0.115448E-10
  4858   0.224763E+00   0.823371E-02   0.000000E+00  -0.104887E-01   0.326290E-09   0.206540E-07   0.102305E-10
  4859   0.224398E+00   0.820244E-02   0.000000E+00  -0.104965E-01   0.326112E-09   0.207271E-07   0.892450E-11
  4860   0.224036E+00   0.817109E-02   0.000000E+00  -0.105034E-01   0.325934E-09   0.208230E-07   0.762676E-11
  4861   0.223676E+00   0.813959E-02   0.000000E+00  -0.105094E-01   0.325756E-09   0.209407E-07   0.633740E-11
  4862   0.223319E+00   0.810795E-02   0.000000E+00  -0.105146E-01   0.325578E-09   0.210792E-07   0.505647E-11
  4863   0.222965E+00   0.807630E-02   0.000000E+00  -0.105188E-01   0.325400E-09   0.212376E-07   0.378407E-11
  4864   0.222612E+00   0.804451E-02   0.000000E+00  -0.105221E-01   0.325223E-09   0.214147E-07   0.252028E-11
  4865   0.222263E+00   0.801264E-02   0.000000E+00  -0.105246E-01   0.325045E-09   0.216096E-07   0.126516E-11
  4866   0.221916E+00   0.798070E-02   0.000000E+00  -0.105261E-01   0.324868E-09   0.218213E-07   0.188059E-13
  4867   0.221571E+00   0.794869E-02   0.000000E+00  -0.105268E-01   0.324690E-09   0.220487E-07  -0.121872E-11
  4868   0.221229E+00   0.791660E-02   0.000000E+00  -0.105266E-01   0.324513E-09   0.222909E-07  -0.244733E-11
  4869   0.220889E+00   0.788451E-02   0.000000E+00  -0.105254E-01   0.324336E-09   0.225469E-07  -0.366694E-11
  4870   0.220550E+00   0.785227E-02   0.000000E+00  -0.105234E-01   0.324159E-09   0.228156E-07  -0.487750E-11
  4871   0.220215E+00   0.782003E-02   0.000000E+00  -0.105204E-01   0.323982E-09   0.230960E-07  -0.607890E-11
  4872   0.219880E+00   0.778771E-02   0.000000E+00  -0.105165E-01   0.323805E-09   0.233871E-07  -0.727108E-11
  4873   0.219548E+00   0.775533E-02   0.000000E+00  -0.105118E-01   0.323629E-09   0.236880E-07  -0.845396E-11
  4874   0.219217E+00   0.772294E-02   0.000000E+00  -0.105061E-01   0.323452E-09   0.239975E-07  -0.962747E-11
  4875   0.218888E+00   0.769048E-02   0.000000E+00  -0.104996E-01   0.323275E-09   0.243148E-07  -0.107915E-10
  4876   0.218560E+00   0.765794E-02   0.000000E+00  -0.104921E-01   0.323099E-09   0.246388E-07  -0.119460E-10
  4877   0.218233E+00   0.762548E-02   0.000000E+00  -0.104837E-01   0.322923E-09   0.249684E-07  -0.130909E-10
  4878   0.217908E+00   0.759295E-02   0.000000E+00  -0.104744E-01   0.322747E-09   0.253027E-07  -0.142261E-10
  4879   0.217584E+00   0.756034E-02   0.000000E+00  -0.104643E-01   0.322570E-09   0.256406E-07  -0.153516E-10
  4880   0.217261E+00   0.752780E-02   0.000000E+00  -0.104533E-01   0.322394E-09   0.259813E-07  -0.164672E-10
  4881   0.216939E+00   0.749519E-02   0.000000E+00  -0.104414E-01   0.322219E-09   0.263235E-07  -0.175729E-10
  4882   0.216619E+00   0.746265E-02   0.000000E+00  -0.104286E-01   0.322043E-09   0.266664E-07  -0.186686E-10
  4883   0.216301E+00   0.743004E-02   0.000000E+00  -0.104149E-01   0.321867E-09   0.270090E-07  -0.197542E-10
  4884   0.215983E+00   0.739748E-02   0.000000E+00  -0.104004E-01   0.321691E-09   0.273501E-07  -0.208296E-10
  4885   0.215666E+00   0.736492E-02   0.000000E+00  -0.103850E-01   0.321516E-09   0.276889E-07  -0.218948E-10
  4886   0.215350E+00   0.733237E-02   0.000000E+00  -0.103686E-01   0.321340E-09   0.280243E-07  -0.229497E-10
  4887   0.215035E+00   0.729985E-02   0.000000E+00  -0.103515E-01   0.321165E-09   0.283553E-07  -0.239943E-10
  4888   0.214721E+00   0.726734E-02   0.000000E+00  -0.103335E-01   0.320990E-09   0.286809E-07  -0.250283E-10
  4889   0.214407E+00   0.723487E-02   0.000000E+00  -0.103146E-01   0.320815E-09   0.290000E-07  -0.260518E-10
  4890   0.214095E+00   0.720243E-02   0.000000E+00  -0.102949E-01   0.320640E-09   0.293117E-07  -0.270647E-10
  4891   0.213783E+00   0.717002E-02   0.000000E+00  -0.102744E-01   0.320465E-09   0.296150E-07  -0.280669E-10
  4892   0.213471E+00   0.713765E-02   0.000000E+00  -0.102530E-01   0.320290E-09   0.299089E-07  -0.290584E-10
  4893   0.213160E+00   0.710533E-02   0.000000E+00  -0.102308E-01   0.320115E-09   0.301922E-07  -0.300389E-10
  4894   0.212850E+00   0.707306E-02   0.000000E+00  -0.102079E-01   0.319941E-09   0.304642E-07  -0.310086E-10
  4895   0.212539E+00   0.704084E-02   0.000000E+00  -0.101840E-01   0.319766E-09   0.307236E-07  -0.319672E-10
  4896   0.212229E+00   0.700868E-02   0.000000E+00  -0.101594E-01   0.319592E-09   0.309696E-07  -0.329147E-10
  4897   0.211920E+00   0.697659E-02   0.000000E+00  -0.101340E-01   0.319418E-09   0.312011E-07  -0.338511E-10
  4898   0.211610E+00   0.694456E-02   0.000000E+00  -0.101079E-01   0.319243E-09   0.314171E-07  -0.347763E-10
  4899   0.211300E+00   0.691261E-02   0.000000E+00  -0.100810E-01   0.319069E-09   0.316166E-07  -0.356901E-10
  4900   0.210990E+00   0.688072E-02   0.000000E+00  -0.100533E-01   0.318895E-09   0.317986E-07  -0.365925E-10
  4901   0.210681E+00   0.684892E-02   0.000000E+00  -0.100248E-01   0.318721E-09   0.319623E-07  -0.374835E-10
  4902   0.210371E+00   0.681721E-02   0.000000E+00  -0.999565E-02   0.318548E-09   0.321080E-07  -0.383629E-10
  4903   0.210061E+00   0.678558E-02   0.000000E+00  -0.996572E-02   0.318374E-09   0.322361E-07  -0.392307E-10
  4904   0.209751E+00   0.675404E-02   0.000000E+00  -0.993504E-02   0.318200E-09   0.323471E-07  -0.400868E-10
  4905   0.209442E+00   0.672260E-02   0.000000E+00  -0.990363E-02   0.318027E-09   0.324415E-07  -0.409312E-10
  4906   0.209131E+00   0.669126E-02   0.000000E+00  -0.987154E-02   0.317853E-09   0.325197E-07  -0.417637E-10
  4907   0.208821E+00   0.666003E-02   0.000000E+00  -0.983879E-02   0.317680E-09   0.325822E-07  -0.425844E-10
  4908   0.208509E+00   0.662890E-02   0.000000E+00  -0.980529E-02   0.317507E-09   0.326296E-07  -0.433931E-10
  4909   0.208198E+00   0.659789E-02   0.000000E+00  -0.977113E-02   0.317334E-09   0.326622E-07  -0.441897E-10
  4910   0.207886E+00   0.656700E-02   0.000000E+00  -0.973630E-02   0.317161E-09   0.326806E-07  -0.449743E-10
  4911   0.207574E+00   0.653623E-02   0.000000E+00  -0.970087E-02   0.316988E-09   0.326852E-07  -0.457467E-10
  4912   0.207262E+00   0.650558E-02   0.000000E+00  -0.966478E-02   0.316815E-09   0.326764E-07  -0.465068E-10
  4913   0.206948E+00   0.647507E-02   0.000000E+00  -0.962801E-02   0.316642E-09   0.326549E-07  -0.472547E-10
  4914   0.206634E+00   0.644469E-02   0.000000E+00  -0.959073E-02   0.316470E-09   0.326210E-07  -0.479901E-10
  4915   0.206320E+00   0.641444E-02   0.000000E+00  -0.955278E-02   0.316297E-09   0.325752E-07  -0.487131E-10
  4916   0.206004E+00   0.638434E-02   0.000000E+00  -0.951423E-02   0.316125E-09   0.325179E-07  -0.494236E-10
  4917   0.205689E+00   0.635438E-02   0.000000E+00  -0.947509E-02   0.315952E-09   0.324498E-07  -0.501215E-10
  4918   0.205372E+00   0.632456E-02   0.000000E+00  -0.943536E-02   0.315780E-09   0.323712E-07  -0.508067E-10
  4919   0.205054E+00   0.629490E-02   0.000000E+00  -0.939511E-02   0.315608E-09   0.322826E-07  -0.514792E-10
  4920   0.204736E+00   0.626539E-02   0.000000E+00  -0.935433E-02   0.315436E-09   0.321844E-07  -0.521389E-10
  4921   0.204417E+00   0.623603E-02   0.000000E+00  -0.931296E-02   0.315264E-09   0.320773E-07  -0.527857E-10
  4922   0.204097E+00   0.620684E-02   0.000000E+00  -0.927115E-02   0.315092E-09   0.319615E-07  -0.534196E-10
  4923   0.203776E+00   0.617780E-02   0.000000E+00  -0.922882E-02   0.314921E-09   0.318377E-07  -0.540405E-10
  4924   0.203455E+00   0.614893E-02   0.000000E+00  -0.918596E-02   0.314749E-09   0.317062E-07  -0.546483E-10
  4925   0.203133E+00   0.612024E-02   0.000000E+00  -0.914259E-02   0.314577E-09   0.315676E-07  -0.552430E-10
  4926   0.202810E+00   0.609171E-02   0.000000E+00  -0.909884E-02   0.314406E-09   0.314224E-07  -0.558244E-10
  4927   0.202486E+00   0.606337E-02   0.000000E+00  -0.905457E-02   0.314235E-09   0.312709E-07  -0.563925E-10
  4928   0.202161E+00   0.603520E-02   0.000000E+00  -0.900986E-02   0.314063E-09   0.311137E-07  -0.569473E-10
  4929   0.201835E+00   0.600721E-02   0.000000E+00  -0.896478E-02   0.313892E-09   0.309512E-07  -0.574887E-10
  4930   0.201508E+00   0.597940E-02   0.000000E+00  -0.891917E-02   0.313721E-09   0.307840E-07  -0.580166E-10
  4931   0.201180E+00   0.595178E-02   0.000000E+00  -0.887327E-02   0.313550E-09   0.306125E-07  -0.585308E-10
  4932   0.200850E+00   0.592435E-02   0.000000E+00  -0.882692E-02   0.313379E-09   0.304371E-07  -0.590315E-10
  4933   0.200521E+00   0.589710E-02   0.000000E+00  -0.878020E-02   0.313209E-09   0.302584E-07  -0.595184E-10
  4934   0.200189E+00   0.587005E-02   0.000000E+00  -0.873311E-02   0.313038E-09   0.300768E-07  -0.599916E-10
  4935   0.199857E+00   0.584320E-02   0.000000E+00  -0.868572E-02   0.312867E-09   0.298928E-07  -0.604509E-10
  4936   0.199523E+00   0.581654E-02   0.000000E+00  -0.863796E-02   0.312697E-09   0.297068E-07  -0.608963E-10
  4937   0.199189E+00   0.579008E-02   0.000000E+00  -0.858983E-02   0.312526E-09   0.295194E-07  -0.613278E-10
  4938   0.198853E+00   0.576383E-02   0.000000E+00  -0.854147E-02   0.312356E-09   0.293310E-07  -0.617451E-10
  4939   0.198516E+00   0.573778E-02   0.000000E+00  -0.849282E-02   0.312186E-09   0.291421E-07  -0.621484E-10
  4940   0.198179E+00   0.571194E-02   0.000000E+00  -0.844386E-02   0.312016E-09   0.289531E-07  -0.625374E-10
  4941   0.197839E+00   0.568631E-02   0.000000E+00  -0.839461E-02   0.311846E-09   0.287646E-07  -0.629122E-10
  4942   0.197500E+00   0.566089E-02   0.000000E+00  -0.834514E-02   0.311676E-09   0.285770E-07  -0.632726E-10
  4943   0.197158E+00   0.563568E-02   0.000000E+00  -0.829552E-02   0.311506E-09   0.283907E-07  -0.636186E-10
  4944   0.196816E+00   0.561068E-02   0.000000E+00  -0.824560E-02   0.311337E-09   0.282063E-07  -0.639502E-10
  4945   0.196473E+00   0.558590E-02   0.000000E+00  -0.819545E-02   0.311167E-09   0.280243E-07  -0.642672E-10
  4946   0.196128E+00   0.556134E-02   0.000000E+00  -0.814516E-02   0.310997E-09   0.278450E-07  -0.645696E-10
  4947   0.195782E+00   0.553699E-02   0.000000E+00  -0.809464E-02   0.310828E-09   0.276691E-07  -0.648573E-10
  4948   0.195435E+00   0.551285E-02   0.000000E+00  -0.804397E-02   0.310659E-09   0.274968E-07  -0.651303E-10
  4949   0.195087E+00   0.548894E-02   0.000000E+00  -0.799316E-02   0.310489E-09   0.273288E-07  -0.653884E-10
  4950   0.194738E+00   0.546525E-02   0.000000E+00  -0.794219E-02   0.310320E-09   0.271655E-07  -0.656316E-10
  4951   0.194387E+00   0.544178E-02   0.000000E+00  -0.789115E-02   0.310151E-09   0.270073E-07  -0.658600E-10
  4952   0.194035E+00   0.541854E-02   0.000000E+00  -0.783996E-02   0.309982E-09   0.268542E-07  -0.660736E-10
  4953   0.193683E+00   0.539552E-02   0.000000E+00  -0.778869E-02   0.309814E-09   0.267060E-07  -0.662728E-10
  4954   0.193328E+00   0.537272E-02   0.000000E+00  -0.773735E-02   0.309645E-09   0.265626E-07  -0.664578E-10
  4955   0.192973E+00   0.535016E-02   0.000000E+00  -0.768594E-02   0.309476E-09   0.264241E-07  -0.666290E-10
  4956   0.192617E+00   0.532782E-02   0.000000E+00  -0.763452E-02   0.309308E-09   0.262902E-07  -0.667865E-10
  4957   0.192259E+00   0.530570E-02   0.000000E+00  -0.758303E-02   0.309139E-09   0.261609E-07  -0.669307E-10
  4958   0.191900E+00   0.528382E-02   0.000000E+00  -0.753146E-02   0.308971E-09   0.260360E-07  -0.670618E-10
  4959   0.191540E+00   0.526216E-02   0.000000E+00  -0.747997E-02   0.308802E-09   0.259155E-07  -0.671800E-10
  4960   0.191180E+00   0.524074E-02   0.000000E+00  -0.742840E-02   0.308634E-09   0.257993E-07  -0.672857E-10
  4961   0.190818E+00   0.521954E-02   0.000000E+00  -0.737689E-02   0.308466E-09   0.256872E-07  -0.673792E-10
  4962   0.190455E+00   0.519858E-02   0.000000E+00  -0.732540E-02   0.308298E-09   0.255791E-07  -0.674606E-10
  4963   0.190091E+00   0.517784E-02   0.000000E+00  -0.727393E-02   0.308130E-09   0.254751E-07  -0.675303E-10
  4964   0.189726E+00   0.515733E-02   0.000000E+00  -0.722251E-02   0.307963E-09   0.253748E-07  -0.675885E-10
  4965   0.189360E+00   0.513706E-02   0.000000E+00  -0.717116E-02   0.307795E-09   0.252784E-07  -0.676355E-10
  4966   0.188993E+00   0.511701E-02   0.000000E+00  -0.711987E-02   0.307627E-09   0.251855E-07  -0.676715E-10
  4967   0.188623E+00   0.509719E-02   0.000000E+00  -0.706868E-02   0.307460E-09   0.250963E-07  -0.676969E-10
  4968   0.188253E+00   0.507761E-02   0.000000E+00  -0.701759E-02   0.307292E-09   0.250105E-07  -0.677118E-10
  4969   0.187883E+00   0.505825E-02   0.000000E+00  -0.696661E-02   0.307125E-09   0.249280E-07  -0.677166E-10
  4970   0.187511E+00   0.503912E-02   0.000000E+00  -0.691575E-02   0.306958E-09   0.248487E-07  -0.677116E-10
  4971   0.187138E+00   0.502023E-02   0.000000E+00  -0.686503E-02   0.306791E-09   0.247727E-07  -0.676970E-10
  4972   0.186764E+00   0.500156E-02   0.000000E+00  -0.681446E-02   0.306623E-09   0.246996E-07  -0.676730E-10
  4973   0.186389E+00   0.498312E-02   0.000000E+00  -0.676404E-02   0.306457E-09   0.246295E-07  -0.676399E-10
  4974   0.186013E+00   0.496491E-02   0.000000E+00  -0.671380E-02   0.306290E-09   0.245623E-07  -0.675981E-10
  4975   0.185637E+00   0.494693E-02   0.000000E+00  -0.666374E-02   0.306123E-09   0.244977E-07  -0.675477E-10
  4976   0.185259E+00   0.492918E-02   0.000000E+00  -0.661388E-02   0.305956E-09   0.244358E-07  -0.674891E-10
  4977   0.184881E+00   0.491166E-02   0.000000E+00  -0.656423E-02   0.305790E-09   0.243765E-07  -0.674224E-10
  4978   0.184502E+00   0.489436E-02   0.000000E+00  -0.651479E-02   0.305623E-09   0.243196E-07  -0.673481E-10
  4979   0.184122E+00   0.487729E-02   0.000000E+00  -0.646558E-02   0.305457E-09   0.242650E-07  -0.672663E-10
  4980   0.183741E+00   0.486044E-02   0.000000E+00  -0.641661E-02   0.305291E-09   0.242126E-07  -0.671773E-10
  4981   0.183360E+00   0.484382E-02   0.000000E+00  -0.636789E-02   0.305124E-09   0.241624E-07  -0.670814E-10
  4982   0.182977E+00   0.482742E-02   0.000000E+00  -0.631943E-02   0.304958E-09   0.241142E-07  -0.669788E-10
  4983   0.182595E+00   0.481124E-02   0.000000E+00  -0.627123E-02   0.304792E-09   0.240680E-07  -0.668699E-10
  4984   0.182212E+00   0.479528E-02   0.000000E+00  -0.622332E-02   0.304626E-09   0.240235E-07  -0.667548E-10
  4985   0.181827E+00   0.477954E-02   0.000000E+00  -0.617568E-02   0.304460E-09   0.239808E-07  -0.666339E-10
  4986   0.181443E+00   0.476402E-02   0.000000E+00  -0.612834E-02   0.304295E-09   0.239397E-07  -0.665074E-10
  4987   0.181057E+00   0.474871E-02   0.000000E+00  -0.608131E-02   0.304129E-09   0.239002E-07  -0.663756E-10
  4988   0.180672E+00   0.473362E-02   0.000000E+00  -0.603459E-02   0.303964E-09   0.238620E-07  -0.662388E-10
  4989   0.180285E+00   0.471874E-02   0.000000E+00  -0.598819E-02   0.303798E-09   0.238252E-07  -0.660972E-10
  4990   0.179899E+00   0.470407E-02   0.000000E+00  -0.594213E-02   0.303633E-09   0.237896E-07  -0.659510E-10
  4991   0.179511E+00   0.468962E-02   0.000000E+00  -0.589642E-02   0.303468E-09   0.237551E-07  -0.658007E-10
  4992   0.179123E+00   0.467538E-02   0.000000E+00  -0.585106E-02   0.303302E-09   0.237216E-07  -0.656463E-10
  4993   0.178735E+00   0.466135E-02   0.000000E+00  -0.580609E-02   0.303137E-09   0.236891E-07  -0.654883E-10
  4994   0.178347E+00   0.464754E-02   0.000000E+00  -0.576148E-02   0.302972E-09   0.236573E-07  -0.653268E-10
  4995   0.177957E+00   0.463394E-02   0.000000E+00  -0.571728E-02   0.302807E-09   0.236263E-07  -0.651622E-10
  4996   0.177568E+00   0.462054E-02   0.000000E+00  -0.567348E-02   0.302643E-09   0.235958E-07  -0.649947E-10
  4997   0.177178E+00   0.460736E-02   0.000000E+00  -0.563008E-02   0.302478E-09   0.235659E-07  -0.648245E-10
  4998   0.176787E+00   0.459437E-02   0.000000E+00  -0.558709E-02   0.302313E-09   0.235364E-07  -0.646520E-10
  4999   0.176396E+00   0.458159E-02   0.000000E+00  -0.554451E-02   0.302149E-09   0.235072E-07  -0.644774E-10
  5000   0.176005E+00   0.456900E-02   0.000000E+00  -0.550235E-02   0.301984E-09   0.234782E-07  -0.643009E-10
  5001   0.175614E+00   0.455662E-02   0.000000E+00  -0.546060E-02   0.301820E-09   0.234493E-07  -0.641229E-10
  5002   0.175222E+00   0.454443E-02   0.000000E+00  -0.541928E-02   0.301656E-09   0.234205E-07  -0.639433E-10
  5003   0.174830E+00   0.453242E-02   0.000000E+00  -0.537839E-02   0.301492E-09   0.233918E-07  -0.637622E-10
  5004   0.174437E+00   0.452061E-02   0.000000E+00  -0.533793E-02   0.301328E-09   0.233633E-07  -0.635795E-10
  5005   0.174045E+00   0.450898E-02   0.000000E+00  -0.529791E-02   0.301164E-09   0.233348E-07  -0.633953E-10
  5006   0.173653E+00   0.449752E-02   0.000000E+00  -0.525832E-02   0.301000E-09   0.233064E-07  -0.632096E-10
  5007   0.173260E+00   0.448626E-02   0.000000E+00  -0.521918E-02   0.300836E-09   0.232782E-07  -0.630224E-10
  5008   0.172868E+00   0.447516E-02   0.000000E+00  -0.518049E-02   0.300672E-09   0.232500E-07  -0.628336E-10
  5009   0.172476E+00   0.446425E-02   0.000000E+00  -0.514225E-02   0.300509E-09   0.232219E-07  -0.626434E-10
  5010   0.172083E+00   0.445350E-02   0.000000E+00  -0.510446E-02   0.300345E-09   0.231940E-07  -0.624517E-10
  5011   0.171690E+00   0.444292E-02   0.000000E+00  -0.506714E-02   0.300182E-09   0.231661E-07  -0.622585E-10
  5012   0.171298E+00   0.443251E-02   0.000000E+00  -0.503028E-02   0.300019E-09   0.231383E-07  -0.620638E-10
  5013   0.170906E+00   0.442226E-02   0.000000E+00  -0.499388E-02   0.299855E-09   0.231107E-07  -0.618677E-10
  5014   0.170513E+00   0.441217E-02   0.000000E+00  -0.495795E-02   0.299692E-09   0.230831E-07  -0.616701E-10
  5015   0.170121E+00   0.440225E-02   0.000000E+00  -0.492251E-02   0.299529E-09   0.230557E-07  -0.614711E-10
  5016   0.169730E+00   0.439247E-02   0.000000E+00  -0.488754E-02   0.299366E-09   0.230283E-07  -0.612706E-10
  5017   0.169338E+00   0.438286E-02   0.000000E+00  -0.485305E-02   0.299203E-09   0.230010E-07  -0.610686E-10
  5018   0.168947E+00   0.437339E-02   0.000000E+00  -0.481905E-02   0.299041E-09   0.229739E-07  -0.608653E-10
  5019   0.168556E+00   0.436406E-02   0.000000E+00  -0.478555E-02   0.298878E-09   0.229468E-07  -0.606605E-10
  5020   0.168165E+00   0.435489E-02   0.000000E+00  -0.475254E-02   0.298716E-09   0.229199E-07  -0.604543E-10
  5021   0.167775E+00   0.434585E-02   0.000000E+00  -0.472002E-02   0.298553E-09   0.228930E-07  -0.602467E-10
  5022   0.167385E+00   0.433696E-02   0.000000E+00  -0.468802E-02   0.298391E-09   0.228662E-07  -0.600377E-10
  5023   0.166996E+00   0.432820E-02   0.000000E+00  -0.465652E-02   0.298228E-09   0.228396E-07  -0.598273E-10
  5024   0.166607E+00   0.431957E-02   0.000000E+00  -0.462553E-02   0.298066E-09   0.228130E-07  -0.596156E-10
  5025   0.166218E+00   0.431109E-02   0.000000E+00  -0.459505E-02   0.297904E-09   0.227866E-07  -0.594024E-10
  5026   0.165831E+00   0.430272E-02   0.000000E+00  -0.456509E-02   0.297742E-09   0.227602E-07  -0.591879E-10
  5027   0.165443E+00   0.429448E-02   0.000000E+00  -0.453566E-02   0.297580E-09   0.227339E-07  -0.589720E-10
  5028   0.165056E+00   0.428637E-02   0.000000E+00  -0.450675E-02   0.297418E-09   0.227078E-07  -0.587548E-10
  5029   0.164670E+00   0.427837E-02   0.000000E+00  -0.447837E-02   0.297257E-09   0.226817E-07  -0.585362E-10
  5030   0.164285E+00   0.427050E-02   0.000000E+00  -0.445053E-02   0.297095E-09   0.226557E-07  -0.583163E-10
  5031   0.163901E+00   0.426274E-02   0.000000E+00  -0.442324E-02   0.296933E-09   0.226298E-07  -0.580950E-10
  5032   0.163516E+00   0.425509E-02   0.000000E+00  -0.439648E-02   0.296772E-09   0.226041E-07  -0.578724E-10
  5033   0.163133E+00   0.424756E-02   0.000000E+00  -0.437027E-02   0.296610E-09   0.225784E-07  -0.576485E-10
  5034   0.162751E+00   0.424012E-02   0.000000E+00  -0.434460E-02   0.296449E-09   0.225528E-07  -0.574233E-10
  5035   0.162369E+00   0.423279E-02   0.000000E+00  -0.431950E-02   0.296288E-09   0.225273E-07  -0.571968E-10
  5036   0.161989E+00   0.422557E-02   0.000000E+00  -0.429495E-02   0.296127E-09   0.225019E-07  -0.569691E-10
  5037   0.161609E+00   0.421845E-02   0.000000E+00  -0.427096E-02   0.295966E-09   0.224767E-07  -0.567400E-10
  5038   0.161230E+00   0.421142E-02   0.000000E+00  -0.424754E-02   0.295805E-09   0.224515E-07  -0.565096E-10
  5039   0.160852E+00   0.420449E-02   0.000000E+00  -0.422470E-02   0.295644E-09   0.224264E-07  -0.562780E-10
  5040   0.160476E+00   0.419765E-02   0.000000E+00  -0.420241E-02   0.295484E-09   0.224014E-07  -0.560451E-10
  5041   0.160100E+00   0.419089E-02   0.000000E+00  -0.418072E-02   0.295323E-09   0.223765E-07  -0.558109E-10
  5042   0.159725E+00   0.418422E-02   0.000000E+00  -0.415961E-02   0.295162E-09   0.223516E-07  -0.555755E-10
  5043   0.159351E+00   0.417764E-02   0.000000E+00  -0.413908E-02   0.295002E-09   0.223269E-07  -0.553389E-10
  5044   0.158980E+00   0.417114E-02   0.000000E+00  -0.411915E-02   0.294841E-09   0.223023E-07  -0.551010E-10
  5045   0.158608E+00   0.416471E-02   0.000000E+00  -0.409981E-02   0.294681E-09   0.222778E-07  -0.548619E-10
  5046   0.158238E+00   0.415836E-02   0.000000E+00  -0.408104E-02   0.294521E-09   0.222534E-07  -0.546216E-10
  5047   0.157869E+00   0.415208E-02   0.000000E+00  -0.406286E-02   0.294361E-09   0.222290E-07  -0.543801E-10
  5048   0.157501E+00   0.414587E-02   0.000000E+00  -0.404525E-02   0.294201E-09   0.222048E-07  -0.541374E-10
  5049   0.157135E+00   0.413973E-02   0.000000E+00  -0.402818E-02   0.294041E-09   0.221807E-07  -0.538934E-10
  5050   0.156769E+00   0.413366E-02   0.000000E+00  -0.401168E-02   0.293881E-09   0.221566E-07  -0.536483E-10
  5051   0.156405E+00   0.412765E-02   0.000000E+00  -0.399570E-02   0.293721E-09   0.221327E-07  -0.534020E-10
  5052   0.156042E+00   0.412171E-02   0.000000E+00  -0.398026E-02   0.293562E-09   0.221088E-07  -0.531545E-10
  5053   0.155680E+00   0.411582E-02   0.000000E+00  -0.396534E-02   0.293402E-09   0.220850E-07  -0.529059E-10
  5054   0.155319E+00   0.410999E-02   0.000000E+00  -0.395093E-02   0.293243E-09   0.220614E-07  -0.526561E-10
  5055   0.154960E+00   0.410422E-02   0.000000E+00  -0.393702E-02   0.293083E-09   0.220378E-07  -0.524052E-10
  5056   0.154602E+00   0.409849E-02   0.000000E+00  -0.392361E-02   0.292924E-09   0.220143E-07  -0.521531E-10
  5057   0.154245E+00   0.409282E-02   0.000000E+00  -0.391067E-02   0.292765E-09   0.219909E-07  -0.518998E-10
  5058   0.153889E+00   0.408720E-02   0.000000E+00  -0.389822E-02   0.292606E-09   0.219676E-07  -0.516455E-10
  5059   0.153534E+00   0.408162E-02   0.000000E+00  -0.388622E-02   0.292447E-09   0.219444E-07  -0.513900E-10
  5060   0.153180E+00   0.407608E-02   0.000000E+00  -0.387468E-02   0.292288E-09   0.219213E-07  -0.511334E-10
  5061   0.152828E+00   0.407058E-02   0.000000E+00  -0.386360E-02   0.292129E-09   0.218983E-07  -0.508757E-10
  5062   0.152477E+00   0.406513E-02   0.000000E+00  -0.385294E-02   0.291970E-09   0.218754E-07  -0.506169E-10
  5063   0.152126E+00   0.405971E-02   0.000000E+00  -0.384272E-02   0.291812E-09   0.218525E-07  -0.503571E-10
  5064   0.151778E+00   0.405432E-02   0.000000E+00  -0.383292E-02   0.291653E-09   0.218298E-07  -0.500961E-10
  5065   0.151430E+00   0.404897E-02   0.000000E+00  -0.382352E-02   0.291495E-09   0.218071E-07  -0.498341E-10
  5066   0.151083E+00   0.404364E-02   0.000000E+00  -0.381452E-02   0.291336E-09   0.217846E-07  -0.495710E-10
  5067   0.150738E+00   0.403834E-02   0.000000E+00  -0.380593E-02   0.291178E-09   0.217621E-07  -0.493068E-10
  5068   0.150394E+00   0.403307E-02   0.000000E+00  -0.379770E-02   0.291020E-09   0.217397E-07  -0.490416E-10
  5069   0.150050E+00   0.402782E-02   0.000000E+00  -0.378985E-02   0.290862E-09   0.217175E-07  -0.487753E-10
  5070   0.149709E+00   0.402258E-02   0.000000E+00  -0.378237E-02   0.290703E-09   0.216953E-07  -0.485080E-10
  5071   0.149368E+00   0.401736E-02   0.000000E+00  -0.377524E-02   0.290546E-09   0.216732E-07  -0.482397E-10
  5072   0.149029E+00   0.401217E-02   0.000000E+00  -0.376846E-02   0.290388E-09   0.216512E-07  -0.479703E-10
  5073   0.148690E+00   0.400698E-02   0.000000E+00  -0.376201E-02   0.290230E-09   0.216292E-07  -0.476999E-10
  5074   0.148353E+00   0.400180E-02   0.000000E+00  -0.375588E-02   0.290072E-09   0.216074E-07  -0.474285E-10
  5075   0.148017E+00   0.399664E-02   0.000000E+00  -0.375008E-02   0.289915E-09   0.215857E-07  -0.471561E-10
  5076   0.147682E+00   0.399147E-02   0.000000E+00  -0.374459E-02   0.289757E-09   0.215640E-07  -0.468828E-10
  5077   0.147349E+00   0.398631E-02   0.000000E+00  -0.373939E-02   0.289600E-09   0.215425E-07  -0.466084E-10
  5078   0.147016E+00   0.398116E-02   0.000000E+00  -0.373448E-02   0.289442E-09   0.215210E-07  -0.463331E-10
  5079   0.146685E+00   0.397600E-02   0.000000E+00  -0.372986E-02   0.289285E-09   0.214996E-07  -0.460568E-10
  5080   0.146355E+00   0.397084E-02   0.000000E+00  -0.372550E-02   0.289128E-09   0.214783E-07  -0.457795E-10
  5081   0.146026E+00   0.396568E-02   0.000000E+00  -0.372140E-02   0.288971E-09   0.214571E-07  -0.455013E-10
  5082   0.145699E+00   0.396050E-02   0.000000E+00  -0.371757E-02   0.288814E-09   0.214360E-07  -0.452221E-10
  5083   0.145372E+00   0.395532E-02   0.000000E+00  -0.371397E-02   0.288657E-09   0.214150E-07  -0.449420E-10
  5084   0.145047E+00   0.395012E-02   0.000000E+00  -0.371061E-02   0.288500E-09   0.213941E-07  -0.446609E-10
  5085   0.144723E+00   0.394491E-02   0.000000E+00  -0.370747E-02   0.288344E-09   0.213732E-07  -0.443789E-10
  5086   0.144400E+00   0.393968E-02   0.000000E+00  -0.370455E-02   0.288187E-09   0.213525E-07  -0.440961E-10
  5087   0.144078E+00   0.393443E-02   0.000000E+00  -0.370183E-02   0.288031E-09   0.213318E-07  -0.438122E-10
  5088   0.143758E+00   0.392916E-02   0.000000E+00  -0.369932E-02   0.287874E-09   0.213112E-07  -0.435275E-10
  5089   0.143438E+00   0.392386E-02   0.000000E+00  -0.369699E-02   0.287718E-09   0.212907E-07  -0.432419E-10
  5090   0.143120E+00   0.391855E-02   0.000000E+00  -0.369484E-02   0.287561E-09   0.212703E-07  -0.429555E-10
  5091   0.142803E+00   0.391320E-02   0.000000E+00  -0.369286E-02   0.287405E-09   0.212500E-07  -0.426681E-10
  5092   0.142487E+00   0.390781E-02   0.000000E+00  -0.369104E-02   0.287249E-09   0.212298E-07  -0.423798E-10
  5093   0.142172E+00   0.390240E-02   0.000000E+00  -0.368937E-02   0.287093E-09   0.212096E-07  -0.420907E-10
  5094   0.141858E+00   0.389695E-02   0.000000E+00  -0.368785E-02   0.286937E-09   0.211896E-07  -0.418008E-10
  5095   0.141546E+00   0.389147E-02   0.000000E+00  -0.368646E-02   0.286781E-09   0.211696E-07  -0.415100E-10
  5096   0.141235E+00   0.388594E-02   0.000000E+00  -0.368519E-02   0.286626E-09   0.211497E-07  -0.412183E-10
  5097   0.140925E+00   0.388037E-02   0.000000E+00  -0.368404E-02   0.286470E-09   0.211299E-07  -0.409258E-10
  5098   0.140617E+00   0.387475E-02   0.000000E+00  -0.368299E-02   0.286315E-09   0.211102E-07  -0.406325E-10
  5099   0.140309E+00   0.386909E-02   0.000000E+00  -0.368204E-02   0.286159E-09   0.210906E-07  -0.403383E-10
  5100   0.140003E+00   0.386338E-02   0.000000E+00  -0.368118E-02   0.286004E-09   0.210711E-07  -0.400434E-10
  5101   0.139698E+00   0.385761E-02   0.000000E+00  -0.368038E-02   0.285848E-09   0.210516E-07  -0.397476E-10
  5102   0.139394E+00   0.385179E-02   0.000000E+00  -0.367967E-02   0.285693E-09   0.210323E-07  -0.394511E-10
  5103   0.139091E+00   0.384592E-02   0.000000E+00  -0.367901E-02   0.285538E-09   0.210130E-07  -0.391537E-10
  5104   0.138789E+00   0.383999E-02   0.000000E+00  -0.367840E-02   0.285383E-09   0.209938E-07  -0.388556E-10
  5105   0.138489E+00   0.383399E-02   0.000000E+00  -0.367783E-02   0.285228E-09   0.209747E-07  -0.385567E-10
  5106   0.138190E+00   0.382794E-02   0.000000E+00  -0.367729E-02   0.285073E-09   0.209557E-07  -0.382570E-10
  5107   0.137892E+00   0.382181E-02   0.000000E+00  -0.367678E-02   0.284918E-09   0.209367E-07  -0.379566E-10
  5108   0.137595E+00   0.381562E-02   0.000000E+00  -0.367627E-02   0.284764E-09   0.209179E-07  -0.376554E-10
  5109   0.137299E+00   0.380936E-02   0.000000E+00  -0.367577E-02   0.284609E-09   0.208991E-07  -0.373535E-10
  5110   0.137005E+00   0.380302E-02   0.000000E+00  -0.367527E-02   0.284455E-09   0.208804E-07  -0.370508E-10
  5111   0.136711E+00   0.379661E-02   0.000000E+00  -0.367475E-02   0.284300E-09   0.208618E-07  -0.367474E-10
  5112   0.136419E+00   0.379012E-02   0.000000E+00  -0.367421E-02   0.284146E-09   0.208433E-07  -0.364433E-10
  5113   0.136128E+00   0.378355E-02   0.000000E+00  -0.367363E-02   0.283992E-09   0.208248E-07  -0.361385E-10
  5114   0.135839E+00   0.377691E-02   0.000000E+00  -0.367302E-02   0.283838E-09   0.208065E-07  -0.358330E-10
  5115   0.135550E+00   0.377017E-02   0.000000E+00  -0.367235E-02   0.283683E-09   0.207882E-07  -0.355267E-10
  5116   0.135262E+00   0.376336E-02   0.000000E+00  -0.367161E-02   0.283529E-09   0.207700E-07  -0.352198E-10
  5117   0.134976E+00   0.375645E-02   0.000000E+00  -0.367081E-02   0.283376E-09   0.207520E-07  -0.349122E-10
  5118   0.134691E+00   0.374945E-02   0.000000E+00  -0.366993E-02   0.283222E-09   0.207339E-07  -0.346039E-10
  5119   0.134407E+00   0.374235E-02   0.000000E+00  -0.366897E-02   0.283068E-09   0.207160E-07  -0.342949E-10
  5120   0.134125E+00   0.373516E-02   0.000000E+00  -0.366790E-02   0.282914E-09   0.206981E-07  -0.339853E-10
  5121   0.133844E+00   0.372787E-02   0.000000E+00  -0.366674E-02   0.282761E-09   0.206804E-07  -0.336750E-10
  5122   0.133563E+00   0.372050E-02   0.000000E+00  -0.366549E-02   0.282607E-09   0.206627E-07  -0.333641E-10
  5123   0.133285E+00   0.371304E-02   0.000000E+00  -0.366413E-02   0.282454E-09   0.206451E-07  -0.330525E-10
  5124   0.133006E+00   0.370547E-02   0.000000E+00  -0.366268E-02   0.282301E-09   0.206276E-07  -0.327403E-10
  5125   0.132730E+00   0.369782E-02   0.000000E+00  -0.366113E-02   0.282147E-09   0.206101E-07  -0.324275E-10
  5126   0.132454E+00   0.369009E-02   0.000000E+00  -0.365948E-02   0.281994E-09   0.205928E-07  -0.321141E-10
  5127   0.132179E+00   0.368226E-02   0.000000E+00  -0.365774E-02   0.281841E-09   0.205755E-07  -0.318000E-10
  5128   0.131905E+00   0.367436E-02   0.000000E+00  -0.365589E-02   0.281688E-09   0.205583E-07  -0.314854E-10
  5129   0.131633E+00   0.366637E-02   0.000000E+00  -0.365396E-02   0.281535E-09   0.205412E-07  -0.311701E-10
  5130   0.131361E+00   0.365830E-02   0.000000E+00  -0.365193E-02   0.281383E-09   0.205241E-07  -0.308543E-10
  5131   0.131090E+00   0.365015E-02   0.000000E+00  -0.364981E-02   0.281230E-09   0.205072E-07  -0.305379E-10
  5132   0.130821E+00   0.364192E-02   0.000000E+00  -0.364759E-02   0.281077E-09   0.204903E-07  -0.302209E-10
  5133   0.130553E+00   0.363361E-02   0.000000E+00  -0.364527E-02   0.280925E-09   0.204735E-07  -0.299034E-10
  5134   0.130285E+00   0.362522E-02   0.000000E+00  -0.364286E-02   0.280772E-09   0.204568E-07  -0.295853E-10
  5135   0.130018E+00   0.361676E-02   0.000000E+00  -0.364035E-02   0.280620E-09   0.204402E-07  -0.292666E-10
  5136   0.129752E+00   0.360823E-02   0.000000E+00  -0.363775E-02   0.280468E-09   0.204236E-07  -0.289474E-10
  5137   0.129487E+00   0.359962E-02   0.000000E+00  -0.363505E-02   0.280316E-09   0.204071E-07  -0.286277E-10
  5138   0.129223E+00   0.359094E-02   0.000000E+00  -0.363227E-02   0.280163E-09   0.203907E-07  -0.283074E-10
  5139   0.128960E+00   0.358219E-02   0.000000E+00  -0.362938E-02   0.280011E-09   0.203744E-07  -0.279867E-10
  5140   0.128697E+00   0.357338E-02   0.000000E+00  -0.362640E-02   0.279859E-09   0.203582E-07  -0.276654E-10
  5141   0.128436E+00   0.356450E-02   0.000000E+00  -0.362333E-02   0.279708E-09   0.203420E-07  -0.273436E-10
  5142   0.128175E+00   0.355556E-02   0.000000E+00  -0.362016E-02   0.279556E-09   0.203259E-07  -0.270213E-10
  5143   0.127915E+00   0.354654E-02   0.000000E+00  -0.361691E-02   0.279404E-09   0.203099E-07  -0.266985E-10
  5144   0.127656E+00   0.353747E-02   0.000000E+00  -0.361355E-02   0.279253E-09   0.202940E-07  -0.263753E-10
  5145   0.127398E+00   0.352833E-02   0.000000E+00  -0.361011E-02   0.279101E-09   0.202782E-07  -0.260515E-10
  5146   0.127140E+00   0.351914E-02   0.000000E+00  -0.360658E-02   0.278950E-09   0.202624E-07  -0.257273E-10
  5147   0.126883E+00   0.350989E-02   0.000000E+00  -0.360295E-02   0.278798E-09   0.202467E-07  -0.254027E-10
  5148   0.126627E+00   0.350058E-02   0.000000E+00  -0.359923E-02   0.278647E-09   0.202311E-07  -0.250776E-10
  5149   0.126371E+00   0.349122E-02   0.000000E+00  -0.359541E-02   0.278496E-09   0.202156E-07  -0.247520E-10
  5150   0.126116E+00   0.348180E-02   0.000000E+00  -0.359150E-02   0.278345E-09   0.202001E-07  -0.244260E-10
  5151   0.125863E+00   0.347233E-02   0.000000E+00  -0.358751E-02   0.278194E-09   0.201847E-07  -0.240996E-10
  5152   0.125609E+00   0.346280E-02   0.000000E+00  -0.358342E-02   0.278043E-09   0.201694E-07  -0.237728E-10
  5153   0.125356E+00   0.345324E-02   0.000000E+00  -0.357923E-02   0.277892E-09   0.201542E-07  -0.234455E-10
  5154   0.125104E+00   0.344362E-02   0.000000E+00  -0.357497E-02   0.277741E-09   0.201391E-07  -0.231178E-10
  5155   0.124852E+00   0.343394E-02   0.000000E+00  -0.357060E-02   0.277591E-09   0.201240E-07  -0.227898E-10
  5156   0.124601E+00   0.342424E-02   0.000000E+00  -0.356615E-02   0.277440E-09   0.201090E-07  -0.224613E-10
  5157   0.124351E+00   0.341448E-02   0.000000E+00  -0.356160E-02   0.277290E-09   0.200941E-07  -0.221325E-10
  5158   0.124101E+00   0.340468E-02   0.000000E+00  -0.355697E-02   0.277139E-09   0.200792E-07  -0.218033E-10
  5159   0.123852E+00   0.339484E-02   0.000000E+00  -0.355224E-02   0.276989E-09   0.200645E-07  -0.214737E-10
  5160   0.123602E+00   0.338495E-02   0.000000E+00  -0.354743E-02   0.276839E-09   0.200498E-07  -0.211437E-10
  5161   0.123354E+00   0.337503E-02   0.000000E+00  -0.354252E-02   0.276688E-09   0.200352E-07  -0.208135E-10
  5162   0.123106E+00   0.336508E-02   0.000000E+00  -0.353753E-02   0.276538E-09   0.200206E-07  -0.204828E-10
  5163   0.122859E+00   0.335508E-02   0.000000E+00  -0.353245E-02   0.276388E-09   0.200062E-07  -0.201518E-10
  5164   0.122612E+00   0.334505E-02   0.000000E+00  -0.352727E-02   0.276238E-09   0.199918E-07  -0.198205E-10
  5165   0.122365E+00   0.333499E-02   0.000000E+00  -0.352201E-02   0.276089E-09   0.199775E-07  -0.194889E-10
  5166   0.122118E+00   0.332490E-02   0.000000E+00  -0.351665E-02   0.275939E-09   0.199632E-07  -0.191569E-10
  5167   0.121872E+00   0.331477E-02   0.000000E+00  -0.351121E-02   0.275789E-09   0.199491E-07  -0.188247E-10
  5168   0.121627E+00   0.330462E-02   0.000000E+00  -0.350568E-02   0.275640E-09   0.199350E-07  -0.184921E-10
  5169   0.121382E+00   0.329443E-02   0.000000E+00  -0.350007E-02   0.275490E-09   0.199209E-07  -0.181592E-10
  5170   0.121137E+00   0.328423E-02   0.000000E+00  -0.349436E-02   0.275341E-09   0.199070E-07  -0.178261E-10
  5171   0.120892E+00   0.327400E-02   0.000000E+00  -0.348857E-02   0.275191E-09   0.198931E-07  -0.174927E-10
  5172   0.120648E+00   0.326374E-02   0.000000E+00  -0.348268E-02   0.275042E-09   0.198793E-07  -0.171590E-10
  5173   0.120404E+00   0.325347E-02   0.000000E+00  -0.347672E-02   0.274893E-09   0.198656E-07  -0.168250E-10
  5174   0.120160E+00   0.324317E-02   0.000000E+00  -0.347066E-02   0.274744E-09   0.198520E-07  -0.164908E-10
  5175   0.119917E+00   0.323286E-02   0.000000E+00  -0.346452E-02   0.274595E-09   0.198384E-07  -0.161563E-10
  5176   0.119674E+00   0.322252E-02   0.000000E+00  -0.345828E-02   0.274446E-09   0.198249E-07  -0.158216E-10
  5177   0.119431E+00   0.321217E-02   0.000000E+00  -0.345197E-02   0.274297E-09   0.198115E-07  -0.154867E-10
  5178   0.119189E+00   0.320181E-02   0.000000E+00  -0.344557E-02   0.274149E-09   0.197981E-07  -0.151515E-10
  5179   0.118946E+00   0.319142E-02   0.000000E+00  -0.343907E-02   0.274000E-09   0.197848E-07  -0.148162E-10
  5180   0.118704E+00   0.318104E-02   0.000000E+00  -0.343250E-02   0.273851E-09   0.197716E-07  -0.144806E-10
  5181   0.118461E+00   0.317063E-02   0.000000E+00  -0.342583E-02   0.273703E-09   0.197585E-07  -0.141448E-10
  5182   0.118219E+00   0.316022E-02   0.000000E+00  -0.341908E-02   0.273554E-09   0.197454E-07  -0.138088E-10
  5183   0.117978E+00   0.314980E-02   0.000000E+00  -0.341224E-02   0.273406E-09   0.197324E-07  -0.134726E-10
  5184   0.117735E+00   0.313937E-02   0.000000E+00  -0.340533E-02   0.273258E-09   0.197195E-07  -0.131362E-10
  5185   0.117494E+00   0.312894E-02   0.000000E+00  -0.339833E-02   0.273110E-09   0.197066E-07  -0.127997E-10
  5186   0.117252E+00   0.311851E-02   0.000000E+00  -0.339123E-02   0.272962E-09   0.196938E-07  -0.124630E-10
  5187   0.117010E+00   0.310807E-02   0.000000E+00  -0.338405E-02   0.272814E-09   0.196811E-07  -0.121261E-10
  5188   0.116768E+00   0.309763E-02   0.000000E+00  -0.337680E-02   0.272666E-09   0.196685E-07  -0.117891E-10
  5189   0.116527E+00   0.308719E-02   0.000000E+00  -0.336945E-02   0.272518E-09   0.196559E-07  -0.114520E-10
  5190   0.116285E+00   0.307675E-02   0.000000E+00  -0.336202E-02   0.272370E-09   0.196434E-07  -0.111147E-10
  5191   0.116044E+00   0.306632E-02   0.000000E+00  -0.335451E-02   0.272222E-09   0.196310E-07  -0.107773E-10
  5192   0.115802E+00   0.305589E-02   0.000000E+00  -0.334691E-02   0.272075E-09   0.196186E-07  -0.104397E-10
  5193   0.115560E+00   0.304547E-02   0.000000E+00  -0.333923E-02   0.271927E-09   0.196063E-07  -0.101021E-10
  5194   0.115318E+00   0.303505E-02   0.000000E+00  -0.333147E-02   0.271780E-09   0.195941E-07  -0.976432E-11
  5195   0.115076E+00   0.302464E-02   0.000000E+00  -0.332361E-02   0.271633E-09   0.195820E-07  -0.942647E-11
  5196   0.114834E+00   0.301424E-02   0.000000E+00  -0.331568E-02   0.271485E-09   0.195699E-07  -0.908852E-11
  5197   0.114592E+00   0.300386E-02   0.000000E+00  -0.330767E-02   0.271338E-09   0.195579E-07  -0.875049E-11
  5198   0.114349E+00   0.299349E-02   0.000000E+00  -0.329957E-02   0.271191E-09   0.195460E-07  -0.841239E-11
  5199   0.114107E+00   0.298313E-02   0.000000E+00  -0.329139E-02   0.271044E-09   0.195341E-07  -0.807421E-11
  5200   0.113865E+00   0.297278E-02   0.000000E+00  -0.328313E-02   0.270897E-09   0.195223E-07  -0.773598E-11
  5201   0.113621E+00   0.296246E-02   0.000000E+00  -0.327478E-02   0.270750E-09   0.195105E-07  -0.739769E-11
  5202   0.113379E+00   0.295215E-02   0.000000E+00  -0.326636E-02   0.270603E-09   0.194989E-07  -0.705936E-11
  5203   0.113135E+00   0.294186E-02   0.000000E+00  -0.325784E-02   0.270457E-09   0.194873E-07  -0.672099E-11
  5204   0.112892E+00   0.293159E-02   0.000000E+00  -0.324925E-02   0.270310E-09   0.194757E-07  -0.638259E-11
  5205   0.112648E+00   0.292135E-02   0.000000E+00  -0.324058E-02   0.270164E-09   0.194643E-07  -0.604416E-11
  5206   0.112404E+00   0.291113E-02   0.000000E+00  -0.323183E-02   0.270017E-09   0.194529E-07  -0.570572E-11
  5207   0.112159E+00   0.290093E-02   0.000000E+00  -0.322299E-02   0.269871E-09   0.194416E-07  -0.536727E-11
  5208   0.111915E+00   0.289077E-02   0.000000E+00  -0.321408E-02   0.269725E-09   0.194303E-07  -0.502882E-11
  5209   0.111670E+00   0.288063E-02   0.000000E+00  -0.320508E-02   0.269578E-09   0.194191E-07  -0.469038E-11
  5210   0.111424E+00   0.287052E-02   0.000000E+00  -0.319601E-02   0.269432E-09   0.194080E-07  -0.435196E-11
  5211   0.111178E+00   0.286044E-02   0.000000E+00  -0.318685E-02   0.269286E-09   0.193969E-07  -0.401355E-11
  5212   0.110933E+00   0.285040E-02   0.000000E+00  -0.317761E-02   0.269140E-09   0.193859E-07  -0.367517E-11
  5213   0.110686E+00   0.284038E-02   0.000000E+00  -0.316830E-02   0.268994E-09   0.193750E-07  -0.333684E-11
  5214   0.110439E+00   0.283041E-02   0.000000E+00  -0.315890E-02   0.268849E-09   0.193642E-07  -0.299854E-11
  5215   0.110192E+00   0.282047E-02   0.000000E+00  -0.314942E-02   0.268703E-09   0.193534E-07  -0.266030E-11
  5216   0.109944E+00   0.281056E-02   0.000000E+00  -0.313986E-02   0.268557E-09   0.193426E-07  -0.232212E-11
  5217   0.109696E+00   0.280070E-02   0.000000E+00  -0.313023E-02   0.268412E-09   0.193320E-07  -0.198400E-11
  5218   0.109447E+00   0.279088E-02   0.000000E+00  -0.312051E-02   0.268266E-09   0.193214E-07  -0.164596E-11
  5219   0.109197E+00   0.278110E-02   0.000000E+00  -0.311072E-02   0.268121E-09   0.193109E-07  -0.130801E-11
  5220   0.108948E+00   0.277136E-02   0.000000E+00  -0.310085E-02   0.267976E-09   0.193004E-07  -0.970137E-12
  5221   0.108698E+00   0.276167E-02   0.000000E+00  -0.309089E-02   0.267830E-09   0.192900E-07  -0.632366E-12
  5222   0.108447E+00   0.275202E-02   0.000000E+00  -0.308087E-02   0.267685E-09   0.192797E-07  -0.294699E-12
  5223   0.108195E+00   0.274242E-02   0.000000E+00  -0.307076E-02   0.267540E-09   0.192694E-07   0.428551E-13
  5224   0.107943E+00   0.273287E-02   0.000000E+00  -0.306057E-02   0.267395E-09   0.192592E-07   0.380290E-12
  5225   0.107691E+00   0.272338E-02   0.000000E+00  -0.305031E-02   0.267250E-09   0.192491E-07   0.717597E-12
  5226   0.107437E+00   0.271393E-02   0.000000E+00  -0.303997E-02   0.267105E-09   0.192390E-07   0.105477E-11
  5227   0.107184E+00   0.270454E-02   0.000000E+00  -0.302955E-02   0.266961E-09   0.192290E-07   0.139180E-11
  5228   0.106929E+00   0.269520E-02   0.000000E+00  -0.301906E-02   0.266816E-09   0.192190E-07   0.172868E-11
  5229   0.106674E+00   0.268592E-02   0.000000E+00  -0.300849E-02   0.266671E-09   0.192092E-07   0.206540E-11
  5230   0.106418E+00   0.267669E-02   0.000000E+00  -0.299784E-02   0.266527E-09   0.191993E-07   0.240196E-11
  5231   0.106161E+00   0.266753E-02   0.000000E+00  -0.298711E-02   0.266382E-09   0.191896E-07   0.273834E-11
  5232   0.105904E+00   0.265842E-02   0.000000E+00  -0.297631E-02   0.266238E-09   0.191799E-07   0.307455E-11
  5233   0.105646E+00   0.264938E-02   0.000000E+00  -0.296544E-02   0.266094E-09   0.191703E-07   0.341057E-11
  5234   0.105388E+00   0.264039E-02   0.000000E+00  -0.295448E-02   0.265950E-09   0.191607E-07   0.374639E-11
  5235   0.105128E+00   0.263148E-02   0.000000E+00  -0.294346E-02   0.265805E-09   0.191512E-07   0.408201E-11
  5236   0.104868E+00   0.262262E-02   0.000000E+00  -0.293235E-02   0.265661E-09   0.191418E-07   0.441742E-11
  5237   0.104607E+00   0.261381E-02   0.000000E+00  -0.292118E-02   0.265517E-09   0.191324E-07   0.475262E-11
  5238   0.104345E+00   0.260508E-02   0.000000E+00  -0.290994E-02   0.265374E-09   0.191231E-07   0.508758E-11
  5239   0.104083E+00   0.259639E-02   0.000000E+00  -0.289862E-02   0.265230E-09   0.191138E-07   0.542232E-11
  5240   0.103820E+00   0.258777E-02   0.000000E+00  -0.288725E-02   0.265086E-09   0.191046E-07   0.575682E-11
  5241   0.103556E+00   0.257921E-02   0.000000E+00  -0.287579E-02   0.264942E-09   0.190955E-07   0.609106E-11
  5242   0.103293E+00   0.257070E-02   0.000000E+00  -0.286428E-02   0.264799E-09   0.190864E-07   0.642506E-11
  5243   0.103028E+00   0.256225E-02   0.000000E+00  -0.285269E-02   0.264655E-09   0.190774E-07   0.675879E-11
  5244   0.102762E+00   0.255386E-02   0.000000E+00  -0.284104E-02   0.264512E-09   0.190685E-07   0.709225E-11
  5245   0.102496E+00   0.254553E-02   0.000000E+00  -0.282932E-02   0.264369E-09   0.190596E-07   0.742543E-11
  5246   0.102230E+00   0.253726E-02   0.000000E+00  -0.281755E-02   0.264225E-09   0.190508E-07   0.775833E-11
  5247   0.101963E+00   0.252904E-02   0.000000E+00  -0.280571E-02   0.264082E-09   0.190420E-07   0.809093E-11
  5248   0.101695E+00   0.252087E-02   0.000000E+00  -0.279381E-02   0.263939E-09   0.190333E-07   0.842323E-11
  5249   0.101427E+00   0.251277E-02   0.000000E+00  -0.278186E-02   0.263796E-09   0.190247E-07   0.875523E-11
  5250   0.101159E+00   0.250472E-02   0.000000E+00  -0.276984E-02   0.263653E-09   0.190161E-07   0.908691E-11
  5251   0.100889E+00   0.249671E-02   0.000000E+00  -0.275776E-02   0.263510E-09   0.190076E-07   0.941827E-11
  5252   0.100619E+00   0.248877E-02   0.000000E+00  -0.274562E-02   0.263368E-09   0.189991E-07   0.974930E-11
  5253   0.100350E+00   0.248089E-02   0.000000E+00  -0.273344E-02   0.263225E-09   0.189907E-07   0.100800E-10
  5254   0.100079E+00   0.247305E-02   0.000000E+00  -0.272119E-02   0.263082E-09   0.189824E-07   0.104103E-10
  5255   0.998082E-01   0.246527E-02   0.000000E+00  -0.270889E-02   0.262940E-09   0.189741E-07   0.107403E-10
  5256   0.995363E-01   0.245754E-02   0.000000E+00  -0.269654E-02   0.262797E-09   0.189659E-07   0.110700E-10
  5257   0.992644E-01   0.244987E-02   0.000000E+00  -0.268414E-02   0.262655E-09   0.189577E-07   0.113992E-10
  5258   0.989917E-01   0.244225E-02   0.000000E+00  -0.267168E-02   0.262513E-09   0.189496E-07   0.117281E-10
  5259   0.987191E-01   0.243468E-02   0.000000E+00  -0.265918E-02   0.262370E-09   0.189416E-07   0.120566E-10
  5260   0.984464E-01   0.242716E-02   0.000000E+00  -0.264663E-02   0.262228E-09   0.189336E-07   0.123847E-10
  5261   0.981722E-01   0.241969E-02   0.000000E+00  -0.263403E-02   0.262086E-09   0.189256E-07   0.127124E-10
  5262   0.978988E-01   0.241228E-02   0.000000E+00  -0.262138E-02   0.261944E-09   0.189178E-07   0.130398E-10
  5263   0.976246E-01   0.240491E-02   0.000000E+00  -0.260869E-02   0.261802E-09   0.189100E-07   0.133667E-10
  5264   0.973496E-01   0.239760E-02   0.000000E+00  -0.259595E-02   0.261661E-09   0.189022E-07   0.136931E-10
  5265   0.970747E-01   0.239033E-02   0.000000E+00  -0.258316E-02   0.261519E-09   0.188945E-07   0.140192E-10
  5266   0.967997E-01   0.238311E-02   0.000000E+00  -0.257034E-02   0.261377E-09   0.188869E-07   0.143448E-10
  5267   0.965240E-01   0.237594E-02   0.000000E+00  -0.255747E-02   0.261235E-09   0.188793E-07   0.146700E-10
  5268   0.962483E-01   0.236882E-02   0.000000E+00  -0.254456E-02   0.261094E-09   0.188718E-07   0.149947E-10
  5269   0.959719E-01   0.236175E-02   0.000000E+00  -0.253162E-02   0.260953E-09   0.188643E-07   0.153190E-10
  5270   0.956954E-01   0.235473E-02   0.000000E+00  -0.251863E-02   0.260811E-09   0.188569E-07   0.156428E-10
  5271   0.954189E-01   0.234775E-02   0.000000E+00  -0.250561E-02   0.260670E-09   0.188495E-07   0.159661E-10
  5272   0.951417E-01   0.234082E-02   0.000000E+00  -0.249254E-02   0.260529E-09   0.188422E-07   0.162889E-10
  5273   0.948645E-01   0.233395E-02   0.000000E+00  -0.247944E-02   0.260388E-09   0.188350E-07   0.166113E-10
  5274   0.945872E-01   0.232711E-02   0.000000E+00  -0.246632E-02   0.260246E-09   0.188278E-07   0.169331E-10
  5275   0.943100E-01   0.232032E-02   0.000000E+00  -0.245315E-02   0.260105E-09   0.188207E-07   0.172545E-10
  5276   0.940320E-01   0.231358E-02   0.000000E+00  -0.243995E-02   0.259965E-09   0.188136E-07   0.175753E-10
  5277   0.937539E-01   0.230688E-02   0.000000E+00  -0.242672E-02   0.259824E-09   0.188066E-07   0.178957E-10
  5278   0.934759E-01   0.230023E-02   0.000000E+00  -0.241346E-02   0.259683E-09   0.187996E-07   0.182155E-10
  5279   0.931979E-01   0.229362E-02   0.000000E+00  -0.240017E-02   0.259542E-09   0.187927E-07   0.185347E-10
  5280   0.929199E-01   0.228705E-02   0.000000E+00  -0.238685E-02   0.259402E-09   0.187859E-07   0.188535E-10
  5281   0.926411E-01   0.228054E-02   0.000000E+00  -0.237350E-02   0.259261E-09   0.187791E-07   0.191716E-10
  5282   0.923623E-01   0.227405E-02   0.000000E+00  -0.236013E-02   0.259121E-09   0.187723E-07   0.194893E-10
  5283   0.920835E-01   0.226763E-02   0.000000E+00  -0.234673E-02   0.258980E-09   0.187656E-07   0.198063E-10
  5284   0.918054E-01   0.226123E-02   0.000000E+00  -0.233331E-02   0.258840E-09   0.187590E-07   0.201228E-10
  5285   0.915258E-01   0.225488E-02   0.000000E+00  -0.231986E-02   0.258700E-09   0.187524E-07   0.204387E-10
  5286   0.912470E-01   0.224858E-02   0.000000E+00  -0.230639E-02   0.258560E-09   0.187459E-07   0.207540E-10
  5287   0.909682E-01   0.224231E-02   0.000000E+00  -0.229290E-02   0.258420E-09   0.187394E-07   0.210688E-10
  5288   0.906893E-01   0.223609E-02   0.000000E+00  -0.227938E-02   0.258280E-09   0.187330E-07   0.213829E-10
  5289   0.904105E-01   0.222990E-02   0.000000E+00  -0.226585E-02   0.258140E-09   0.187266E-07   0.216964E-10
  5290   0.901316E-01   0.222376E-02   0.000000E+00  -0.225230E-02   0.258000E-09   0.187203E-07   0.220093E-10
  5291   0.898520E-01   0.221765E-02   0.000000E+00  -0.223874E-02   0.257860E-09   0.187141E-07   0.223216E-10
  5292   0.895731E-01   0.221159E-02   0.000000E+00  -0.222515E-02   0.257721E-09   0.187079E-07   0.226333E-10
  5293   0.892942E-01   0.220557E-02   0.000000E+00  -0.221155E-02   0.257581E-09   0.187017E-07   0.229443E-10
  5294   0.890153E-01   0.219959E-02   0.000000E+00  -0.219794E-02   0.257442E-09   0.186956E-07   0.232547E-10
  5295   0.887364E-01   0.219364E-02   0.000000E+00  -0.218431E-02   0.257302E-09   0.186896E-07   0.235644E-10
  5296   0.884575E-01   0.218773E-02   0.000000E+00  -0.217067E-02   0.257163E-09   0.186836E-07   0.238734E-10
  5297   0.881786E-01   0.218186E-02   0.000000E+00  -0.215702E-02   0.257023E-09   0.186776E-07   0.241818E-10
  5298   0.879004E-01   0.217603E-02   0.000000E+00  -0.214336E-02   0.256884E-09   0.186718E-07   0.244895E-10
  5299   0.876214E-01   0.217023E-02   0.000000E+00  -0.212968E-02   0.256745E-09   0.186659E-07   0.247965E-10
  5300   0.873432E-01   0.216448E-02   0.000000E+00  -0.211600E-02   0.256606E-09   0.186601E-07   0.251029E-10
  5301   0.870650E-01   0.215875E-02   0.000000E+00  -0.210231E-02   0.256467E-09   0.186544E-07   0.254085E-10
  5302   0.867868E-01   0.215307E-02   0.000000E+00  -0.208862E-02   0.256328E-09   0.186487E-07   0.257134E-10
  5303   0.865085E-01   0.214742E-02   0.000000E+00  -0.207492E-02   0.256189E-09   0.186431E-07   0.260176E-10
  5304   0.862310E-01   0.214180E-02   0.000000E+00  -0.206122E-02   0.256050E-09   0.186375E-07   0.263211E-10
  5305   0.859535E-01   0.213622E-02   0.000000E+00  -0.204750E-02   0.255912E-09   0.186320E-07   0.266239E-10
  5306   0.856760E-01   0.213067E-02   0.000000E+00  -0.203380E-02   0.255773E-09   0.186265E-07   0.269259E-10
  5307   0.853984E-01   0.212516E-02   0.000000E+00  -0.202008E-02   0.255635E-09   0.186211E-07   0.272272E-10
  5308   0.851216E-01   0.211968E-02   0.000000E+00  -0.200637E-02   0.255496E-09   0.186157E-07   0.275277E-10
  5309   0.848448E-01   0.211424E-02   0.000000E+00  -0.199266E-02   0.255358E-09   0.186103E-07   0.278275E-10
  5310   0.845687E-01   0.210882E-02   0.000000E+00  -0.197895E-02   0.255219E-09   0.186051E-07   0.281265E-10
  5311   0.842919E-01   0.210345E-02   0.000000E+00  -0.196524E-02   0.255081E-09   0.185998E-07   0.284248E-10
  5312   0.840158E-01   0.209810E-02   0.000000E+00  -0.195154E-02   0.254943E-09   0.185947E-07   0.287222E-10
  5313   0.837404E-01   0.209278E-02   0.000000E+00  -0.193784E-02   0.254805E-09   0.185895E-07   0.290189E-10
  5314   0.834651E-01   0.208750E-02   0.000000E+00  -0.192415E-02   0.254667E-09   0.185845E-07   0.293147E-10
  5315   0.831897E-01   0.208225E-02   0.000000E+00  -0.191046E-02   0.254529E-09   0.185794E-07   0.296098E-10
  5316   0.829150E-01   0.207702E-02   0.000000E+00  -0.189678E-02   0.254391E-09   0.185744E-07   0.299041E-10
  5317   0.826404E-01   0.207183E-02   0.000000E+00  -0.188312E-02   0.254253E-09   0.185695E-07   0.301975E-10
  5318   0.823664E-01   0.206668E-02   0.000000E+00  -0.186946E-02   0.254116E-09   0.185646E-07   0.304901E-10
  5319   0.820932E-01   0.206154E-02   0.000000E+00  -0.185580E-02   0.253978E-09   0.185598E-07   0.307819E-10
  5320   0.818193E-01   0.205644E-02   0.000000E+00  -0.184216E-02   0.253840E-09   0.185550E-07   0.310728E-10
  5321   0.815468E-01   0.205136E-02   0.000000E+00  -0.182854E-02   0.253703E-09   0.185502E-07   0.313629E-10
  5322   0.812743E-01   0.204632E-02   0.000000E+00  -0.181493E-02   0.253565E-09   0.185456E-07   0.316521E-10
  5323   0.810018E-01   0.204130E-02   0.000000E+00  -0.180133E-02   0.253428E-09   0.185409E-07   0.319405E-10
  5324   0.807301E-01   0.203631E-02   0.000000E+00  -0.178775E-02   0.253291E-09   0.185363E-07   0.322280E-10
  5325   0.804590E-01   0.203136E-02   0.000000E+00  -0.177418E-02   0.253154E-09   0.185318E-07   0.325146E-10
  5326   0.801880E-01   0.202642E-02   0.000000E+00  -0.176064E-02   0.253017E-09   0.185273E-07   0.328003E-10
  5327   0.799177E-01   0.202151E-02   0.000000E+00  -0.174711E-02   0.252880E-09   0.185228E-07   0.330851E-10
  5328   0.796474E-01   0.201663E-02   0.000000E+00  -0.173361E-02   0.252743E-09   0.185184E-07   0.333690E-10
  5329   0.793785E-01   0.201178E-02   0.000000E+00  -0.172012E-02   0.252606E-09   0.185140E-07   0.336521E-10
  5330   0.791097E-01   0.200694E-02   0.000000E+00  -0.170665E-02   0.252469E-09   0.185097E-07   0.339342E-10
  5331   0.788408E-01   0.200214E-02   0.000000E+00  -0.169321E-02   0.252332E-09   0.185054E-07   0.342153E-10
  5332   0.785734E-01   0.199736E-02   0.000000E+00  -0.167979E-02   0.252195E-09   0.185012E-07   0.344956E-10
  5333   0.783060E-01   0.199260E-02   0.000000E+00  -0.166640E-02   0.252059E-09   0.184970E-07   0.347749E-10
  5334   0.780393E-01   0.198787E-02   0.000000E+00  -0.165303E-02   0.251922E-09   0.184929E-07   0.350532E-10
  5335   0.777726E-01   0.198316E-02   0.000000E+00  -0.163969E-02   0.251786E-09   0.184888E-07   0.353307E-10
  5336   0.775074E-01   0.197848E-02   0.000000E+00  -0.162638E-02   0.251649E-09   0.184848E-07   0.356071E-10
  5337   0.772422E-01   0.197382E-02   0.000000E+00  -0.161309E-02   0.251513E-09   0.184808E-07   0.358826E-10
  5338   0.769777E-01   0.196918E-02   0.000000E+00  -0.159984E-02   0.251377E-09   0.184768E-07   0.361571E-10
  5339   0.767140E-01   0.196456E-02   0.000000E+00  -0.158661E-02   0.251241E-09   0.184729E-07   0.364306E-10
  5340   0.764509E-01   0.195997E-02   0.000000E+00  -0.157343E-02   0.251105E-09   0.184691E-07   0.367031E-10
  5341   0.761886E-01   0.195539E-02   0.000000E+00  -0.156026E-02   0.250969E-09   0.184653E-07   0.369746E-10
  5342   0.759263E-01   0.195084E-02   0.000000E+00  -0.154714E-02   0.250833E-09   0.184615E-07   0.372451E-10
  5343   0.756655E-01   0.194631E-02   0.000000E+00  -0.153405E-02   0.250697E-09   0.184578E-07   0.375146E-10
  5344   0.754047E-01   0.194180E-02   0.000000E+00  -0.152100E-02   0.250561E-09   0.184541E-07   0.377831E-10
  5345   0.751453E-01   0.193730E-02   0.000000E+00  -0.150798E-02   0.250425E-09   0.184504E-07   0.380506E-10
  5346   0.748859E-01   0.193283E-02   0.000000E+00  -0.149501E-02   0.250290E-09   0.184469E-07   0.383170E-10
  5347   0.746273E-01   0.192838E-02   0.000000E+00  -0.148207E-02   0.250154E-09   0.184433E-07   0.385823E-10
  5348   0.743701E-01   0.192395E-02   0.000000E+00  -0.146916E-02   0.250019E-09   0.184398E-07   0.388467E-10
  5349   0.741129E-01   0.191953E-02   0.000000E+00  -0.145631E-02   0.249883E-09   0.184363E-07   0.391099E-10
  5350   0.738567E-01   0.191514E-02   0.000000E+00  -0.144349E-02   0.249748E-09   0.184329E-07   0.393721E-10
  5351   0.736014E-01   0.191075E-02   0.000000E+00  -0.143072E-02   0.249613E-09   0.184295E-07   0.396332E-10
  5352   0.733468E-01   0.190640E-02   0.000000E+00  -0.141799E-02   0.249477E-09   0.184262E-07   0.398932E-10
  5353   0.730930E-01   0.190205E-02   0.000000E+00  -0.140531E-02   0.249342E-09   0.184229E-07   0.401522E-10
  5354   0.728400E-01   0.189772E-02   0.000000E+00  -0.139267E-02   0.249207E-09   0.184196E-07   0.404100E-10
  5355   0.725879E-01   0.189341E-02   0.000000E+00  -0.138008E-02   0.249072E-09   0.184164E-07   0.406668E-10
  5356   0.723366E-01   0.188911E-02   0.000000E+00  -0.136754E-02   0.248937E-09   0.184133E-07   0.409224E-10
  5357   0.720860E-01   0.188483E-02   0.000000E+00  -0.135505E-02   0.248802E-09   0.184101E-07   0.411769E-10
  5358   0.718365E-01   0.188056E-02   0.000000E+00  -0.134260E-02   0.248668E-09   0.184071E-07   0.414303E-10
  5359   0.715877E-01   0.187631E-02   0.000000E+00  -0.133021E-02   0.248533E-09   0.184040E-07   0.416825E-10
  5360   0.713398E-01   0.187208E-02   0.000000E+00  -0.131787E-02   0.248398E-09   0.184010E-07   0.419336E-10
  5361   0.710929E-01   0.186786E-02   0.000000E+00  -0.130558E-02   0.248264E-09   0.183981E-07   0.421836E-10
  5362   0.708468E-01   0.186364E-02   0.000000E+00  -0.129335E-02   0.248129E-09   0.183951E-07   0.424324E-10
  5363   0.706017E-01   0.185945E-02   0.000000E+00  -0.128118E-02   0.247995E-09   0.183923E-07   0.426800E-10
  5364   0.703576E-01   0.185526E-02   0.000000E+00  -0.126905E-02   0.247861E-09   0.183894E-07   0.429265E-10
  5365   0.701143E-01   0.185109E-02   0.000000E+00  -0.125699E-02   0.247726E-09   0.183866E-07   0.431718E-10
  5366   0.698721E-01   0.184694E-02   0.000000E+00  -0.124499E-02   0.247592E-09   0.183839E-07   0.434159E-10
  5367   0.696308E-01   0.184279E-02   0.000000E+00  -0.123304E-02   0.247458E-09   0.183812E-07   0.436588E-10
  5368   0.693905E-01   0.183865E-02   0.000000E+00  -0.122115E-02   0.247324E-09   0.183785E-07   0.439005E-10
  5369   0.691512E-01   0.183453E-02   0.000000E+00  -0.120933E-02   0.247190E-09   0.183759E-07   0.441409E-10
  5370   0.689129E-01   0.183042E-02   0.000000E+00  -0.119757E-02   0.247056E-09   0.183733E-07   0.443802E-10
  5371   0.686757E-01   0.182632E-02   0.000000E+00  -0.118587E-02   0.246922E-09   0.183707E-07   0.446183E-10
  5372   0.684395E-01   0.182222E-02   0.000000E+00  -0.117423E-02   0.246788E-09   0.183682E-07   0.448551E-10
  5373   0.682043E-01   0.181814E-02   0.000000E+00  -0.116266E-02   0.246655E-09   0.183657E-07   0.450906E-10
  5374   0.679703E-01   0.181406E-02   0.000000E+00  -0.115116E-02   0.246521E-09   0.183633E-07   0.453250E-10
  5375   0.677373E-01   0.181000E-02   0.000000E+00  -0.113972E-02   0.246387E-09   0.183609E-07   0.455580E-10
  5376   0.675053E-01   0.180594E-02   0.000000E+00  -0.112835E-02   0.246254E-09   0.183585E-07   0.457898E-10
  5377   0.672745E-01   0.180189E-02   0.000000E+00  -0.111706E-02   0.246121E-09   0.183562E-07   0.460204E-10
  5378   0.670448E-01   0.179785E-02   0.000000E+00  -0.110583E-02   0.245987E-09   0.183539E-07   0.462496E-10
  5379   0.668163E-01   0.179382E-02   0.000000E+00  -0.109467E-02   0.245854E-09   0.183517E-07   0.464776E-10
  5380   0.665889E-01   0.178979E-02   0.000000E+00  -0.108359E-02   0.245721E-09   0.183494E-07   0.467043E-10
  5381   0.663627E-01   0.178577E-02   0.000000E+00  -0.107258E-02   0.245588E-09   0.183473E-07   0.469297E-10
  5382   0.661375E-01   0.178175E-02   0.000000E+00  -0.106164E-02   0.245455E-09   0.183451E-07   0.471537E-10
  5383   0.659136E-01   0.177774E-02   0.000000E+00  -0.105078E-02   0.245322E-09   0.183430E-07   0.473765E-10
  5384   0.656909E-01   0.177374E-02   0.000000E+00  -0.103999E-02   0.245189E-09   0.183410E-07   0.475979E-10
  5385   0.654694E-01   0.176974E-02   0.000000E+00  -0.102929E-02   0.245056E-09   0.183390E-07   0.478180E-10
  5386   0.652492E-01   0.176574E-02   0.000000E+00  -0.101866E-02   0.244923E-09   0.183370E-07   0.480368E-10
  5387   0.650301E-01   0.176176E-02   0.000000E+00  -0.100811E-02   0.244790E-09   0.183350E-07   0.482542E-10
  5388   0.648123E-01   0.175777E-02   0.000000E+00  -0.997644E-03   0.244658E-09   0.183331E-07   0.484703E-10
  5389   0.645958E-01   0.175379E-02   0.000000E+00  -0.987253E-03   0.244525E-09   0.183313E-07   0.486850E-10
  5390   0.643805E-01   0.174981E-02   0.000000E+00  -0.976947E-03   0.244393E-09   0.183294E-07   0.488983E-10
  5391   0.641665E-01   0.174583E-02   0.000000E+00  -0.966727E-03   0.244260E-09   0.183276E-07   0.491103E-10
  5392   0.639538E-01   0.174186E-02   0.000000E+00  -0.956592E-03   0.244128E-09   0.183258E-07   0.493209E-10
  5393   0.637424E-01   0.173789E-02   0.000000E+00  -0.946542E-03   0.243996E-09   0.183241E-07   0.495301E-10
  5394   0.635324E-01   0.173392E-02   0.000000E+00  -0.936578E-03   0.243863E-09   0.183224E-07   0.497379E-10
  5395   0.633237E-01   0.172995E-02   0.000000E+00  -0.926699E-03   0.243731E-09   0.183208E-07   0.499443E-10
  5396   0.631163E-01   0.172599E-02   0.000000E+00  -0.916912E-03   0.243599E-09   0.183191E-07   0.501492E-10
  5397   0.629103E-01   0.172202E-02   0.000000E+00  -0.907211E-03   0.243467E-09   0.183175E-07   0.503528E-10
  5398   0.627057E-01   0.171805E-02   0.000000E+00  -0.897602E-03   0.243335E-09   0.183160E-07   0.505549E-10
  5399   0.625024E-01   0.171409E-02   0.000000E+00  -0.888086E-03   0.243203E-09   0.183145E-07   0.507556E-10
  5400   0.623006E-01   0.171012E-02   0.000000E+00  -0.878662E-03   0.243072E-09   0.183130E-07   0.509548E-10
  5401   0.621001E-01   0.170615E-02   0.000000E+00  -0.869331E-03   0.242940E-09   0.183115E-07   0.511526E-10
  5402   0.619011E-01   0.170218E-02   0.000000E+00  -0.860100E-03   0.242808E-09   0.183101E-07   0.513490E-10
  5403   0.617035E-01   0.169821E-02   0.000000E+00  -0.850954E-03   0.242677E-09   0.183087E-07   0.515439E-10
  5404   0.615074E-01   0.169424E-02   0.000000E+00  -0.841909E-03   0.242545E-09   0.183074E-07   0.517374E-10
  5405   0.613127E-01   0.169026E-02   0.000000E+00  -0.832963E-03   0.242414E-09   0.183061E-07   0.519294E-10
  5406   0.611194E-01   0.168629E-02   0.000000E+00  -0.824103E-03   0.242282E-09   0.183048E-07   0.521200E-10
  5407   0.609275E-01   0.168231E-02   0.000000E+00  -0.815343E-03   0.242151E-09   0.183035E-07   0.523092E-10
  5408   0.607370E-01   0.167833E-02   0.000000E+00  -0.806676E-03   0.242020E-09   0.183023E-07   0.524969E-10
  5409   0.605479E-01   0.167435E-02   0.000000E+00  -0.798101E-03   0.241889E-09   0.183011E-07   0.526832E-10
  5410   0.603602E-01   0.167037E-02   0.000000E+00  -0.789612E-03   0.241758E-09   0.183000E-07   0.528681E-10
  5411   0.601739E-01   0.166638E-02   0.000000E+00  -0.781223E-03   0.241627E-09   0.182988E-07   0.530516E-10
  5412   0.599891E-01   0.166240E-02   0.000000E+00  -0.772927E-03   0.241496E-09   0.182977E-07   0.532337E-10
  5413   0.598054E-01   0.165842E-02   0.000000E+00  -0.764717E-03   0.241365E-09   0.182967E-07   0.534143E-10
  5414   0.596233E-01   0.165443E-02   0.000000E+00  -0.756599E-03   0.241234E-09   0.182956E-07   0.535936E-10
  5415   0.594425E-01   0.165044E-02   0.000000E+00  -0.748567E-03   0.241103E-09   0.182946E-07   0.537714E-10
  5416   0.592630E-01   0.164645E-02   0.000000E+00  -0.740628E-03   0.240973E-09   0.182937E-07   0.539478E-10
  5417   0.590849E-01   0.164247E-02   0.000000E+00  -0.732782E-03   0.240842E-09   0.182927E-07   0.541229E-10
  5418   0.589081E-01   0.163848E-02   0.000000E+00  -0.725022E-03   0.240711E-09   0.182918E-07   0.542965E-10
  5419   0.587327E-01   0.163449E-02   0.000000E+00  -0.717354E-03   0.240581E-09   0.182909E-07   0.544688E-10
  5420   0.585586E-01   0.163050E-02   0.000000E+00  -0.709767E-03   0.240451E-09   0.182901E-07   0.546397E-10
  5421   0.583858E-01   0.162650E-02   0.000000E+00  -0.702271E-03   0.240320E-09   0.182892E-07   0.548091E-10
  5422   0.582143E-01   0.162251E-02   0.000000E+00  -0.694863E-03   0.240190E-09   0.182884E-07   0.549773E-10
  5423   0.580442E-01   0.161852E-02   0.000000E+00  -0.687539E-03   0.240060E-09   0.182877E-07   0.551440E-10
  5424   0.578753E-01   0.161453E-02   0.000000E+00  -0.680303E-03   0.239930E-09   0.182869E-07   0.553093E-10
  5425   0.577077E-01   0.161053E-02   0.000000E+00  -0.673152E-03   0.239800E-09   0.182862E-07   0.554733E-10
  5426   0.575415E-01   0.160654E-02   0.000000E+00  -0.666086E-03   0.239670E-09   0.182855E-07   0.556359E-10
  5427   0.573765E-01   0.160254E-02   0.000000E+00  -0.659105E-03   0.239540E-09   0.182848E-07   0.557972E-10
  5428   0.572128E-01   0.159854E-02   0.000000E+00  -0.652207E-03   0.239410E-09   0.182842E-07   0.559571E-10
  5429   0.570504E-01   0.159455E-02   0.000000E+00  -0.645394E-03   0.239280E-09   0.182836E-07   0.561156E-10
  5430   0.568891E-01   0.159055E-02   0.000000E+00  -0.638664E-03   0.239150E-09   0.182830E-07   0.562728E-10
  5431   0.567292E-01   0.158656E-02   0.000000E+00  -0.632017E-03   0.239021E-09   0.182824E-07   0.564286E-10
  5432   0.565706E-01   0.158256E-02   0.000000E+00  -0.625453E-03   0.238891E-09   0.182819E-07   0.565831E-10
  5433   0.564132E-01   0.157856E-02   0.000000E+00  -0.618970E-03   0.238762E-09   0.182814E-07   0.567362E-10
  5434   0.562569E-01   0.157457E-02   0.000000E+00  -0.612569E-03   0.238632E-09   0.182809E-07   0.568880E-10
  5435   0.561020E-01   0.157057E-02   0.000000E+00  -0.606248E-03   0.238503E-09   0.182804E-07   0.570385E-10
  5436   0.559483E-01   0.156657E-02   0.000000E+00  -0.600008E-03   0.238374E-09   0.182800E-07   0.571876E-10
  5437   0.557958E-01   0.156258E-02   0.000000E+00  -0.593848E-03   0.238244E-09   0.182795E-07   0.573354E-10
  5438   0.556445E-01   0.155858E-02   0.000000E+00  -0.587768E-03   0.238115E-09   0.182791E-07   0.574818E-10
  5439   0.554944E-01   0.155459E-02   0.000000E+00  -0.581767E-03   0.237986E-09   0.182788E-07   0.576270E-10
  5440   0.553455E-01   0.155059E-02   0.000000E+00  -0.575844E-03   0.237857E-09   0.182784E-07   0.577708E-10
  5441   0.551978E-01   0.154660E-02   0.000000E+00  -0.570001E-03   0.237728E-09   0.182781E-07   0.579133E-10
  5442   0.550513E-01   0.154260E-02   0.000000E+00  -0.564235E-03   0.237599E-09   0.182778E-07   0.580544E-10
  5443   0.549060E-01   0.153861E-02   0.000000E+00  -0.558546E-03   0.237471E-09   0.182775E-07   0.581943E-10
  5444   0.547618E-01   0.153462E-02   0.000000E+00  -0.552933E-03   0.237342E-09   0.182772E-07   0.583329E-10
  5445   0.546188E-01   0.153063E-02   0.000000E+00  -0.547398E-03   0.237213E-09   0.182770E-07   0.584701E-10
  5446   0.544770E-01   0.152663E-02   0.000000E+00  -0.541938E-03   0.237084E-09   0.182767E-07   0.586061E-10
  5447   0.543363E-01   0.152264E-02   0.000000E+00  -0.536554E-03   0.236956E-09   0.182765E-07   0.587408E-10
  5448   0.541968E-01   0.151865E-02   0.000000E+00  -0.531245E-03   0.236828E-09   0.182764E-07   0.588741E-10
  5449   0.540583E-01   0.151466E-02   0.000000E+00  -0.526010E-03   0.236699E-09   0.182762E-07   0.590062E-10
  5450   0.539211E-01   0.151067E-02   0.000000E+00  -0.520849E-03   0.236571E-09   0.182760E-07   0.591370E-10
  5451   0.537850E-01   0.150669E-02   0.000000E+00  -0.515762E-03   0.236443E-09   0.182759E-07   0.592665E-10
  5452   0.536500E-01   0.150270E-02   0.000000E+00  -0.510748E-03   0.236314E-09   0.182758E-07   0.593947E-10
  5453   0.535160E-01   0.149872E-02   0.000000E+00  -0.505808E-03   0.236186E-09   0.182757E-07   0.595216E-10
  5454   0.533833E-01   0.149473E-02   0.000000E+00  -0.500939E-03   0.236058E-09   0.182756E-07   0.596473E-10
  5455   0.532516E-01   0.149074E-02   0.000000E+00  -0.496143E-03   0.235930E-09   0.182756E-07   0.597717E-10
  5456   0.531210E-01   0.148676E-02   0.000000E+00  -0.491416E-03   0.235802E-09   0.182756E-07   0.598948E-10
  5457   0.529915E-01   0.148278E-02   0.000000E+00  -0.486762E-03   0.235674E-09   0.182755E-07   0.600166E-10
  5458   0.528631E-01   0.147880E-02   0.000000E+00  -0.482178E-03   0.235547E-09   0.182755E-07   0.601372E-10
  5459   0.527357E-01   0.147482E-02   0.000000E+00  -0.477663E-03   0.235419E-09   0.182755E-07   0.602566E-10
  5460   0.526095E-01   0.147085E-02   0.000000E+00  -0.473219E-03   0.235291E-09   0.182756E-07   0.603747E-10
  5461   0.524843E-01   0.146687E-02   0.000000E+00  -0.468843E-03   0.235164E-09   0.182756E-07   0.604915E-10
  5462   0.523601E-01   0.146290E-02   0.000000E+00  -0.464536E-03   0.235036E-09   0.182757E-07   0.606071E-10
  5463   0.522370E-01   0.145893E-02   0.000000E+00  -0.460296E-03   0.234909E-09   0.182758E-07   0.607214E-10
  5464   0.521150E-01   0.145495E-02   0.000000E+00  -0.456125E-03   0.234781E-09   0.182758E-07   0.608345E-10
  5465   0.519940E-01   0.145099E-02   0.000000E+00  -0.452021E-03   0.234654E-09   0.182759E-07   0.609464E-10
  5466   0.518740E-01   0.144702E-02   0.000000E+00  -0.447983E-03   0.234527E-09   0.182761E-07   0.610570E-10
  5467   0.517551E-01   0.144305E-02   0.000000E+00  -0.444012E-03   0.234400E-09   0.182762E-07   0.611664E-10
  5468   0.516371E-01   0.143909E-02   0.000000E+00  -0.440107E-03   0.234273E-09   0.182763E-07   0.612745E-10
  5469   0.515202E-01   0.143513E-02   0.000000E+00  -0.436267E-03   0.234146E-09   0.182765E-07   0.613815E-10
  5470   0.514043E-01   0.143117E-02   0.000000E+00  -0.432492E-03   0.234019E-09   0.182767E-07   0.614872E-10
  5471   0.512893E-01   0.142722E-02   0.000000E+00  -0.428782E-03   0.233892E-09   0.182769E-07   0.615917E-10
  5472   0.511754E-01   0.142326E-02   0.000000E+00  -0.425135E-03   0.233765E-09   0.182771E-07   0.616950E-10
  5473   0.510625E-01   0.141931E-02   0.000000E+00  -0.421552E-03   0.233638E-09   0.182773E-07   0.617970E-10
  5474   0.509505E-01   0.141535E-02   0.000000E+00  -0.418032E-03   0.233512E-09   0.182775E-07   0.618979E-10
  5475   0.508395E-01   0.141140E-02   0.000000E+00  -0.414575E-03   0.233385E-09   0.182777E-07   0.619975E-10
  5476   0.507295E-01   0.140746E-02   0.000000E+00  -0.411179E-03   0.233258E-09   0.182780E-07   0.620960E-10
  5477   0.506204E-01   0.140351E-02   0.000000E+00  -0.407845E-03   0.233132E-09   0.182782E-07   0.621932E-10
  5478   0.505123E-01   0.139957E-02   0.000000E+00  -0.404573E-03   0.233005E-09   0.182785E-07   0.622893E-10
  5479   0.504051E-01   0.139563E-02   0.000000E+00  -0.401362E-03   0.232879E-09   0.182788E-07   0.623842E-10
  5480   0.502989E-01   0.139170E-02   0.000000E+00  -0.398211E-03   0.232753E-09   0.182791E-07   0.624778E-10
  5481   0.501936E-01   0.138776E-02   0.000000E+00  -0.395119E-03   0.232627E-09   0.182794E-07   0.625703E-10
  5482   0.500892E-01   0.138382E-02   0.000000E+00  -0.392087E-03   0.232501E-09   0.182797E-07   0.626616E-10
  5483   0.499858E-01   0.137990E-02   0.000000E+00  -0.389114E-03   0.232374E-09   0.182800E-07   0.627518E-10
  5484   0.498833E-01   0.137597E-02   0.000000E+00  -0.386200E-03   0.232248E-09   0.182803E-07   0.628407E-10
  5485   0.497816E-01   0.137205E-02   0.000000E+00  -0.383343E-03   0.232122E-09   0.182806E-07   0.629285E-10
  5486   0.496810E-01   0.136813E-02   0.000000E+00  -0.380544E-03   0.231997E-09   0.182810E-07   0.630151E-10
  5487   0.495811E-01   0.136421E-02   0.000000E+00  -0.377802E-03   0.231871E-09   0.182813E-07   0.631006E-10
  5488   0.494822E-01   0.136030E-02   0.000000E+00  -0.375116E-03   0.231745E-09   0.182817E-07   0.631848E-10
  5489   0.493842E-01   0.135638E-02   0.000000E+00  -0.372487E-03   0.231619E-09   0.182821E-07   0.632680E-10
  5490   0.492869E-01   0.135248E-02   0.000000E+00  -0.369914E-03   0.231494E-09   0.182824E-07   0.633499E-10
  5491   0.491907E-01   0.134857E-02   0.000000E+00  -0.367395E-03   0.231368E-09   0.182828E-07   0.634308E-10
  5492   0.490952E-01   0.134467E-02   0.000000E+00  -0.364932E-03   0.231243E-09   0.182832E-07   0.635104E-10
  5493   0.490006E-01   0.134077E-02   0.000000E+00  -0.362523E-03   0.231117E-09   0.182836E-07   0.635889E-10
  5494   0.489069E-01   0.133687E-02   0.000000E+00  -0.360168E-03   0.230992E-09   0.182840E-07   0.636663E-10
  5495   0.488140E-01   0.133298E-02   0.000000E+00  -0.357867E-03   0.230867E-09   0.182844E-07   0.637426E-10
  5496   0.487219E-01   0.132909E-02   0.000000E+00  -0.355617E-03   0.230742E-09   0.182848E-07   0.638177E-10
  5497   0.486307E-01   0.132520E-02   0.000000E+00  -0.353422E-03   0.230617E-09   0.182852E-07   0.638916E-10
  5498   0.485403E-01   0.132132E-02   0.000000E+00  -0.351277E-03   0.230491E-09   0.182856E-07   0.639645E-10
  5499   0.484507E-01   0.131744E-02   0.000000E+00  -0.349184E-03   0.230366E-09   0.182860E-07   0.640362E-10
  5500   0.483619E-01   0.131357E-02   0.000000E+00  -0.347142E-03   0.230242E-09   0.182864E-07   0.641068E-10
  5501   0.482739E-01   0.130970E-02   0.000000E+00  -0.345151E-03   0.230117E-09   0.182869E-07   0.641763E-10
  5502   0.481868E-01   0.130583E-02   0.000000E+00  -0.343211E-03   0.229992E-09   0.182873E-07   0.642446E-10
  5503   0.481004E-01   0.130197E-02   0.000000E+00  -0.341320E-03   0.229867E-09   0.182877E-07   0.643119E-10
  5504   0.480148E-01   0.129810E-02   0.000000E+00  -0.339478E-03   0.229743E-09   0.182882E-07   0.643780E-10
  5505   0.479300E-01   0.129425E-02   0.000000E+00  -0.337685E-03   0.229618E-09   0.182886E-07   0.644430E-10
  5506   0.478459E-01   0.129040E-02   0.000000E+00  -0.335941E-03   0.229494E-09   0.182891E-07   0.645070E-10
  5507   0.477627E-01   0.128655E-02   0.000000E+00  -0.334244E-03   0.229369E-09   0.182895E-07   0.645698E-10
  5508   0.476801E-01   0.128271E-02   0.000000E+00  -0.332595E-03   0.229245E-09   0.182899E-07   0.646315E-10
  5509   0.475984E-01   0.127887E-02   0.000000E+00  -0.330993E-03   0.229120E-09   0.182904E-07   0.646922E-10
  5510   0.475174E-01   0.127503E-02   0.000000E+00  -0.329437E-03   0.228996E-09   0.182908E-07   0.647517E-10
  5511   0.474371E-01   0.127119E-02   0.000000E+00  -0.327927E-03   0.228872E-09   0.182913E-07   0.648102E-10
  5512   0.473576E-01   0.126737E-02   0.000000E+00  -0.326463E-03   0.228748E-09   0.182917E-07   0.648676E-10
  5513   0.472787E-01   0.126354E-02   0.000000E+00  -0.325045E-03   0.228624E-09   0.182922E-07   0.649239E-10
  5514   0.472006E-01   0.125973E-02   0.000000E+00  -0.323670E-03   0.228500E-09   0.182926E-07   0.649791E-10
  5515   0.471233E-01   0.125591E-02   0.000000E+00  -0.322340E-03   0.228376E-09   0.182930E-07   0.650332E-10
  5516   0.470466E-01   0.125211E-02   0.000000E+00  -0.321054E-03   0.228252E-09   0.182935E-07   0.650863E-10
  5517   0.469706E-01   0.124830E-02   0.000000E+00  -0.319811E-03   0.228128E-09   0.182939E-07   0.651383E-10
  5518   0.468953E-01   0.124450E-02   0.000000E+00  -0.318610E-03   0.228005E-09   0.182944E-07   0.651893E-10
  5519   0.468207E-01   0.124070E-02   0.000000E+00  -0.317453E-03   0.227881E-09   0.182948E-07   0.652392E-10
  5520   0.467468E-01   0.123691E-02   0.000000E+00  -0.316337E-03   0.227757E-09   0.182952E-07   0.652880E-10
  5521   0.466736E-01   0.123312E-02   0.000000E+00  -0.315263E-03   0.227634E-09   0.182957E-07   0.653358E-10
  5522   0.466011E-01   0.122934E-02   0.000000E+00  -0.314229E-03   0.227510E-09   0.182961E-07   0.653825E-10
  5523   0.465291E-01   0.122556E-02   0.000000E+00  -0.313236E-03   0.227387E-09   0.182965E-07   0.654282E-10
  5524   0.464579E-01   0.122179E-02   0.000000E+00  -0.312284E-03   0.227264E-09   0.182969E-07   0.654728E-10
  5525   0.463873E-01   0.121803E-02   0.000000E+00  -0.311370E-03   0.227140E-09   0.182974E-07   0.655164E-10
  5526   0.463173E-01   0.121426E-02   0.000000E+00  -0.310496E-03   0.227017E-09   0.182978E-07   0.655590E-10
  5527   0.462480E-01   0.121051E-02   0.000000E+00  -0.309661E-03   0.226894E-09   0.182982E-07   0.656006E-10
  5528   0.461793E-01   0.120676E-02   0.000000E+00  -0.308864E-03   0.226771E-09   0.182986E-07   0.656410E-10
  5529   0.461112E-01   0.120301E-02   0.000000E+00  -0.308105E-03   0.226648E-09   0.182990E-07   0.656805E-10
  5530   0.460438E-01   0.119927E-02   0.000000E+00  -0.307383E-03   0.226525E-09   0.182994E-07   0.657190E-10
  5531   0.459770E-01   0.119553E-02   0.000000E+00  -0.306698E-03   0.226402E-09   0.182998E-07   0.657564E-10
  5532   0.459107E-01   0.119180E-02   0.000000E+00  -0.306049E-03   0.226280E-09   0.183002E-07   0.657928E-10
  5533   0.458451E-01   0.118808E-02   0.000000E+00  -0.305436E-03   0.226157E-09   0.183005E-07   0.658282E-10
  5534   0.457800E-01   0.118435E-02   0.000000E+00  -0.304859E-03   0.226034E-09   0.183009E-07   0.658626E-10
  5535   0.457156E-01   0.118064E-02   0.000000E+00  -0.304317E-03   0.225912E-09   0.183013E-07   0.658960E-10
  5536   0.456517E-01   0.117693E-02   0.000000E+00  -0.303809E-03   0.225789E-09   0.183016E-07   0.659284E-10
  5537   0.455884E-01   0.117323E-02   0.000000E+00  -0.303336E-03   0.225667E-09   0.183020E-07   0.659598E-10
  5538   0.455257E-01   0.116953E-02   0.000000E+00  -0.302896E-03   0.225544E-09   0.183023E-07   0.659902E-10
  5539   0.454635E-01   0.116584E-02   0.000000E+00  -0.302489E-03   0.225422E-09   0.183027E-07   0.660196E-10
  5540   0.454018E-01   0.116215E-02   0.000000E+00  -0.302115E-03   0.225300E-09   0.183030E-07   0.660480E-10
  5541   0.453407E-01   0.115847E-02   0.000000E+00  -0.301774E-03   0.225178E-09   0.183033E-07   0.660754E-10
  5542   0.452802E-01   0.115480E-02   0.000000E+00  -0.301463E-03   0.225056E-09   0.183036E-07   0.661018E-10
  5543   0.452202E-01   0.115113E-02   0.000000E+00  -0.301185E-03   0.224934E-09   0.183039E-07   0.661273E-10
  5544   0.451607E-01   0.114746E-02   0.000000E+00  -0.300937E-03   0.224812E-09   0.183042E-07   0.661517E-10
  5545   0.451017E-01   0.114381E-02   0.000000E+00  -0.300720E-03   0.224690E-09   0.183045E-07   0.661752E-10
  5546   0.450433E-01   0.114016E-02   0.000000E+00  -0.300533E-03   0.224568E-09   0.183047E-07   0.661978E-10
  5547   0.449854E-01   0.113652E-02   0.000000E+00  -0.300374E-03   0.224446E-09   0.183050E-07   0.662193E-10
  5548   0.449279E-01   0.113288E-02   0.000000E+00  -0.300246E-03   0.224324E-09   0.183052E-07   0.662399E-10
  5549   0.448710E-01   0.112925E-02   0.000000E+00  -0.300146E-03   0.224203E-09   0.183055E-07   0.662596E-10
  5550   0.448145E-01   0.112562E-02   0.000000E+00  -0.300073E-03   0.224081E-09   0.183057E-07   0.662783E-10
  5551   0.447585E-01   0.112200E-02   0.000000E+00  -0.300030E-03   0.223960E-09   0.183059E-07   0.662960E-10
  5552   0.447030E-01   0.111839E-02   0.000000E+00  -0.300012E-03   0.223838E-09   0.183061E-07   0.663128E-10
  5553   0.446479E-01   0.111478E-02   0.000000E+00  -0.300021E-03   0.223717E-09   0.183063E-07   0.663286E-10
  5554   0.445934E-01   0.111119E-02   0.000000E+00  -0.300058E-03   0.223595E-09   0.183064E-07   0.663435E-10
  5555   0.445392E-01   0.110760E-02   0.000000E+00  -0.300119E-03   0.223474E-09   0.183066E-07   0.663574E-10
  5556   0.444856E-01   0.110401E-02   0.000000E+00  -0.300206E-03   0.223353E-09   0.183068E-07   0.663705E-10
  5557   0.444324E-01   0.110043E-02   0.000000E+00  -0.300318E-03   0.223232E-09   0.183069E-07   0.663825E-10
  5558   0.443795E-01   0.109686E-02   0.000000E+00  -0.300455E-03   0.223111E-09   0.183070E-07   0.663937E-10
  5559   0.443272E-01   0.109329E-02   0.000000E+00  -0.300615E-03   0.222990E-09   0.183071E-07   0.664039E-10
  5560   0.442752E-01   0.108973E-02   0.000000E+00  -0.300799E-03   0.222869E-09   0.183072E-07   0.664132E-10
  5561   0.442237E-01   0.108618E-02   0.000000E+00  -0.301006E-03   0.222748E-09   0.183073E-07   0.664216E-10
  5562   0.441726E-01   0.108264E-02   0.000000E+00  -0.301235E-03   0.222627E-09   0.183073E-07   0.664290E-10
  5563   0.441219E-01   0.107910E-02   0.000000E+00  -0.301487E-03   0.222507E-09   0.183074E-07   0.664356E-10
  5564   0.440716E-01   0.107557E-02   0.000000E+00  -0.301761E-03   0.222386E-09   0.183074E-07   0.664412E-10
  5565   0.440216E-01   0.107205E-02   0.000000E+00  -0.302055E-03   0.222265E-09   0.183074E-07   0.664459E-10
  5566   0.439721E-01   0.106853E-02   0.000000E+00  -0.302371E-03   0.222145E-09   0.183074E-07   0.664497E-10
  5567   0.439229E-01   0.106502E-02   0.000000E+00  -0.302706E-03   0.222024E-09   0.183074E-07   0.664527E-10
  5568   0.438741E-01   0.106152E-02   0.000000E+00  -0.303062E-03   0.221904E-09   0.183074E-07   0.664547E-10
  5569   0.438257E-01   0.105802E-02   0.000000E+00  -0.303437E-03   0.221784E-09   0.183073E-07   0.664558E-10
  5570   0.437777E-01   0.105454E-02   0.000000E+00  -0.303831E-03   0.221663E-09   0.183072E-07   0.664560E-10
  5571   0.437299E-01   0.105106E-02   0.000000E+00  -0.304243E-03   0.221543E-09   0.183071E-07   0.664554E-10
  5572   0.436825E-01   0.104758E-02   0.000000E+00  -0.304673E-03   0.221423E-09   0.183070E-07   0.664538E-10
  5573   0.436355E-01   0.104412E-02   0.000000E+00  -0.305121E-03   0.221303E-09   0.183069E-07   0.664514E-10
  5574   0.435888E-01   0.104066E-02   0.000000E+00  -0.305587E-03   0.221183E-09   0.183067E-07   0.664481E-10
  5575   0.435425E-01   0.103722E-02   0.000000E+00  -0.306068E-03   0.221063E-09   0.183066E-07   0.664440E-10
  5576   0.434964E-01   0.103377E-02   0.000000E+00  -0.306566E-03   0.220943E-09   0.183064E-07   0.664389E-10
  5577   0.434506E-01   0.103034E-02   0.000000E+00  -0.307080E-03   0.220824E-09   0.183062E-07   0.664330E-10
  5578   0.434052E-01   0.102691E-02   0.000000E+00  -0.307609E-03   0.220704E-09   0.183060E-07   0.664263E-10
  5579   0.433600E-01   0.102350E-02   0.000000E+00  -0.308152E-03   0.220584E-09   0.183057E-07   0.664186E-10
  5580   0.433152E-01   0.102009E-02   0.000000E+00  -0.308710E-03   0.220465E-09   0.183054E-07   0.664101E-10
  5581   0.432707E-01   0.101668E-02   0.000000E+00  -0.309282E-03   0.220345E-09   0.183052E-07   0.664008E-10
  5582   0.432264E-01   0.101330E-02   0.000000E+00  -0.309867E-03   0.220226E-09   0.183048E-07   0.663906E-10
  5583   0.431824E-01   0.100991E-02   0.000000E+00  -0.310465E-03   0.220106E-09   0.183045E-07   0.663796E-10
  5584   0.431386E-01   0.100653E-02   0.000000E+00  -0.311076E-03   0.219987E-09   0.183042E-07   0.663677E-10
  5585   0.430952E-01   0.100316E-02   0.000000E+00  -0.311699E-03   0.219868E-09   0.183038E-07   0.663549E-10
  5586   0.430520E-01   0.999798E-03   0.000000E+00  -0.312332E-03   0.219748E-09   0.183034E-07   0.663414E-10
  5587   0.430090E-01   0.996448E-03   0.000000E+00  -0.312978E-03   0.219629E-09   0.183030E-07   0.663270E-10
  5588   0.429663E-01   0.993104E-03   0.000000E+00  -0.313634E-03   0.219510E-09   0.183025E-07   0.663117E-10
  5589   0.429238E-01   0.989767E-03   0.000000E+00  -0.314300E-03   0.219391E-09   0.183020E-07   0.662957E-10
  5590   0.428815E-01   0.986437E-03   0.000000E+00  -0.314977E-03   0.219272E-09   0.183016E-07   0.662788E-10
  5591   0.428395E-01   0.983122E-03   0.000000E+00  -0.315662E-03   0.219153E-09   0.183010E-07   0.662611E-10
  5592   0.427976E-01   0.979813E-03   0.000000E+00  -0.316356E-03   0.219035E-09   0.183005E-07   0.662426E-10
  5593   0.427561E-01   0.976512E-03   0.000000E+00  -0.317058E-03   0.218916E-09   0.182999E-07   0.662232E-10
  5594   0.427147E-01   0.973218E-03   0.000000E+00  -0.317769E-03   0.218797E-09   0.182993E-07   0.662031E-10
  5595   0.426735E-01   0.969938E-03   0.000000E+00  -0.318487E-03   0.218678E-09   0.182987E-07   0.661821E-10
  5596   0.426324E-01   0.966665E-03   0.000000E+00  -0.319211E-03   0.218560E-09   0.182981E-07   0.661604E-10
  5597   0.425915E-01   0.963399E-03   0.000000E+00  -0.319942E-03   0.218441E-09   0.182974E-07   0.661378E-10
  5598   0.425509E-01   0.960140E-03   0.000000E+00  -0.320680E-03   0.218323E-09   0.182967E-07   0.661144E-10
  5599   0.425104E-01   0.956888E-03   0.000000E+00  -0.321423E-03   0.218205E-09   0.182960E-07   0.660903E-10
  5600   0.424701E-01   0.953650E-03   0.000000E+00  -0.322170E-03   0.218086E-09   0.182952E-07   0.660653E-10
  5601   0.424299E-01   0.950419E-03   0.000000E+00  -0.322923E-03   0.217968E-09   0.182945E-07   0.660396E-10
  5602   0.423899E-01   0.947203E-03   0.000000E+00  -0.323680E-03   0.217850E-09   0.182937E-07   0.660131E-10
  5603   0.423500E-01   0.943993E-03   0.000000E+00  -0.324441E-03   0.217732E-09   0.182928E-07   0.659858E-10
  5604   0.423103E-01   0.940790E-03   0.000000E+00  -0.325205E-03   0.217614E-09   0.182920E-07   0.659577E-10
  5605   0.422707E-01   0.937594E-03   0.000000E+00  -0.325972E-03   0.217496E-09   0.182911E-07   0.659288E-10
  5606   0.422312E-01   0.934413E-03   0.000000E+00  -0.326741E-03   0.217378E-09   0.182902E-07   0.658992E-10
  5607   0.421919E-01   0.931238E-03   0.000000E+00  -0.327512E-03   0.217260E-09   0.182892E-07   0.658688E-10
  5608   0.421526E-01   0.928078E-03   0.000000E+00  -0.328284E-03   0.217142E-09   0.182882E-07   0.658377E-10
  5609   0.421135E-01   0.924924E-03   0.000000E+00  -0.329058E-03   0.217025E-09   0.182872E-07   0.658057E-10
  5610   0.420744E-01   0.921777E-03   0.000000E+00  -0.329832E-03   0.216907E-09   0.182862E-07   0.657730E-10
  5611   0.420355E-01   0.918637E-03   0.000000E+00  -0.330607E-03   0.216790E-09   0.182851E-07   0.657396E-10
  5612   0.419966E-01   0.915511E-03   0.000000E+00  -0.331380E-03   0.216672E-09   0.182840E-07   0.657054E-10
  5613   0.419578E-01   0.912400E-03   0.000000E+00  -0.332153E-03   0.216555E-09   0.182829E-07   0.656705E-10
  5614   0.419191E-01   0.909295E-03   0.000000E+00  -0.332925E-03   0.216437E-09   0.182818E-07   0.656348E-10
  5615   0.418805E-01   0.906197E-03   0.000000E+00  -0.333695E-03   0.216320E-09   0.182806E-07   0.655984E-10
  5616   0.418419E-01   0.903113E-03   0.000000E+00  -0.334463E-03   0.216203E-09   0.182794E-07   0.655612E-10
  5617   0.418034E-01   0.900036E-03   0.000000E+00  -0.335228E-03   0.216085E-09   0.182781E-07   0.655233E-10
  5618   0.417649E-01   0.896965E-03   0.000000E+00  -0.335990E-03   0.215968E-09   0.182768E-07   0.654847E-10
  5619   0.417265E-01   0.893909E-03   0.000000E+00  -0.336748E-03   0.215851E-09   0.182755E-07   0.654453E-10
  5620   0.416881E-01   0.890867E-03   0.000000E+00  -0.337502E-03   0.215734E-09   0.182741E-07   0.654053E-10
  5621   0.416497E-01   0.887832E-03   0.000000E+00  -0.338252E-03   0.215617E-09   0.182728E-07   0.653645E-10
  5622   0.416114E-01   0.884803E-03   0.000000E+00  -0.338997E-03   0.215501E-09   0.182713E-07   0.653229E-10
  5623   0.415730E-01   0.881788E-03   0.000000E+00  -0.339736E-03   0.215384E-09   0.182699E-07   0.652807E-10
  5624   0.415347E-01   0.878780E-03   0.000000E+00  -0.340469E-03   0.215267E-09   0.182684E-07   0.652377E-10
  5625   0.414964E-01   0.875786E-03   0.000000E+00  -0.341197E-03   0.215150E-09   0.182669E-07   0.651941E-10
  5626   0.414580E-01   0.872807E-03   0.000000E+00  -0.341917E-03   0.215034E-09   0.182653E-07   0.651497E-10
  5627   0.414196E-01   0.869833E-03   0.000000E+00  -0.342630E-03   0.214917E-09   0.182637E-07   0.651046E-10
  5628   0.413813E-01   0.866867E-03   0.000000E+00  -0.343335E-03   0.214801E-09   0.182621E-07   0.650589E-10
  5629   0.413430E-01   0.863914E-03   0.000000E+00  -0.344032E-03   0.214684E-09   0.182604E-07   0.650124E-10
  5630   0.413045E-01   0.860976E-03   0.000000E+00  -0.344720E-03   0.214568E-09   0.182587E-07   0.649653E-10
  5631   0.412661E-01   0.858044E-03   0.000000E+00  -0.345400E-03   0.214452E-09   0.182570E-07   0.649174E-10
  5632   0.412276E-01   0.855126E-03   0.000000E+00  -0.346069E-03   0.214335E-09   0.182552E-07   0.648689E-10
  5633   0.411891E-01   0.852215E-03   0.000000E+00  -0.346729E-03   0.214219E-09   0.182534E-07   0.648197E-10
  5634   0.411505E-01   0.849317E-03   0.000000E+00  -0.347378E-03   0.214103E-09   0.182516E-07   0.647698E-10
  5635   0.411118E-01   0.846434E-03   0.000000E+00  -0.348017E-03   0.213987E-09   0.182497E-07   0.647192E-10
  5636   0.410731E-01   0.843557E-03   0.000000E+00  -0.348643E-03   0.213871E-09   0.182477E-07   0.646680E-10
  5637   0.410343E-01   0.840687E-03   0.000000E+00  -0.349258E-03   0.213755E-09   0.182458E-07   0.646161E-10
  5638   0.409954E-01   0.837838E-03   0.000000E+00  -0.349860E-03   0.213640E-09   0.182438E-07   0.645635E-10
  5639   0.409565E-01   0.834996E-03   0.000000E+00  -0.350451E-03   0.213524E-09   0.182417E-07   0.645103E-10
  5640   0.409174E-01   0.832160E-03   0.000000E+00  -0.351027E-03   0.213408E-09   0.182397E-07   0.644564E-10
  5641   0.408782E-01   0.829338E-03   0.000000E+00  -0.351590E-03   0.213292E-09   0.182375E-07   0.644018E-10
  5642   0.408390E-01   0.826530E-03   0.000000E+00  -0.352138E-03   0.213177E-09   0.182354E-07   0.643466E-10
  5643   0.407996E-01   0.823735E-03   0.000000E+00  -0.352672E-03   0.213061E-09   0.182332E-07   0.642908E-10
  5644   0.407601E-01   0.820948E-03   0.000000E+00  -0.353191E-03   0.212946E-09   0.182309E-07   0.642343E-10
  5645   0.407205E-01   0.818174E-03   0.000000E+00  -0.353695E-03   0.212831E-09   0.182287E-07   0.641772E-10
  5646   0.406807E-01   0.815414E-03   0.000000E+00  -0.354182E-03   0.212715E-09   0.182263E-07   0.641194E-10
  5647   0.406408E-01   0.812660E-03   0.000000E+00  -0.354653E-03   0.212600E-09   0.182240E-07   0.640610E-10
  5648   0.406007E-01   0.809920E-03   0.000000E+00  -0.355107E-03   0.212485E-09   0.182216E-07   0.640019E-10
  5649   0.405605E-01   0.807194E-03   0.000000E+00  -0.355543E-03   0.212370E-09   0.182191E-07   0.639422E-10
  5650   0.405202E-01   0.804475E-03   0.000000E+00  -0.355962E-03   0.212255E-09   0.182166E-07   0.638820E-10
  5651   0.404796E-01   0.801773E-03   0.000000E+00  -0.356363E-03   0.212140E-09   0.182141E-07   0.638210E-10
  5652   0.404389E-01   0.799081E-03   0.000000E+00  -0.356744E-03   0.212025E-09   0.182115E-07   0.637595E-10
  5653   0.403980E-01   0.796400E-03   0.000000E+00  -0.357107E-03   0.211910E-09   0.182089E-07   0.636973E-10
  5654   0.403570E-01   0.793732E-03   0.000000E+00  -0.357449E-03   0.211795E-09   0.182062E-07   0.636346E-10
  5655   0.403157E-01   0.791076E-03   0.000000E+00  -0.357772E-03   0.211680E-09   0.182035E-07   0.635712E-10
  5656   0.402743E-01   0.788432E-03   0.000000E+00  -0.358074E-03   0.211566E-09   0.182008E-07   0.635072E-10
  5657   0.402326E-01   0.785800E-03   0.000000E+00  -0.358354E-03   0.211451E-09   0.181980E-07   0.634426E-10
  5658   0.401907E-01   0.783180E-03   0.000000E+00  -0.358614E-03   0.211336E-09   0.181952E-07   0.633774E-10
  5659   0.401486E-01   0.780572E-03   0.000000E+00  -0.358852E-03   0.211222E-09   0.181923E-07   0.633116E-10
  5660   0.401064E-01   0.777977E-03   0.000000E+00  -0.359069E-03   0.211107E-09   0.181893E-07   0.632452E-10
  5661   0.400639E-01   0.775394E-03   0.000000E+00  -0.359264E-03   0.210993E-09   0.181864E-07   0.631783E-10
  5662   0.400212E-01   0.772823E-03   0.000000E+00  -0.359439E-03   0.210879E-09   0.181833E-07   0.631107E-10
  5663   0.399783E-01   0.770263E-03   0.000000E+00  -0.359592E-03   0.210765E-09   0.181803E-07   0.630426E-10
  5664   0.399352E-01   0.767716E-03   0.000000E+00  -0.359725E-03   0.210650E-09   0.181772E-07   0.629739E-10
  5665   0.398919E-01   0.765181E-03   0.000000E+00  -0.359837E-03   0.210536E-09   0.181740E-07   0.629046E-10
  5666   0.398483E-01   0.762657E-03   0.000000E+00  -0.359928E-03   0.210422E-09   0.181708E-07   0.628347E-10
  5667   0.398047E-01   0.760145E-03   0.000000E+00  -0.359999E-03   0.210308E-09   0.181675E-07   0.627643E-10
  5668   0.397607E-01   0.757645E-03   0.000000E+00  -0.360050E-03   0.210194E-09   0.181642E-07   0.626933E-10
  5669   0.397166E-01   0.755157E-03   0.000000E+00  -0.360080E-03   0.210081E-09   0.181609E-07   0.626217E-10
  5670   0.396723E-01   0.752680E-03   0.000000E+00  -0.360090E-03   0.209967E-09   0.181575E-07   0.625496E-10
  5671   0.396278E-01   0.750215E-03   0.000000E+00  -0.360080E-03   0.209853E-09   0.181540E-07   0.624769E-10
  5672   0.395831E-01   0.747761E-03   0.000000E+00  -0.360050E-03   0.209739E-09   0.181505E-07   0.624037E-10
  5673   0.395382E-01   0.745320E-03   0.000000E+00  -0.360001E-03   0.209626E-09   0.181470E-07   0.623299E-10
  5674   0.394931E-01   0.742889E-03   0.000000E+00  -0.359932E-03   0.209512E-09   0.181434E-07   0.622556E-10
  5675   0.394478E-01   0.740470E-03   0.000000E+00  -0.359843E-03   0.209399E-09   0.181397E-07   0.621807E-10
  5676   0.394023E-01   0.738063E-03   0.000000E+00  -0.359735E-03   0.209285E-09   0.181360E-07   0.621053E-10
  5677   0.393567E-01   0.735666E-03   0.000000E+00  -0.359607E-03   0.209172E-09   0.181323E-07   0.620293E-10
  5678   0.393108E-01   0.733281E-03   0.000000E+00  -0.359460E-03   0.209059E-09   0.181285E-07   0.619528E-10
  5679   0.392647E-01   0.730907E-03   0.000000E+00  -0.359295E-03   0.208946E-09   0.181246E-07   0.618758E-10
  5680   0.392185E-01   0.728545E-03   0.000000E+00  -0.359110E-03   0.208832E-09   0.181207E-07   0.617983E-10
  5681   0.391721E-01   0.726194E-03   0.000000E+00  -0.358906E-03   0.208719E-09   0.181168E-07   0.617202E-10
  5682   0.391256E-01   0.723853E-03   0.000000E+00  -0.358684E-03   0.208606E-09   0.181128E-07   0.616417E-10
  5683   0.390787E-01   0.721524E-03   0.000000E+00  -0.358442E-03   0.208493E-09   0.181087E-07   0.615626E-10
  5684   0.390318E-01   0.719206E-03   0.000000E+00  -0.358183E-03   0.208380E-09   0.181046E-07   0.614829E-10
  5685   0.389847E-01   0.716899E-03   0.000000E+00  -0.357905E-03   0.208268E-09   0.181004E-07   0.614028E-10
  5686   0.389373E-01   0.714602E-03   0.000000E+00  -0.357609E-03   0.208155E-09   0.180962E-07   0.613222E-10
  5687   0.388899E-01   0.712317E-03   0.000000E+00  -0.357294E-03   0.208042E-09   0.180919E-07   0.612411E-10
  5688   0.388422E-01   0.710042E-03   0.000000E+00  -0.356962E-03   0.207930E-09   0.180876E-07   0.611594E-10
  5689   0.387943E-01   0.707778E-03   0.000000E+00  -0.356611E-03   0.207817E-09   0.180832E-07   0.610773E-10
  5690   0.387463E-01   0.705525E-03   0.000000E+00  -0.356243E-03   0.207704E-09   0.180788E-07   0.609947E-10
  5691   0.386981E-01   0.703283E-03   0.000000E+00  -0.355857E-03   0.207592E-09   0.180743E-07   0.609116E-10
  5692   0.386497E-01   0.701051E-03   0.000000E+00  -0.355453E-03   0.207480E-09   0.180698E-07   0.608280E-10
  5693   0.386012E-01   0.698830E-03   0.000000E+00  -0.355033E-03   0.207367E-09   0.180651E-07   0.607439E-10
  5694   0.385525E-01   0.696619E-03   0.000000E+00  -0.354595E-03   0.207255E-09   0.180605E-07   0.606593E-10
  5695   0.385036E-01   0.694419E-03   0.000000E+00  -0.354139E-03   0.207143E-09   0.180558E-07   0.605743E-10
  5696   0.384546E-01   0.692229E-03   0.000000E+00  -0.353666E-03   0.207031E-09   0.180510E-07   0.604888E-10
  5697   0.384054E-01   0.690050E-03   0.000000E+00  -0.353177E-03   0.206919E-09   0.180462E-07   0.604028E-10
  5698   0.383560E-01   0.687881E-03   0.000000E+00  -0.352670E-03   0.206807E-09   0.180413E-07   0.603163E-10
  5699   0.383064E-01   0.685722E-03   0.000000E+00  -0.352146E-03   0.206695E-09   0.180364E-07   0.602294E-10
  5700   0.382567E-01   0.683574E-03   0.000000E+00  -0.351606E-03   0.206583E-09   0.180314E-07   0.601420E-10
  5701   0.382068E-01   0.681436E-03   0.000000E+00  -0.351050E-03   0.206471E-09   0.180263E-07   0.600542E-10
  5702   0.381568E-01   0.679308E-03   0.000000E+00  -0.350477E-03   0.206359E-09   0.180212E-07   0.599659E-10
  5703   0.381067E-01   0.677190E-03   0.000000E+00  -0.349888E-03   0.206247E-09   0.180160E-07   0.598772E-10
  5704   0.380563E-01   0.675082E-03   0.000000E+00  -0.349283E-03   0.206136E-09   0.180108E-07   0.597880E-10
  5705   0.380057E-01   0.672984E-03   0.000000E+00  -0.348661E-03   0.206024E-09   0.180055E-07   0.596984E-10
  5706   0.379551E-01   0.670897E-03   0.000000E+00  -0.348023E-03   0.205913E-09   0.180001E-07   0.596083E-10
  5707   0.379043E-01   0.668819E-03   0.000000E+00  -0.347370E-03   0.205801E-09   0.179947E-07   0.595178E-10
  5708   0.378533E-01   0.666751E-03   0.000000E+00  -0.346701E-03   0.205690E-09   0.179892E-07   0.594269E-10
  5709   0.378022E-01   0.664693E-03   0.000000E+00  -0.346016E-03   0.205579E-09   0.179837E-07   0.593355E-10
  5710   0.377509E-01   0.662645E-03   0.000000E+00  -0.345316E-03   0.205467E-09   0.179781E-07   0.592437E-10
  5711   0.376994E-01   0.660606E-03   0.000000E+00  -0.344600E-03   0.205356E-09   0.179724E-07   0.591515E-10
  5712   0.376478E-01   0.658577E-03   0.000000E+00  -0.343869E-03   0.205245E-09   0.179667E-07   0.590588E-10
  5713   0.375961E-01   0.656558E-03   0.000000E+00  -0.343124E-03   0.205134E-09   0.179610E-07   0.589658E-10
  5714   0.375443E-01   0.654548E-03   0.000000E+00  -0.342363E-03   0.205023E-09   0.179551E-07   0.588723E-10
  5715   0.374922E-01   0.652548E-03   0.000000E+00  -0.341586E-03   0.204912E-09   0.179492E-07   0.587784E-10
  5716   0.374401E-01   0.650558E-03   0.000000E+00  -0.340795E-03   0.204801E-09   0.179432E-07   0.586841E-10
  5717   0.373878E-01   0.648577E-03   0.000000E+00  -0.339991E-03   0.204690E-09   0.179372E-07   0.585894E-10
  5718   0.373353E-01   0.646605E-03   0.000000E+00  -0.339170E-03   0.204579E-09   0.179311E-07   0.584943E-10
  5719   0.372827E-01   0.644643E-03   0.000000E+00  -0.338336E-03   0.204469E-09   0.179250E-07   0.583989E-10
  5720   0.372299E-01   0.642690E-03   0.000000E+00  -0.337487E-03   0.204358E-09   0.179187E-07   0.583030E-10
  5721   0.371770E-01   0.640746E-03   0.000000E+00  -0.336624E-03   0.204247E-09   0.179125E-07   0.582067E-10
  5722   0.371240E-01   0.638812E-03   0.000000E+00  -0.335747E-03   0.204137E-09   0.179061E-07   0.581100E-10
  5723   0.370708E-01   0.636886E-03   0.000000E+00  -0.334856E-03   0.204027E-09   0.178997E-07   0.580130E-10
  5724   0.370176E-01   0.634971E-03   0.000000E+00  -0.333951E-03   0.203916E-09   0.178932E-07   0.579155E-10
  5725   0.369641E-01   0.633063E-03   0.000000E+00  -0.333032E-03   0.203806E-09   0.178867E-07   0.578177E-10
  5726   0.369106E-01   0.631166E-03   0.000000E+00  -0.332100E-03   0.203696E-09   0.178801E-07   0.577196E-10
  5727   0.368568E-01   0.629277E-03   0.000000E+00  -0.331154E-03   0.203585E-09   0.178734E-07   0.576210E-10
  5728   0.368030E-01   0.627397E-03   0.000000E+00  -0.330195E-03   0.203475E-09   0.178666E-07   0.575221E-10
  5729   0.367490E-01   0.625526E-03   0.000000E+00  -0.329222E-03   0.203365E-09   0.178598E-07   0.574228E-10
  5730   0.366950E-01   0.623664E-03   0.000000E+00  -0.328236E-03   0.203255E-09   0.178530E-07   0.573232E-10
  5731   0.366407E-01   0.621810E-03   0.000000E+00  -0.327238E-03   0.203145E-09   0.178460E-07   0.572232E-10
  5732   0.365864E-01   0.619966E-03   0.000000E+00  -0.326226E-03   0.203035E-09   0.178390E-07   0.571228E-10
  5733   0.365319E-01   0.618130E-03   0.000000E+00  -0.325201E-03   0.202925E-09   0.178319E-07   0.570221E-10
  5734   0.364774E-01   0.616303E-03   0.000000E+00  -0.324164E-03   0.202816E-09   0.178248E-07   0.569210E-10
  5735   0.364226E-01   0.614484E-03   0.000000E+00  -0.323114E-03   0.202706E-09   0.178176E-07   0.568196E-10
  5736   0.363678E-01   0.612674E-03   0.000000E+00  -0.322052E-03   0.202596E-09   0.178103E-07   0.567179E-10
  5737   0.363128E-01   0.610873E-03   0.000000E+00  -0.320978E-03   0.202487E-09   0.178029E-07   0.566158E-10
  5738   0.362577E-01   0.609079E-03   0.000000E+00  -0.319890E-03   0.202377E-09   0.177955E-07   0.565134E-10
  5739   0.362025E-01   0.607295E-03   0.000000E+00  -0.318791E-03   0.202268E-09   0.177880E-07   0.564106E-10
  5740   0.361471E-01   0.605519E-03   0.000000E+00  -0.317680E-03   0.202158E-09   0.177804E-07   0.563076E-10
  5741   0.360917E-01   0.603751E-03   0.000000E+00  -0.316557E-03   0.202049E-09   0.177728E-07   0.562042E-10
  5742   0.360361E-01   0.601992E-03   0.000000E+00  -0.315422E-03   0.201940E-09   0.177651E-07   0.561005E-10
  5743   0.359805E-01   0.600240E-03   0.000000E+00  -0.314276E-03   0.201830E-09   0.177573E-07   0.559964E-10
  5744   0.359247E-01   0.598497E-03   0.000000E+00  -0.313118E-03   0.201721E-09   0.177495E-07   0.558921E-10
  5745   0.358688E-01   0.596762E-03   0.000000E+00  -0.311949E-03   0.201612E-09   0.177416E-07   0.557874E-10
  5746   0.358128E-01   0.595036E-03   0.000000E+00  -0.310768E-03   0.201503E-09   0.177336E-07   0.556824E-10
  5747   0.357567E-01   0.593317E-03   0.000000E+00  -0.309575E-03   0.201394E-09   0.177255E-07   0.555772E-10
  5748   0.357004E-01   0.591606E-03   0.000000E+00  -0.308372E-03   0.201285E-09   0.177174E-07   0.554716E-10
  5749   0.356441E-01   0.589904E-03   0.000000E+00  -0.307159E-03   0.201177E-09   0.177092E-07   0.553657E-10
  5750   0.355876E-01   0.588209E-03   0.000000E+00  -0.305933E-03   0.201068E-09   0.177009E-07   0.552595E-10
  5751   0.355311E-01   0.586522E-03   0.000000E+00  -0.304698E-03   0.200959E-09   0.176925E-07   0.551531E-10
  5752   0.354744E-01   0.584843E-03   0.000000E+00  -0.303452E-03   0.200850E-09   0.176841E-07   0.550463E-10
  5753   0.354176E-01   0.583172E-03   0.000000E+00  -0.302195E-03   0.200742E-09   0.176756E-07   0.549393E-10
  5754   0.353608E-01   0.581508E-03   0.000000E+00  -0.300928E-03   0.200633E-09   0.176670E-07   0.548320E-10
  5755   0.353038E-01   0.579852E-03   0.000000E+00  -0.299650E-03   0.200525E-09   0.176584E-07   0.547244E-10
  5756   0.352467E-01   0.578205E-03   0.000000E+00  -0.298363E-03   0.200416E-09   0.176497E-07   0.546165E-10
  5757   0.351896E-01   0.576564E-03   0.000000E+00  -0.297065E-03   0.200308E-09   0.176409E-07   0.545084E-10
  5758   0.351323E-01   0.574930E-03   0.000000E+00  -0.295758E-03   0.200200E-09   0.176320E-07   0.544000E-10
  5759   0.350749E-01   0.573305E-03   0.000000E+00  -0.294440E-03   0.200091E-09   0.176230E-07   0.542913E-10
  5760   0.350175E-01   0.571687E-03   0.000000E+00  -0.293113E-03   0.199983E-09   0.176140E-07   0.541824E-10
  5761   0.349599E-01   0.570076E-03   0.000000E+00  -0.291777E-03   0.199875E-09   0.176049E-07   0.540732E-10
  5762   0.349023E-01   0.568473E-03   0.000000E+00  -0.290430E-03   0.199767E-09   0.175957E-07   0.539637E-10
  5763   0.348446E-01   0.566877E-03   0.000000E+00  -0.289075E-03   0.199659E-09   0.175864E-07   0.538540E-10
  5764   0.347867E-01   0.565289E-03   0.000000E+00  -0.287710E-03   0.199551E-09   0.175771E-07   0.537441E-10
  5765   0.347288E-01   0.563707E-03   0.000000E+00  -0.286337E-03   0.199443E-09   0.175677E-07   0.536339E-10
  5766   0.346708E-01   0.562133E-03   0.000000E+00  -0.284954E-03   0.199336E-09   0.175582E-07   0.535234E-10
  5767   0.346127E-01   0.560566E-03   0.000000E+00  -0.283562E-03   0.199228E-09   0.175486E-07   0.534128E-10
  5768   0.345545E-01   0.559005E-03   0.000000E+00  -0.282162E-03   0.199120E-09   0.175390E-07   0.533019E-10
  5769   0.344962E-01   0.557452E-03   0.000000E+00  -0.280752E-03   0.199013E-09   0.175292E-07   0.531907E-10
  5770   0.344378E-01   0.555907E-03   0.000000E+00  -0.279335E-03   0.198905E-09   0.175194E-07   0.530793E-10
  5771   0.343795E-01   0.554367E-03   0.000000E+00  -0.277909E-03   0.198798E-09   0.175095E-07   0.529677E-10
  5772   0.343209E-01   0.552835E-03   0.000000E+00  -0.276475E-03   0.198690E-09   0.174996E-07   0.528559E-10
  5773   0.342623E-01   0.551310E-03   0.000000E+00  -0.275032E-03   0.198583E-09   0.174895E-07   0.527439E-10
  5774   0.342036E-01   0.549792E-03   0.000000E+00  -0.273581E-03   0.198476E-09   0.174794E-07   0.526316E-10
  5775   0.341449E-01   0.548280E-03   0.000000E+00  -0.272123E-03   0.198368E-09   0.174692E-07   0.525192E-10
  5776   0.340860E-01   0.546775E-03   0.000000E+00  -0.270656E-03   0.198261E-09   0.174589E-07   0.524065E-10
  5777   0.340271E-01   0.545277E-03   0.000000E+00  -0.269183E-03   0.198154E-09   0.174485E-07   0.522936E-10
  5778   0.339681E-01   0.543785E-03   0.000000E+00  -0.267701E-03   0.198047E-09   0.174381E-07   0.521805E-10
  5779   0.339090E-01   0.542299E-03   0.000000E+00  -0.266212E-03   0.197940E-09   0.174275E-07   0.520673E-10
  5780   0.338500E-01   0.540821E-03   0.000000E+00  -0.264715E-03   0.197833E-09   0.174169E-07   0.519538E-10
  5781   0.337907E-01   0.539348E-03   0.000000E+00  -0.263211E-03   0.197726E-09   0.174062E-07   0.518401E-10
  5782   0.337314E-01   0.537883E-03   0.000000E+00  -0.261700E-03   0.197619E-09   0.173954E-07   0.517263E-10
  5783   0.336721E-01   0.536423E-03   0.000000E+00  -0.260182E-03   0.197512E-09   0.173846E-07   0.516122E-10
  5784   0.336126E-01   0.534970E-03   0.000000E+00  -0.258657E-03   0.197406E-09   0.173736E-07   0.514980E-10
  5785   0.335531E-01   0.533524E-03   0.000000E+00  -0.257126E-03   0.197299E-09   0.173626E-07   0.513836E-10
  5786   0.334936E-01   0.532083E-03   0.000000E+00  -0.255587E-03   0.197193E-09   0.173515E-07   0.512690E-10
  5787   0.334340E-01   0.530649E-03   0.000000E+00  -0.254042E-03   0.197086E-09   0.173403E-07   0.511543E-10
  5788   0.333743E-01   0.529221E-03   0.000000E+00  -0.252491E-03   0.196980E-09   0.173290E-07   0.510394E-10
  5789   0.333145E-01   0.527798E-03   0.000000E+00  -0.250933E-03   0.196873E-09   0.173176E-07   0.509243E-10
  5790   0.332548E-01   0.526383E-03   0.000000E+00  -0.249369E-03   0.196767E-09   0.173061E-07   0.508090E-10
  5791   0.331949E-01   0.524972E-03   0.000000E+00  -0.247799E-03   0.196661E-09   0.172946E-07   0.506936E-10
  5792   0.331349E-01   0.523569E-03   0.000000E+00  -0.246223E-03   0.196554E-09   0.172830E-07   0.505781E-10
  5793   0.330749E-01   0.522171E-03   0.000000E+00  -0.244641E-03   0.196448E-09   0.172712E-07   0.504624E-10
  5794   0.330149E-01   0.520778E-03   0.000000E+00  -0.243053E-03   0.196342E-09   0.172594E-07   0.503465E-10
  5795   0.329548E-01   0.519392E-03   0.000000E+00  -0.241460E-03   0.196236E-09   0.172475E-07   0.502305E-10
  5796   0.328946E-01   0.518011E-03   0.000000E+00  -0.239861E-03   0.196130E-09   0.172356E-07   0.501143E-10
  5797   0.328344E-01   0.516636E-03   0.000000E+00  -0.238257E-03   0.196024E-09   0.172235E-07   0.499980E-10
  5798   0.327742E-01   0.515267E-03   0.000000E+00  -0.236648E-03   0.195918E-09   0.172113E-07   0.498816E-10
  5799   0.327139E-01   0.513904E-03   0.000000E+00  -0.235033E-03   0.195813E-09   0.171991E-07   0.497651E-10
  5800   0.326535E-01   0.512545E-03   0.000000E+00  -0.233413E-03   0.195707E-09   0.171868E-07   0.496484E-10
  5801   0.325931E-01   0.511193E-03   0.000000E+00  -0.231789E-03   0.195601E-09   0.171743E-07   0.495316E-10
  5802   0.325326E-01   0.509846E-03   0.000000E+00  -0.230159E-03   0.195496E-09   0.171618E-07   0.494146E-10
  5803   0.324721E-01   0.508505E-03   0.000000E+00  -0.228525E-03   0.195390E-09   0.171492E-07   0.492976E-10
  5804   0.324115E-01   0.507169E-03   0.000000E+00  -0.226886E-03   0.195285E-09   0.171365E-07   0.491804E-10
  5805   0.323509E-01   0.505838E-03   0.000000E+00  -0.225243E-03   0.195179E-09   0.171238E-07   0.490631E-10
  5806   0.322903E-01   0.504512E-03   0.000000E+00  -0.223595E-03   0.195074E-09   0.171109E-07   0.489457E-10
  5807   0.322296E-01   0.503192E-03   0.000000E+00  -0.221944E-03   0.194969E-09   0.170979E-07   0.488282E-10
  5808   0.321688E-01   0.501877E-03   0.000000E+00  -0.220288E-03   0.194863E-09   0.170849E-07   0.487106E-10
  5809   0.321081E-01   0.500568E-03   0.000000E+00  -0.218628E-03   0.194758E-09   0.170717E-07   0.485929E-10
  5810   0.320472E-01   0.499263E-03   0.000000E+00  -0.216964E-03   0.194653E-09   0.170585E-07   0.484751E-10
  5811   0.319864E-01   0.497963E-03   0.000000E+00  -0.215296E-03   0.194548E-09   0.170452E-07   0.483572E-10
  5812   0.319255E-01   0.496669E-03   0.000000E+00  -0.213625E-03   0.194443E-09   0.170318E-07   0.482393E-10
  5813   0.318646E-01   0.495379E-03   0.000000E+00  -0.211950E-03   0.194338E-09   0.170182E-07   0.481212E-10
  5814   0.318037E-01   0.494094E-03   0.000000E+00  -0.210272E-03   0.194233E-09   0.170046E-07   0.480031E-10
  5815   0.317426E-01   0.492815E-03   0.000000E+00  -0.208590E-03   0.194128E-09   0.169909E-07   0.478848E-10
  5816   0.316816E-01   0.491540E-03   0.000000E+00  -0.206905E-03   0.194023E-09   0.169772E-07   0.477665E-10
  5817   0.316206E-01   0.490270E-03   0.000000E+00  -0.205217E-03   0.193919E-09   0.169633E-07   0.476481E-10
  5818   0.315594E-01   0.489005E-03   0.000000E+00  -0.203527E-03   0.193814E-09   0.169493E-07   0.475297E-10
  5819   0.314983E-01   0.487744E-03   0.000000E+00  -0.201833E-03   0.193710E-09   0.169352E-07   0.474112E-10
  5820   0.314372E-01   0.486488E-03   0.000000E+00  -0.200137E-03   0.193605E-09   0.169211E-07   0.472926E-10
  5821   0.313761E-01   0.485237E-03   0.000000E+00  -0.198437E-03   0.193501E-09   0.169068E-07   0.471740E-10
  5822   0.313148E-01   0.483990E-03   0.000000E+00  -0.196736E-03   0.193396E-09   0.168924E-07   0.470553E-10
  5823   0.312536E-01   0.482747E-03   0.000000E+00  -0.195032E-03   0.193292E-09   0.168780E-07   0.469365E-10
  5824   0.311924E-01   0.481510E-03   0.000000E+00  -0.193326E-03   0.193188E-09   0.168634E-07   0.468177E-10
  5825   0.311311E-01   0.480276E-03   0.000000E+00  -0.191618E-03   0.193083E-09   0.168488E-07   0.466989E-10
  5826   0.310698E-01   0.479047E-03   0.000000E+00  -0.189907E-03   0.192979E-09   0.168340E-07   0.465800E-10
  5827   0.310084E-01   0.477822E-03   0.000000E+00  -0.188195E-03   0.192875E-09   0.168192E-07   0.464611E-10
  5828   0.309471E-01   0.476602E-03   0.000000E+00  -0.186480E-03   0.192771E-09   0.168043E-07   0.463421E-10
  5829   0.308858E-01   0.475386E-03   0.000000E+00  -0.184765E-03   0.192667E-09   0.167892E-07   0.462231E-10
  5830   0.308244E-01   0.474174E-03   0.000000E+00  -0.183048E-03   0.192563E-09   0.167741E-07   0.461041E-10
  5831   0.307631E-01   0.472966E-03   0.000000E+00  -0.181329E-03   0.192459E-09   0.167589E-07   0.459851E-10
  5832   0.307016E-01   0.471762E-03   0.000000E+00  -0.179609E-03   0.192355E-09   0.167435E-07   0.458660E-10
  5833   0.306403E-01   0.470562E-03   0.000000E+00  -0.177887E-03   0.192252E-09   0.167281E-07   0.457469E-10
  5834   0.305788E-01   0.469366E-03   0.000000E+00  -0.176165E-03   0.192148E-09   0.167126E-07   0.456278E-10
  5835   0.305174E-01   0.468175E-03   0.000000E+00  -0.174441E-03   0.192044E-09   0.166970E-07   0.455087E-10
  5836   0.304559E-01   0.466987E-03   0.000000E+00  -0.172717E-03   0.191941E-09   0.166812E-07   0.453895E-10
  5837   0.303945E-01   0.465803E-03   0.000000E+00  -0.170992E-03   0.191837E-09   0.166654E-07   0.452704E-10
  5838   0.303330E-01   0.464622E-03   0.000000E+00  -0.169266E-03   0.191734E-09   0.166495E-07   0.451513E-10
  5839   0.302716E-01   0.463446E-03   0.000000E+00  -0.167540E-03   0.191631E-09   0.166335E-07   0.450321E-10
  5840   0.302101E-01   0.462274E-03   0.000000E+00  -0.165813E-03   0.191527E-09   0.166173E-07   0.449130E-10
  5841   0.301486E-01   0.461105E-03   0.000000E+00  -0.164086E-03   0.191424E-09   0.166011E-07   0.447938E-10
  5842   0.300871E-01   0.459939E-03   0.000000E+00  -0.162359E-03   0.191321E-09   0.165848E-07   0.446747E-10
  5843   0.300256E-01   0.458778E-03   0.000000E+00  -0.160631E-03   0.191218E-09   0.165683E-07   0.445556E-10
  5844   0.299641E-01   0.457619E-03   0.000000E+00  -0.158904E-03   0.191115E-09   0.165518E-07   0.444365E-10
  5845   0.299027E-01   0.456465E-03   0.000000E+00  -0.157178E-03   0.191011E-09   0.165352E-07   0.443174E-10
  5846   0.298412E-01   0.455313E-03   0.000000E+00  -0.155450E-03   0.190909E-09   0.165184E-07   0.441984E-10
  5847   0.297797E-01   0.454165E-03   0.000000E+00  -0.153724E-03   0.190806E-09   0.165016E-07   0.440794E-10
  5848   0.297182E-01   0.453020E-03   0.000000E+00  -0.151998E-03   0.190703E-09   0.164847E-07   0.439604E-10
  5849   0.296568E-01   0.451879E-03   0.000000E+00  -0.150273E-03   0.190600E-09   0.164676E-07   0.438414E-10
  5850   0.295953E-01   0.450741E-03   0.000000E+00  -0.148548E-03   0.190497E-09   0.164505E-07   0.437225E-10
  5851   0.295338E-01   0.449606E-03   0.000000E+00  -0.146825E-03   0.190395E-09   0.164332E-07   0.436036E-10
  5852   0.294724E-01   0.448475E-03   0.000000E+00  -0.145103E-03   0.190292E-09   0.164158E-07   0.434847E-10
  5853   0.294109E-01   0.447346E-03   0.000000E+00  -0.143381E-03   0.190189E-09   0.163984E-07   0.433660E-10
  5854   0.293495E-01   0.446220E-03   0.000000E+00  -0.141661E-03   0.190087E-09   0.163808E-07   0.432472E-10
  5855   0.292880E-01   0.445097E-03   0.000000E+00  -0.139942E-03   0.189984E-09   0.163631E-07   0.431285E-10
  5856   0.292266E-01   0.443978E-03   0.000000E+00  -0.138224E-03   0.189882E-09   0.163453E-07   0.430099E-10
  5857   0.291653E-01   0.442861E-03   0.000000E+00  -0.136509E-03   0.189780E-09   0.163274E-07   0.428913E-10
  5858   0.291039E-01   0.441748E-03   0.000000E+00  -0.134794E-03   0.189677E-09   0.163095E-07   0.427728E-10
  5859   0.290425E-01   0.440637E-03   0.000000E+00  -0.133081E-03   0.189575E-09   0.162914E-07   0.426543E-10
  5860   0.289811E-01   0.439529E-03   0.000000E+00  -0.131371E-03   0.189473E-09   0.162731E-07   0.425360E-10
  5861   0.289199E-01   0.438424E-03   0.000000E+00  -0.129662E-03   0.189371E-09   0.162548E-07   0.424176E-10
  5862   0.288586E-01   0.437321E-03   0.000000E+00  -0.127955E-03   0.189269E-09   0.162364E-07   0.422994E-10
  5863   0.287973E-01   0.436221E-03   0.000000E+00  -0.126251E-03   0.189167E-09   0.162179E-07   0.421813E-10
  5864   0.287359E-01   0.435123E-03   0.000000E+00  -0.124549E-03   0.189065E-09   0.161992E-07   0.420632E-10
  5865   0.286747E-01   0.434028E-03   0.000000E+00  -0.122850E-03   0.188963E-09   0.161805E-07   0.419452E-10
  5866   0.286135E-01   0.432936E-03   0.000000E+00  -0.121154E-03   0.188862E-09   0.161616E-07   0.418273E-10
  5867   0.285523E-01   0.431846E-03   0.000000E+00  -0.119459E-03   0.188760E-09   0.161427E-07   0.417095E-10
  5868   0.284911E-01   0.430759E-03   0.000000E+00  -0.117769E-03   0.188658E-09   0.161236E-07   0.415918E-10
  5869   0.284300E-01   0.429673E-03   0.000000E+00  -0.116080E-03   0.188557E-09   0.161044E-07   0.414742E-10
  5870   0.283689E-01   0.428591E-03   0.000000E+00  -0.114395E-03   0.188455E-09   0.160851E-07   0.413567E-10
  5871   0.283078E-01   0.427510E-03   0.000000E+00  -0.112713E-03   0.188354E-09   0.160657E-07   0.412393E-10
  5872   0.282467E-01   0.426432E-03   0.000000E+00  -0.111034E-03   0.188252E-09   0.160462E-07   0.411220E-10
  5873   0.281857E-01   0.425356E-03   0.000000E+00  -0.109360E-03   0.188151E-09   0.160265E-07   0.410049E-10
  5874   0.281247E-01   0.424281E-03   0.000000E+00  -0.107687E-03   0.188049E-09   0.160068E-07   0.408878E-10
  5875   0.280637E-01   0.423210E-03   0.000000E+00  -0.106019E-03   0.187948E-09   0.159870E-07   0.407709E-10
  5876   0.280028E-01   0.422140E-03   0.000000E+00  -0.104355E-03   0.187847E-09   0.159670E-07   0.406540E-10
  5877   0.279419E-01   0.421072E-03   0.000000E+00  -0.102695E-03   0.187746E-09   0.159469E-07   0.405374E-10
  5878   0.278811E-01   0.420006E-03   0.000000E+00  -0.101038E-03   0.187645E-09   0.159267E-07   0.404208E-10
  5879   0.278203E-01   0.418942E-03   0.000000E+00  -0.993859E-04   0.187544E-09   0.159064E-07   0.403044E-10
  5880   0.277595E-01   0.417880E-03   0.000000E+00  -0.977383E-04   0.187443E-09   0.158860E-07   0.401881E-10
  5881   0.276988E-01   0.416820E-03   0.000000E+00  -0.960943E-04   0.187342E-09   0.158655E-07   0.400719E-10
  5882   0.276381E-01   0.415761E-03   0.000000E+00  -0.944546E-04   0.187241E-09   0.158448E-07   0.399559E-10
  5883   0.275774E-01   0.414704E-03   0.000000E+00  -0.928201E-04   0.187140E-09   0.158241E-07   0.398400E-10
  5884   0.275168E-01   0.413649E-03   0.000000E+00  -0.911899E-04   0.187039E-09   0.158032E-07   0.397243E-10
  5885   0.274563E-01   0.412595E-03   0.000000E+00  -0.895649E-04   0.186939E-09   0.157822E-07   0.396087E-10
  5886   0.273957E-01   0.411543E-03   0.000000E+00  -0.879451E-04   0.186838E-09   0.157611E-07   0.394933E-10
  5887   0.273353E-01   0.410492E-03   0.000000E+00  -0.863297E-04   0.186738E-09   0.157399E-07   0.393781E-10
  5888   0.272749E-01   0.409443E-03   0.000000E+00  -0.847196E-04   0.186637E-09   0.157186E-07   0.392630E-10
  5889   0.272145E-01   0.408396E-03   0.000000E+00  -0.831147E-04   0.186537E-09   0.156971E-07   0.391481E-10
  5890   0.271542E-01   0.407350E-03   0.000000E+00  -0.815152E-04   0.186436E-09   0.156756E-07   0.390333E-10
  5891   0.270940E-01   0.406305E-03   0.000000E+00  -0.799217E-04   0.186336E-09   0.156539E-07   0.389187E-10
  5892   0.270338E-01   0.405261E-03   0.000000E+00  -0.783327E-04   0.186236E-09   0.156321E-07   0.388043E-10
  5893   0.269736E-01   0.404219E-03   0.000000E+00  -0.767507E-04   0.186135E-09   0.156102E-07   0.386901E-10
  5894   0.269134E-01   0.403177E-03   0.000000E+00  -0.751741E-04   0.186035E-09   0.155881E-07   0.385760E-10
  5895   0.268534E-01   0.402137E-03   0.000000E+00  -0.736028E-04   0.185935E-09   0.155660E-07   0.384622E-10
  5896   0.267934E-01   0.401098E-03   0.000000E+00  -0.720385E-04   0.185835E-09   0.155437E-07   0.383485E-10
  5897   0.267335E-01   0.400060E-03   0.000000E+00  -0.704797E-04   0.185735E-09   0.155213E-07   0.382350E-10
  5898   0.266736E-01   0.399024E-03   0.000000E+00  -0.689279E-04   0.185635E-09   0.154988E-07   0.381217E-10
  5899   0.266138E-01   0.397988E-03   0.000000E+00  -0.673824E-04   0.185536E-09   0.154762E-07   0.380086E-10
  5900   0.265541E-01   0.396953E-03   0.000000E+00  -0.658431E-04   0.185436E-09   0.154535E-07   0.378958E-10
  5901   0.264944E-01   0.395918E-03   0.000000E+00  -0.643102E-04   0.185336E-09   0.154306E-07   0.377831E-10
  5902   0.264348E-01   0.394886E-03   0.000000E+00  -0.627849E-04   0.185236E-09   0.154076E-07   0.376706E-10
  5903   0.263752E-01   0.393853E-03   0.000000E+00  -0.612651E-04   0.185137E-09   0.153845E-07   0.375583E-10
  5904   0.263158E-01   0.392822E-03   0.000000E+00  -0.597528E-04   0.185037E-09   0.153613E-07   0.374463E-10
  5905   0.262564E-01   0.391791E-03   0.000000E+00  -0.582472E-04   0.184938E-09   0.153380E-07   0.373344E-10
  5906   0.261970E-01   0.390761E-03   0.000000E+00  -0.567475E-04   0.184838E-09   0.153145E-07   0.372227E-10
  5907   0.261377E-01   0.389732E-03   0.000000E+00  -0.552550E-04   0.184739E-09   0.152910E-07   0.371112E-10
  5908   0.260785E-01   0.388704E-03   0.000000E+00  -0.537690E-04   0.184639E-09   0.152673E-07   0.369999E-10
  5909   0.260193E-01   0.387677E-03   0.000000E+00  -0.522900E-04   0.184540E-09   0.152435E-07   0.368888E-10
  5910   0.259602E-01   0.386651E-03   0.000000E+00  -0.508172E-04   0.184441E-09   0.152196E-07   0.367778E-10
  5911   0.259013E-01   0.385626E-03   0.000000E+00  -0.493513E-04   0.184342E-09   0.151957E-07   0.366671E-10
  5912   0.258423E-01   0.384601E-03   0.000000E+00  -0.478915E-04   0.184243E-09   0.151716E-07   0.365566E-10
  5913   0.257834E-01   0.383577E-03   0.000000E+00  -0.464391E-04   0.184143E-09   0.151474E-07   0.364462E-10
  5914   0.257246E-01   0.382555E-03   0.000000E+00  -0.449926E-04   0.184044E-09   0.151230E-07   0.363360E-10
  5915   0.256659E-01   0.381533E-03   0.000000E+00  -0.435533E-04   0.183945E-09   0.150986E-07   0.362260E-10
  5916   0.256072E-01   0.380512E-03   0.000000E+00  -0.421204E-04   0.183846E-09   0.150741E-07   0.361161E-10
  5917   0.255487E-01   0.379492E-03   0.000000E+00  -0.406939E-04   0.183748E-09   0.150495E-07   0.360064E-10
  5918   0.254902E-01   0.378473E-03   0.000000E+00  -0.392744E-04   0.183649E-09   0.150248E-07   0.358969E-10
  5919   0.254318E-01   0.377455E-03   0.000000E+00  -0.378609E-04   0.183550E-09   0.150000E-07   0.357876E-10
  5920   0.253734E-01   0.376437E-03   0.000000E+00  -0.364543E-04   0.183451E-09   0.149751E-07   0.356784E-10
  5921   0.253151E-01   0.375421E-03   0.000000E+00  -0.350544E-04   0.183353E-09   0.149501E-07   0.355694E-10
  5922   0.252570E-01   0.374406E-03   0.000000E+00  -0.336610E-04   0.183254E-09   0.149250E-07   0.354606E-10
  5923   0.251989E-01   0.373391E-03   0.000000E+00  -0.322742E-04   0.183155E-09   0.148998E-07   0.353519E-10
  5924   0.251408E-01   0.372377E-03   0.000000E+00  -0.308938E-04   0.183057E-09   0.148745E-07   0.352434E-10
  5925   0.250829E-01   0.371364E-03   0.000000E+00  -0.295204E-04   0.182958E-09   0.148491E-07   0.351350E-10
  5926   0.250250E-01   0.370352E-03   0.000000E+00  -0.281533E-04   0.182860E-09   0.148236E-07   0.350268E-10
  5927   0.249672E-01   0.369342E-03   0.000000E+00  -0.267931E-04   0.182761E-09   0.147981E-07   0.349187E-10
  5928   0.249095E-01   0.368331E-03   0.000000E+00  -0.254389E-04   0.182663E-09   0.147724E-07   0.348108E-10
  5929   0.248519E-01   0.367323E-03   0.000000E+00  -0.240914E-04   0.182565E-09   0.147467E-07   0.347030E-10
  5930   0.247943E-01   0.366314E-03   0.000000E+00  -0.227513E-04   0.182466E-09   0.147209E-07   0.345954E-10
  5931   0.247369E-01   0.365307E-03   0.000000E+00  -0.214169E-04   0.182368E-09   0.146950E-07   0.344879E-10
  5932   0.246795E-01   0.364300E-03   0.000000E+00  -0.200889E-04   0.182270E-09   0.146690E-07   0.343806E-10
  5933   0.246222E-01   0.363295E-03   0.000000E+00  -0.187680E-04   0.182172E-09   0.146430E-07   0.342734E-10
  5934   0.245650E-01   0.362290E-03   0.000000E+00  -0.174533E-04   0.182073E-09   0.146168E-07   0.341663E-10
  5935   0.245079E-01   0.361286E-03   0.000000E+00  -0.161455E-04   0.181975E-09   0.145906E-07   0.340594E-10
  5936   0.244509E-01   0.360284E-03   0.000000E+00  -0.148438E-04   0.181877E-09   0.145643E-07   0.339526E-10
  5937   0.243940E-01   0.359281E-03   0.000000E+00  -0.135495E-04   0.181779E-09   0.145379E-07   0.338460E-10
  5938   0.243371E-01   0.358281E-03   0.000000E+00  -0.122610E-04   0.181681E-09   0.145115E-07   0.337394E-10
  5939   0.242804E-01   0.357280E-03   0.000000E+00  -0.109791E-04   0.181583E-09   0.144850E-07   0.336330E-10
  5940   0.242237E-01   0.356282E-03   0.000000E+00  -0.970353E-05   0.181485E-09   0.144584E-07   0.335267E-10
  5941   0.241672E-01   0.355284E-03   0.000000E+00  -0.843506E-05   0.181387E-09   0.144317E-07   0.334206E-10
  5942   0.241107E-01   0.354287E-03   0.000000E+00  -0.717282E-05   0.181290E-09   0.144050E-07   0.333146E-10
  5943   0.240543E-01   0.353290E-03   0.000000E+00  -0.591671E-05   0.181192E-09   0.143782E-07   0.332086E-10
  5944   0.239980E-01   0.352294E-03   0.000000E+00  -0.466739E-05   0.181094E-09   0.143513E-07   0.331028E-10
  5945   0.239419E-01   0.351300E-03   0.000000E+00  -0.342476E-05   0.180996E-09   0.143243E-07   0.329972E-10
  5946   0.238858E-01   0.350307E-03   0.000000E+00  -0.218873E-05   0.180898E-09   0.142973E-07   0.328916E-10
  5947   0.238297E-01   0.349315E-03   0.000000E+00  -0.958464E-06   0.180801E-09   0.142703E-07   0.327861E-10
  5948   0.237738E-01   0.348323E-03   0.000000E+00   0.264645E-06   0.180703E-09   0.142431E-07   0.326808E-10
  5949   0.237181E-01   0.347332E-03   0.000000E+00   0.148143E-05   0.180605E-09   0.142159E-07   0.325755E-10
  5950   0.236623E-01   0.346342E-03   0.000000E+00   0.269125E-05   0.180508E-09   0.141887E-07   0.324704E-10
  5951   0.236067E-01   0.345353E-03   0.000000E+00   0.389494E-05   0.180410E-09   0.141613E-07   0.323654E-10
  5952   0.235513E-01   0.344366E-03   0.000000E+00   0.509258E-05   0.180313E-09   0.141340E-07   0.322604E-10
  5953   0.234958E-01   0.343379E-03   0.000000E+00   0.628353E-05   0.180215E-09   0.141065E-07   0.321556E-10
  5954   0.234405E-01   0.342393E-03   0.000000E+00   0.746788E-05   0.180118E-09   0.140790E-07   0.320509E-10
  5955   0.233853E-01   0.341408E-03   0.000000E+00   0.864573E-05   0.180020E-09   0.140515E-07   0.319462E-10
  5956   0.233302E-01   0.340424E-03   0.000000E+00   0.981716E-05   0.179923E-09   0.140239E-07   0.318417E-10
  5957   0.232752E-01   0.339440E-03   0.000000E+00   0.109815E-04   0.179825E-09   0.139962E-07   0.317372E-10
  5958   0.232204E-01   0.338458E-03   0.000000E+00   0.121404E-04   0.179728E-09   0.139685E-07   0.316328E-10
  5959   0.231655E-01   0.337477E-03   0.000000E+00   0.132924E-04   0.179631E-09   0.139408E-07   0.315285E-10
  5960   0.231109E-01   0.336497E-03   0.000000E+00   0.144377E-04   0.179533E-09   0.139130E-07   0.314243E-10
  5961   0.230563E-01   0.335517E-03   0.000000E+00   0.155769E-04   0.179436E-09   0.138851E-07   0.313202E-10
  5962   0.230018E-01   0.334539E-03   0.000000E+00   0.167096E-04   0.179339E-09   0.138572E-07   0.312162E-10
  5963   0.229475E-01   0.333562E-03   0.000000E+00   0.178358E-04   0.179241E-09   0.138293E-07   0.311122E-10
  5964   0.228932E-01   0.332585E-03   0.000000E+00   0.189556E-04   0.179144E-09   0.138013E-07   0.310083E-10
  5965   0.228390E-01   0.331610E-03   0.000000E+00   0.200683E-04   0.179047E-09   0.137732E-07   0.309045E-10
  5966   0.227850E-01   0.330636E-03   0.000000E+00   0.211755E-04   0.178950E-09   0.137452E-07   0.308008E-10
  5967   0.227311E-01   0.329662E-03   0.000000E+00   0.222758E-04   0.178853E-09   0.137170E-07   0.306971E-10
  5968   0.226773E-01   0.328689E-03   0.000000E+00   0.233702E-04   0.178755E-09   0.136889E-07   0.305935E-10
  5969   0.226236E-01   0.327718E-03   0.000000E+00   0.244578E-04   0.178658E-09   0.136607E-07   0.304899E-10
  5970   0.225700E-01   0.326747E-03   0.000000E+00   0.255388E-04   0.178561E-09   0.136325E-07   0.303865E-10
  5971   0.225165E-01   0.325777E-03   0.000000E+00   0.266133E-04   0.178464E-09   0.136042E-07   0.302830E-10
  5972   0.224632E-01   0.324809E-03   0.000000E+00   0.276814E-04   0.178367E-09   0.135759E-07   0.301797E-10
  5973   0.224099E-01   0.323841E-03   0.000000E+00   0.287432E-04   0.178270E-09   0.135476E-07   0.300764E-10
  5974   0.223568E-01   0.322874E-03   0.000000E+00   0.297988E-04   0.178173E-09   0.135192E-07   0.299732E-10
  5975   0.223038E-01   0.321909E-03   0.000000E+00   0.308482E-04   0.178076E-09   0.134908E-07   0.298700E-10
  5976   0.222509E-01   0.320944E-03   0.000000E+00   0.318909E-04   0.177979E-09   0.134624E-07   0.297668E-10
  5977   0.221981E-01   0.319980E-03   0.000000E+00   0.329268E-04   0.177882E-09   0.134339E-07   0.296637E-10
  5978   0.221455E-01   0.319017E-03   0.000000E+00   0.339569E-04   0.177785E-09   0.134054E-07   0.295607E-10
  5979   0.220929E-01   0.318055E-03   0.000000E+00   0.349805E-04   0.177688E-09   0.133769E-07   0.294577E-10
  5980   0.220405E-01   0.317095E-03   0.000000E+00   0.359977E-04   0.177591E-09   0.133484E-07   0.293548E-10
  5981   0.219882E-01   0.316135E-03   0.000000E+00   0.370086E-04   0.177494E-09   0.133198E-07   0.292518E-10
  5982   0.219361E-01   0.315176E-03   0.000000E+00   0.380125E-04   0.177397E-09   0.132913E-07   0.291490E-10
  5983   0.218840E-01   0.314218E-03   0.000000E+00   0.390103E-04   0.177300E-09   0.132627E-07   0.290461E-10
  5984   0.218320E-01   0.313261E-03   0.000000E+00   0.400023E-04   0.177203E-09   0.132340E-07   0.289433E-10
  5985   0.217802E-01   0.312305E-03   0.000000E+00   0.409875E-04   0.177106E-09   0.132054E-07   0.288406E-10
  5986   0.217285E-01   0.311350E-03   0.000000E+00   0.419664E-04   0.177009E-09   0.131767E-07   0.287378E-10
  5987   0.216770E-01   0.310396E-03   0.000000E+00   0.429389E-04   0.176912E-09   0.131480E-07   0.286351E-10
  5988   0.216255E-01   0.309443E-03   0.000000E+00   0.439051E-04   0.176815E-09   0.131194E-07   0.285324E-10
  5989   0.215742E-01   0.308491E-03   0.000000E+00   0.448649E-04   0.176718E-09   0.130906E-07   0.284298E-10
  5990   0.215230E-01   0.307540E-03   0.000000E+00   0.458183E-04   0.176621E-09   0.130619E-07   0.283272E-10
  5991   0.214720E-01   0.306590E-03   0.000000E+00   0.467654E-04   0.176525E-09   0.130332E-07   0.282245E-10
  5992   0.214211E-01   0.305641E-03   0.000000E+00   0.477062E-04   0.176428E-09   0.130044E-07   0.281219E-10
  5993   0.213702E-01   0.304693E-03   0.000000E+00   0.486406E-04   0.176331E-09   0.129757E-07   0.280194E-10
  5994   0.213196E-01   0.303746E-03   0.000000E+00   0.495687E-04   0.176234E-09   0.129469E-07   0.279168E-10
  5995   0.212691E-01   0.302801E-03   0.000000E+00   0.504904E-04   0.176137E-09   0.129182E-07   0.278142E-10
  5996   0.212187E-01   0.301856E-03   0.000000E+00   0.514058E-04   0.176040E-09   0.128894E-07   0.277117E-10
  5997   0.211684E-01   0.300912E-03   0.000000E+00   0.523149E-04   0.175943E-09   0.128606E-07   0.276092E-10
  5998   0.211182E-01   0.299969E-03   0.000000E+00   0.532177E-04   0.175846E-09   0.128318E-07   0.275066E-10
  5999   0.210682E-01   0.299027E-03   0.000000E+00   0.541141E-04   0.175750E-09   0.128030E-07   0.274041E-10
  6000   0.210183E-01   0.298086E-03   0.000000E+00   0.550042E-04   0.175653E-09   0.127743E-07   0.273016E-10
